content_id,dandiset_id,asset_path,groups,datasets,cophenetic_index,mean_out_degree,max_out_degree,variance_out_degree,n_internal_nodes,size_bytes,number_of_requests,number_of_downloads,requests_censored
0008b944-8e95-4cad-807d-74f5a5156323,001169,sub-M036/sub-M036_ses-RWTautowait2-20210804-140122.nwb,32,116,2974,5.444444444444445,31,46.46913580246915,27,1460940,100.0,25.0,1
0010d8bb-b651-4747-b650-e78f193422c9,000971,sub-028-392/sub-028-392_ses-FP-PR-2020-06-29T12-58-05.nwb,24,50,635,3.65,13,14.8275,20,224360,120.0,80.0,0
001366a1-3cd2-4ee0-a74b-b590d4694036,001169,sub-L011/sub-L011_ses-RWTautowait2-20220413-154040.nwb,32,117,3004,5.481481481481482,31,46.397805212620035,27,1112041,80.0,25.0,1
0013c8ec-fc47-4968-8fac-e155c84d076e,000467,sub-ant1-m10-d6-y2022/sub-ant1-m10-d6-y2022_ses-m10-d6-y2022-ant1-0-48x-ethylpyrazine-40-t146-z50um_ophys.nwb,22,48,624,4.176470588235294,13,14.615916955017303,17,84086336,740.0,200.0,0
001c2f7e-225b-4641-927f-17465248a69c,001169,sub-G063/sub-G063_ses-RWTautowait2-20220218-134540.nwb,32,117,3004,5.481481481481482,31,46.397805212620035,27,1029074,200.0,25.0,1
0020f960-db55-42f8-b7cb-b8280ef1167c,001550,sub-P059/sub-P059_ses-TaskSwitch4-170525a.nwb,35,112,2625,4.709677419354839,38,47.36732570239335,31,1621665,160.0,25.0,1
0025aaa3-a074-447a-bb8d-f1cbbb334167,001169,sub-S029/sub-S029_ses-RWTautowait2-20220425-101234.nwb,32,117,3004,5.481481481481482,31,46.397805212620035,27,866075,80.0,25.0,1
002ff18b-5936-4c4c-b58c-635a17648fb9,001634,sub-Frodo/sub-Frodo_ses-1_obj-1i0hrs8_ecephys.nwb,254,69,23960,3.0782608695652174,38,25.724310018903594,115,710640,760.0,160.0,0
003c6114-2d14-43ec-9acb-3d21e9703394,000020,sub-712195521/sub-712195521_ses-715102933_icephys.nwb,219,878,173775,5.810185185185185,79,67.29267403978048,216,49302897,41840.0,420.0,0
00515545-104a-4df1-8c11-a4afdbb3f4dd,000336,sub-655042/sub-655042_ses-1241145430-acq-1241919401-raw-movies_ophys.nwb,66,257,14455,5.483333333333333,30,42.11638888888887,60,19775298038,1040.0,25.0,1
005a769e-65ab-4727-b8e2-eeb8bed416e6,000037,sub-433448/sub-433448_ses-826819032_obj-raw_behavior+image+ophys.nwb,46,109,2333,3.8372093023255816,33,26.55489453758788,43,47381116424,33320.0,80.0,0
006bdea6-697c-4d8d-8111-07350b96f2f8,000467,sub-ant2-m4-d27-y2022/sub-ant2-m4-d27-y2022_ses-m4-d27-y2022-ant2-0-0075x-4-methyl-3-heptanol-40-t172-z5um_ophys.nwb,22,48,624,4.176470588235294,13,14.615916955017303,17,84086336,500.0,120.0,0
007193f7-bc30-4164-a138-db4acdf23cf2,000246,sub-AAV-CaMPARI1-C8/sub-AAV-CaMPARI1-C8_obj-thez1q_ophys.nwb,31,41,560,3.8421052631578947,13,14.027700831024932,19,8564888,60.0,25.0,1
00738e12-f721-4809-bda0-8fdab1cea5f1,001550,sub-P101/sub-P101_ses-TaskSwitch4-180425a.nwb,35,112,2625,4.709677419354839,38,47.36732570239335,31,1296271,80.0,25.0,1
0077bf2e-cc7d-4e0f-a5d4-c091624bfd95,000336,sub-621603/sub-621603_ses-1196185776-acq-1196255529_ophys.nwb,68,391,46939,7.349206349206349,30,55.052658100277164,63,90097500,1000.0,25.0,1
0079d25c-9422-4152-bb99-14bb3cb9e20a,001550,sub-P049/sub-P049_ses-TaskSwitch4-160713a.nwb,35,112,2625,4.709677419354839,38,47.36732570239335,31,1035681,25.0,25.0,1
0079fe6b-2e4e-4db9-af8b-41db3a34bc73,001836,sub-julio/sub-julio_ses-julio-20230731_obj-6iwouk.nwb,103,84,1949,2.7777777777777777,65,53.68395061728392,90,1321426,80.0,25.0,1
007a3748-335a-46ac-86e0-0f9f3a1e4d66,000773,sub-ant1-m1-d17-y2023/sub-ant1-m1-d17-y2023_ses-m1-d17-y2023-ant1-0-03x-4-methyl-3-heptanol-40-t143-z130um_ophys.nwb,22,48,624,4.176470588235294,13,14.615916955017303,17,84086336,660.0,180.0,0
0080cce2-6754-4156-b49e-48afea945c23,000959,sub-T/sub-T_ses-20220610_obj-11yykw5_behavior.nwb,40,261,23864,8.333333333333334,15,33.00000000000001,36,17547072,280.0,60.0,0
0081e795-4126-4850-a75d-91f9e0e94476,001550,sub-P101/sub-P101_ses-TaskSwitch4-170623a.nwb,35,112,2625,4.709677419354839,38,47.36732570239335,31,1171027,100.0,25.0,1
00894d24-559c-4d2a-8b48-fa9cea968337,000959,sub-T/sub-T_ses-20211222_obj-64qzbd_behavior.nwb,42,289,30304,8.68421052631579,17,33.63711911357342,38,17580544,360.0,60.0,0
00913bd9-dc8a-4fdc-9ae2-88b995b683ce,000336,sub-655580/sub-655580_ses-1245775426-acq-1245923078-denoised-movies_ophys.nwb,72,283,15946,5.5,30,39.43181818181818,66,39428919882,1720.0,25.0,1
00919412-d5cb-453e-a2c4-e00ffd26a2f2,000467,sub-ant1-m4-d21-y2022/sub-ant1-m4-d21-y2022_ses-m4-d21-y2022-ant1-1x-paraffin-oil-40-t122-z55um_ophys.nwb,22,48,624,4.176470588235294,13,14.615916955017303,17,84086336,700.0,180.0,0
0093bf82-b5b0-4277-8d64-e3a5c2def87a,000773,sub-ant1-m2-d24-y2023/sub-ant1-m2-d24-y2023_ses-m2-d24-y2023-ant1-0-48x-ethylyprazine-40-t135-z35um_ophys.nwb,22,48,624,4.176470588235294,13,14.615916955017303,17,84086336,620.0,160.0,0
00961224-5085-46bf-a144-e5dc53bb0fe6,001550,sub-P074/sub-P074_ses-TaskSwitch4-161015a.nwb,35,112,2625,4.709677419354839,38,47.36732570239335,31,1145742,100.0,25.0,1
0099c3fa-4002-44c0-b00d-23a7b843c91d,001169,sub-J008/sub-J008_ses-RWTautowait2-20201103-132444.nwb,32,117,3004,5.481481481481482,31,46.397805212620035,27,1554764,100.0,25.0,1
00be7e41-50ea-4363-8ddb-741956c26a7b,000467,sub-ant1-m4-d26-y2022/sub-ant1-m4-d26-y2022_ses-m4-d26-y2022-ant1-0-03x-4-methyl-3-heptanone-40-t139-z130um_ophys.nwb,22,48,624,4.176470588235294,13,14.615916955017303,17,84086336,680.0,180.0,0
00bf5167-91ec-48a6-a37c-0c9c18d1ee79,001169,sub-G040/sub-G040_ses-RWTautowait2-20210920-141102.nwb,32,117,3004,5.481481481481482,31,46.397805212620035,27,1476615,60.0,25.0,1
00c2cc03-79a9-49fe-b0c0-229f6a52c39e,000773,sub-ant1-m1-d20-y2023/sub-ant1-m1-d20-y2023_ses-m1-d20-y2023-ant1-1x-paraffin-oil-40-t122-z50um_ophys.nwb,22,48,624,4.176470588235294,13,14.615916955017303,17,84086336,640.0,180.0,0
00c49d88-ac72-4a7b-9806-67f596410cf5,001634,sub-Frodo/sub-Frodo_ses-5_obj-skp253_ecephys.nwb,252,78,23436,3.139130434782609,36,25.389338374291118,115,887640,100.0,25.0,1
00d33c92-18ee-476a-b51c-99eecfc3db33,001169,sub-M038/sub-M038_ses-RWTautowait2-20211022-141622.nwb,32,116,2974,5.444444444444445,31,46.46913580246915,27,1415763,100.0,25.0,1
00d54796-39cd-4f73-a51e-93f3fd74f8aa,001526,sub-CHO-20250506-c1/sub-CHO-20250506-c1_ses-session-2025-05-06_obj-1p6kd4r_image.nwb,17,38,431,4.153846153846154,13,13.668639053254442,13,34637932,120.0,25.0,1
00da1128-d1ef-4d2e-8986-ebd9984e6533,000467,sub-ant3-m4-d21-y2022/sub-ant3-m4-d21-y2022_ses-m4-d21-y2022-ant3-0-48x-4-methyl-3-heptanol-40-t149-z35um_ophys.nwb,22,48,624,4.176470588235294,13,14.615916955017303,17,84086336,680.0,160.0,0
00db434a-0e94-4c79-9637-99499fc388ea,000467,sub-ant2-m4-d20-y2022/sub-ant2-m4-d20-y2022_ses-m4-d20-y2022-ant2-1x-isopropanol-40-t128-z160um_ophys.nwb,22,48,624,4.176470588235294,13,14.615916955017303,17,84086336,680.0,180.0,0
00e45ee1-8854-4c2b-b705-bb48872fac1e,000711,sub-421136/sub-421136_ses-20181112T145236_image.nwb,48,119,2682,3.7954545454545454,26,27.571797520661153,44,66750303,360.0,60.0,0
00e691c2-240d-4c00-9e27-56bbace57f41,001550,sub-P074/sub-P074_ses-TaskSwitch4-180228a.nwb,35,112,2625,4.709677419354839,38,47.36732570239335,31,1671247,60.0,25.0,1
00ed5b62-4869-4033-92af-2b6a45c15bc3,001550,sub-P189/sub-P189_ses-TaskSwitch6-200125a.nwb,33,110,2570,4.896551724137931,38,49.74791914387635,29,965730,80.0,25.0,1
00ee6218-496b-44e2-85b8-e050c59a74d2,000570,sub-907501068/sub-907501068_ses-912063850_icephys.nwb,168,667,92969,5.751515151515152,57,52.84128558310377,165,25088223,26840.0,380.0,0
00fdbb0f-f39c-4ab5-a9c5-ff0679d603ae,000773,sub-ant1-m1-d17-y2023/sub-ant1-m1-d17-y2023_ses-m1-d17-y2023-ant1-1x-paraffin-oil-40-t122-z135um_ophys.nwb,22,48,624,4.176470588235294,13,14.615916955017303,17,84086336,640.0,180.0,0
0100b938-3437-4663-b464-fe6004d3730a,000351,sub-HJ-FP-M4/sub-HJ-FP-M4_ses-Day66-extinction.nwb,25,49,554,3.3181818181818183,13,9.489669421487603,22,21762776,240.0,60.0,0
0100fdff-129e-48cc-b36a-8715c84d9c9d,000711,sub-484631/sub-484631_ses-20191101T145352_image.nwb,50,156,5473,4.478260869565218,24,34.72778827977316,46,196090162,280.0,25.0,1
0102ba49-8f95-4970-866c-2ca5b2d550dd,001550,sub-P055/sub-P055_ses-TaskSwitch4-160528a.nwb,35,112,2625,4.709677419354839,38,47.36732570239335,31,730717,25.0,25.0,1
01050afe-b466-4ce2-8a35-ccfcf2be3262,000951,sub-LC9-fly5/sub-LC9-fly5_ses-(-LC9-fly5-170614-1603--).nwb,18,33,433,3.8461538461538463,13,13.822485207100591,13,187360,440.0,180.0,0
01056498-1fd5-4fd5-8d3d-b4c70a111f0d,001347,sub-mouse/sub-mouse_ses-971_behavior.nwb,17,36,413,4.0,13,13.692307692307692,13,2783088,80.0,40.0,0
01065a42-572a-4bb7-b15c-70de91b038a9,001169,sub-G046/sub-G046_ses-RWTautowait2-20211109-133710.nwb,32,117,3004,5.481481481481482,31,46.397805212620035,27,892158,100.0,25.0,1
0107f200-3335-4458-9854-934806cd00e9,000773,sub-ant5-m1-d11-y2023/sub-ant5-m1-d11-y2023_ses-m1-d11-y2023-ant5-0-03x-propionic-acid-40-t227-z90um_ophys.nwb,22,48,624,4.176470588235294,13,14.615916955017303,17,84086336,660.0,180.0,0
01129167-4c08-40e7-8170-16bfa1e967e1,000467,sub-ant2-m4-d26-y2022/sub-ant2-m4-d26-y2022_ses-m4-d26-y2022-ant2-0-03x-4-methyl-3-hexanol-40-t162-z155um_ophys.nwb,22,48,624,4.176470588235294,13,14.615916955017303,17,84086336,700.0,180.0,0
011b1b66-c8bf-4dd7-93d8-1b65d09a08a1,000773,sub-ant2-m1-d20-y2023/sub-ant2-m1-d20-y2023_ses-m1-d20-y2023-ant2-0-48x-4-methyl-3-heptanone-40-t150-z65um_ophys.nwb,22,48,624,4.176470588235294,13,14.615916955017303,17,84086336,600.0,160.0,0
011c83b6-eb5b-433a-a488-d1bf7dcdee30,001550,sub-P120/sub-P120_ses-TaskSwitch4-180423a.nwb,35,112,2625,4.709677419354839,38,47.36732570239335,31,1574505,140.0,25.0,1
011cdd2c-78cb-414c-a11b-f9f975357a34,001258,sub-BSD017/sub-BSD017_ses-p163.nwb,36,74,1456,5.190476190476191,21,27.011337868480723,21,3759744,160.0,60.0,0
0123f79e-501a-4d70-9e9a-1b260eb0aa21,001552,sub-JF-dLight-ramp2-M3/sub-JF-dLight-ramp2-M3_ses-Day5.nwb,24,49,497,3.4285714285714284,13,9.863945578231291,21,1587864,80.0,25.0,1
01265702-bfa0-45f0-849c-11945a4205b8,000467,sub-ant3-m4-d26-y2022/sub-ant3-m4-d26-y2022_ses-m4-d26-y2022-ant3-0-03x-4-methyl-3-heptanol-40-t204-z25um_ophys.nwb,22,48,624,4.176470588235294,13,14.615916955017303,17,84086336,680.0,180.0,0
012b4e69-d846-4623-932f-bef239c2a9bc,000336,sub-634402/sub-634402_ses-1202394917-acq-1202533447-raw-movies_ophys.nwb,66,257,14455,5.483333333333333,30,42.11638888888887,60,23263683157,960.0,25.0,1
013166c0-e96c-4aa7-a15e-5f7b2cb811f7,000020,sub-938462065/sub-938462065_ses-946167705_icephys.nwb,183,712,109040,5.6722222222222225,63,51.14256172839509,180,23854556,28760.0,360.0,0
0131750d-2670-4250-9f8b-3e4b2b72185c,000971,sub-346-394/sub-346-394_ses-FP-DPR-2020-06-26T13-41-50.nwb,22,48,629,3.8333333333333335,13,16.02777777777777,18,216776,80.0,60.0,0
013350f5-8107-45b2-9df0-f88a2742a0a4,000246,sub-phpV16-blind-03/sub-phpV16-blind-03_ses-20240913_obj-999xy6_ophys.nwb,33,46,581,3.5217391304347827,13,12.162570888468805,23,12760208,60.0,25.0,1
0137953b-9715-42b9-ad92-4ca42e42a1c7,001084,sub-Opto2/sub-Opto2_ses-230321e_ophys.nwb,52,86,2088,4.363636363636363,15,15.867768595041323,33,6339775838,2240.0,25.0,1
01406d97-ad91-428c-9eeb-2db19e614877,000020,sub-718922958/sub-718922958_ses-720313387_icephys.nwb,242,979,221908,5.853556485355648,89,74.82792668195583,239,51704505,43360.0,400.0,0
01476305-1b50-402b-b57c-0c38fc198f51,000246,sub-PHP-CaMPARI1-M5/sub-PHP-CaMPARI1-M5_obj-1l8c9py_ophys.nwb,31,41,560,3.8421052631578947,13,14.027700831024932,19,8564888,25.0,25.0,1
0147b360-509b-4c72-844c-71f4a60539df,001455,sub-639391267/sub-639391267_ses-640026024_icephys.nwb,87,298,15689,5.107142857142857,36,25.905187074829925,84,12961335,340.0,25.0,1
014b3430-7ca0-4456-99df-d23a9b9adaec,001550,sub-P013/sub-P013_ses-TaskSwitch4-160918a.nwb,33,110,2570,4.896551724137931,38,49.74791914387635,29,1915035,100.0,25.0,1
0154a954-e3a5-4b29-9ea2-713d856fe3ef,001611,sub-26342/sub-26342_ses-20241127T153731_ecephys.nwb,25,52,649,4.105263157894737,13,13.988919667590027,19,14311072,80.0,25.0,1
015d1c3e-7346-4974-ad0b-aa9b8dde1025,001051,sub-612090/sub-612090_ses-None_probe-125_ecephys.nwb,36,62,1087,3.3,14,12.343333333333334,30,2908350345,1240.0,40.0,0
015dd50c-80af-47cc-9642-3f52bd3c1f7b,001065,sub-QN21-26-031/sub-QN21-26-031_ses-20211123T031456_icephys.nwb,145,588,89125,6.00709219858156,57,45.04250289220863,141,18129182,620.0,80.0,0
015e5b63-182f-4e62-bab8-6368e18b7d71,001550,sub-P102/sub-P102_ses-TaskSwitch4-170519a.nwb,35,112,2625,4.709677419354839,38,47.36732570239335,31,1321269,80.0,25.0,1
015fa704-fb54-4ac6-898f-d4972619e1a8,000409,sub-CSH-ZAD-025/sub-CSH-ZAD-025_ses-ff48aa1d-ef30-4903-ac34-8c41b738c1b9_desc-processed_behavior+ecephys.nwb,53,179,4849,4.9787234042553195,32,35.893164327750114,47,712157082,1380.0,25.0,1
01611160-2670-4232-83cd-721da39c2c68,000728,sub-545589474/sub-545589474_ses-556321897-StimA_behavior+image+ophys.nwb,53,92,2027,3.3617021276595747,13,6.954277953825259,47,365789039,600.0,25.0,1
01628efa-ab4f-4664-bfa5-c977bec5f440,000020,sub-839065713/sub-839065713_ses-842908446_icephys.nwb,133,528,53121,5.746153846153846,43,38.57402366863906,130,21259444,21640.0,380.0,0
0163928a-e972-4ca1-85f1-288a59074340,001169,sub-S062/sub-S062_ses-RWTautowait2-20230721-094355.nwb,32,118,3087,5.518518518518518,32,48.32373113854595,27,1237165,100.0,25.0,1
0164374f-8b8b-4205-8db8-4a14757655db,000467,sub-ant3-m2-d10-y2023/sub-ant3-m2-d10-y2023_ses-m2-d10-y2023-ant3-0-48x-4-methyl-3-hexanol-40-t125-z120um_ophys.nwb,22,48,624,4.176470588235294,13,14.615916955017303,17,84086336,700.0,180.0,0
01711638-d44c-47e9-98fa-6fd8a5d3484e,000773,sub-ant3-m1-d17-y2023/sub-ant3-m1-d17-y2023_ses-m1-d17-y2023-ant3-0-03x-4-methyl-3-heptanone-40-t204-z90um_ophys.nwb,22,48,624,4.176470588235294,13,14.615916955017303,17,84086336,640.0,160.0,0
0176551e-f421-464c-891f-468ee82d63ee,001169,sub-J071/sub-J071_ses-RWTautowait2-20230516-125319.nwb,32,118,3087,5.518518518518518,32,48.32373113854595,27,1567552,80.0,25.0,1
017e7361-61d6-4468-8f75-fe64faac40e4,001169,sub-J074/sub-J074_ses-RWTautowait2-20230410-135007.nwb,32,118,3087,5.518518518518518,32,48.32373113854595,27,1374900,60.0,25.0,1
0180b578-7b88-4900-b532-907785c53d8a,001611,sub-26265/sub-26265_ses-20241223T022059_ecephys.nwb,25,52,649,4.105263157894737,13,13.988919667590027,19,13344596,100.0,25.0,1
01812b26-8ae4-45f9-ae4b-7a4a4c16f7ce,000773,sub-ant6-m1-d10-y2023/sub-ant6-m1-d10-y2023_ses-m1-d10-y2023-ant6-0-48x-4-methyl-3-heptanone-40-t198-z85um_ophys.nwb,22,48,624,4.176470588235294,13,14.615916955017303,17,84086336,660.0,180.0,0
01849d5b-0807-4176-a5da-bb4bbc4ef07a,000020,sub-948348856/sub-948348856_ses-958302388_icephys.nwb,168,644,88803,5.6,56,46.2521212121212,165,23952076,24960.0,360.0,0
0187ab15-0b26-476d-9fff-f83f7d90d218,000773,sub-ant2-m1-d20-y2023/sub-ant2-m1-d20-y2023_ses-m1-d20-y2023-ant2-0-48x-isopropanol-40-t151-z65um_ophys.nwb,22,48,624,4.176470588235294,13,14.615916955017303,17,84086336,620.0,160.0,0
01882761-9aec-4f41-92e5-5c81c5310c75,001201,sub-Monkey-N/sub-Monkey-N_ses-20220601_ecephys.nwb,31,71,972,4.16,13,14.454399999999998,25,40417202,520.0,220.0,0
018fb98e-152e-4af2-876c-0b435f048258,001611,sub-25273/sub-25273_ses-20250428T202916_ecephys.nwb,25,52,649,4.105263157894737,13,13.988919667590027,19,17298128,140.0,25.0,1
01914af3-3e47-4eb9-a959-d644710f7286,000467,sub-ant1-m4-d21-y2022/sub-ant1-m4-d21-y2022_ses-m4-d21-y2022-ant1-0-12x-4-methyl-3-hexanol-40-t136-z125um_ophys.nwb,22,48,624,4.176470588235294,13,14.615916955017303,17,84086336,700.0,180.0,0
0191a482-f572-4a5a-a711-016cd79e96cb,001550,sub-P127/sub-P127_ses-TaskSwitch4-171016a.nwb,35,112,2625,4.709677419354839,38,47.36732570239335,31,1240159,100.0,25.0,1
0191f00c-1a93-4502-ae6a-08316bc4cacd,001634,sub-Frodo/sub-Frodo_ses-5_obj-1x01nf9_ecephys.nwb,256,79,23510,3.0756302521008405,36,24.08671703975707,119,2929456,80.0,25.0,1
0192cd83-3641-4b0c-8f0c-01a4eada64e0,000713,sub-570302/sub-570302_ses-20210803T103213_image.nwb,48,114,2391,3.6818181818181817,23,23.762396694214885,44,188060116,280.0,25.0,1
019dfb17-9a9c-4bfa-8f9a-09a790cac546,000711,sub-563234/sub-563234_ses-20210609T084625_obj-zjkike_image+ophys.nwb,75,225,9298,4.428571428571429,24,26.73061224489796,70,264386524,520.0,25.0,1
01a01a4b-74f3-4112-84a8-423e650b55da,001184,sub-33/sub-33_ses-session-hheise-M033-2020-08-19-01_behavior+image+ophys.nwb,43,77,1114,3.1794871794871793,13,8.352399737015123,39,224077676,1840.0,140.0,0
01aaf4c5-34d3-45e5-acc9-c29bc7951704,001169,sub-L001/sub-L001_ses-RWTautowait2-20220812-100953.nwb,32,117,3004,5.481481481481482,31,46.397805212620035,27,834095,60.0,25.0,1
01ac3a16-b372-47fb-945d-09543225e0e7,001550,sub-P135/sub-P135_ses-TaskSwitch4-190125a.nwb,35,112,2625,4.709677419354839,38,47.36732570239335,31,1469904,100.0,25.0,1
01ac7679-1778-4133-8cb7-6024f43c9303,001552,sub-JF-VR-FP-F2/sub-JF-VR-FP-F2_ses-Day15.nwb,20,42,448,3.8125,13,11.40234375,16,1613606,80.0,25.0,1
01ba9a69-fc3b-4a13-8cf9-fde0aba3ef2c,001518,sub-CHO-20250124-c5/sub-CHO-20250124-c5_obj-8v87oa_image.nwb,17,38,431,4.153846153846154,13,13.668639053254442,13,36729431,100.0,25.0,1
01be77d3-0d23-49c2-ab85-80a64751377e,000988,sub-132609Plate2-Cell2/sub-132609Plate2-Cell2_ses-20240920T132609_image.nwb,30,41,457,3.888888888888889,13,13.87654320987654,18,472241520,300.0,25.0,1
01ca36f9-1d6a-4853-bebf-66f9f516f001,001550,sub-P187/sub-P187_ses-TaskSwitch6-191216a.nwb,33,110,2570,4.896551724137931,38,49.74791914387635,29,1228430,80.0,25.0,1
01cb457f-530a-4eff-8500-5f19f2e4afba,001550,sub-P072/sub-P072_ses-TaskSwitch4-171003a.nwb,35,114,2779,4.774193548387097,40,51.78772112382935,31,627005,60.0,25.0,1
01ce7d9a-ea3c-472c-a22c-b950b1ef716c,000467,sub-ant2-m4-d27-y2022/sub-ant2-m4-d27-y2022_ses-m4-d27-y2022-ant2-0-12x-4-methyl-3-heptanone-40-t187-z30um_ophys.nwb,22,48,624,4.176470588235294,13,14.615916955017303,17,84086336,500.0,120.0,0
01d47665-7360-4fb5-b501-c105d8e6bf56,000467,sub-ant2-m4-d27-y2022/sub-ant2-m4-d27-y2022_ses-m4-d27-y2022-ant2-0-0075x-4-methyl-3-hexanol-40-t166-z105um_ophys.nwb,22,48,624,4.176470588235294,13,14.615916955017303,17,84086336,520.0,140.0,0
01d48a24-a104-4f46-9805-68dea5f9157c,000008,sub-mouse-LZMHR/sub-mouse-LZMHR_ses-20191010-sample-3_slice-20191010-slice-3_cell-20191010-sample-3_icephys.nwb,181,538,87573,4.96045197740113,80,65.58600657537744,177,9235446,15160.0,460.0,0
01ddba26-d2cf-4739-b00e-7ec12bf1a9f1,000467,sub-ant3-m4-d27-y2022/sub-ant3-m4-d27-y2022_ses-m4-d27-y2022-ant3-0-0075x-6-methyl-5-hepten-2-one-40-t130-z125um_ophys.nwb,22,48,624,4.176470588235294,13,14.615916955017303,17,84086336,500.0,120.0,0
01dedb98-b737-4699-a21a-9760aa39b8bc,000971,sub-108-411/sub-108-411_ses-Opto-DMS-Inhibitory-EYFP-2020-11-06T11-01-57_ogen.nwb,30,56,755,3.44,15,15.3664,25,241752,80.0,60.0,0
01e9105e-ab4f-4bfe-b766-09d971af09f0,001776,sub-M21G/sub-M21G_ses-20240503T182458_icephys.nwb,446,1301,590166,4.949656750572083,208,190.24918180437646,437,46656256,1200.0,25.0,1
01e96c4e-d25e-4bd0-9d95-f9de9d582764,000020,sub-668456813/sub-668456813_ses-669825272_icephys.nwb,203,827,156455,5.9,75,65.08999999999997,200,48953919,39920.0,460.0,0
01f097c2-bd47-41c9-aa14-6b5e6ffdcb73,000971,sub-308-399/sub-308-399_ses-Opto-DLS-Excitatory-ChR2Scrambled-2020-08-28T11-37-09_ogen.nwb,30,56,729,3.3461538461538463,14,13.84171597633136,26,252588,60.0,60.0,0
01f38a8b-f84d-4b86-a803-ac59ec7df034,000773,sub-ant3-m2-d24-y2023/sub-ant3-m2-d24-y2023_ses-m2-d24-y2023-ant3-0-48x-propionic-acid-40-t185-z40um_ophys.nwb,22,48,624,4.176470588235294,13,14.615916955017303,17,84086336,620.0,160.0,0
01f7b296-99e3-464e-ab9c-4f121a457ea6,000773,sub-ant4-m1-d11-y2023/sub-ant4-m1-d11-y2023_ses-m1-d11-y2023-ant4-0-03x-3-hexanone-40-t181-z65um_ophys.nwb,22,48,624,4.176470588235294,13,14.615916955017303,17,84086336,640.0,160.0,0
01fafa38-f9d5-4a54-89f1-32799d0cb717,000711,sub-438912/sub-438912_ses-20190417T140159_obj-1gmwp8p_image+ophys.nwb,73,223,9181,4.5,24,27.25,68,257542729,1100.0,60.0,0
02074333-4162-4c2c-9e4d-ebebd4c4562c,000971,sub-414-405/sub-414-405_ses-Opto-DLS-Excitatory-ChR2-2020-09-02T12-55-08_ogen.nwb,30,56,729,3.3461538461538463,14,13.84171597633136,26,245538,80.0,60.0,0
020a306c-c95a-4f2f-a455-e9e99bc1dd7f,001550,sub-P187/sub-P187_ses-TaskSwitch6-200805a.nwb,33,110,2570,4.896551724137931,38,49.74791914387635,29,829559,60.0,25.0,1
020fff3e-fa5a-4cad-8873-80c57c7879a7,001841,sub-subject-ID-ST578/sub-subject-ID-ST578_ses-20210602T121758_icephys.nwb,509,1492,783058,4.918811881188119,240,220.1696461131262,505,14331448,320.0,25.0,1
0210e42f-7f5b-49a7-b82a-e3a02a6a0584,001181,sub-m1616/sub-m1616_ses-20220715T155120Z_photometry.nwb,18,54,762,5.461538461538462,19,29.940828402366858,13,218464,60.0,25.0,1
022a2e57-152b-4d1e-8ed2-ab19660a7ed8,000020,sub-639391289/sub-639391289_ses-640111829_icephys.nwb,112,424,32618,5.504587155963303,36,30.24997895800016,109,14527535,21980.0,480.0,0
022e38f8-ef79-4260-9710-7cb9e34cc2f0,000711,sub-451787/sub-451787_ses-20190614T130818_obj-171xu6y_image+ophys.nwb,78,229,9548,4.342465753424658,24,25.896415837868265,73,447739351,560.0,25.0,1
023825ff-a546-4909-b589-fde1e6dcbfe7,001169,sub-G047/sub-G047_ses-RWTautowait2-20210812-153630.nwb,32,117,3004,5.481481481481482,31,46.397805212620035,27,1158755,80.0,25.0,1
0239f415-f497-4e75-8f52-87a6f6219470,001169,sub-M025/sub-M025_ses-RWTautowait2-20200811-133056.nwb,32,116,2923,5.444444444444445,30,44.54320987654322,27,1397050,80.0,25.0,1
023ad5ed-83ee-4a44-88b0-72833397a8d0,001623,sub-20230506-14-24-57/sub-20230506-14-24-57_ses-20230506T142457.nwb,35,99,4586,4.6,16,13.24,30,12977449066,4400.0,25.0,1
023b7a52-789e-44b1-a3d9-28a4b49984df,000959,sub-L/sub-L_ses-20190928_obj-1adb6ae_behavior.nwb,29,116,3192,5.76,13,16.1824,25,9996848,300.0,60.0,0
023e29f6-ac84-4004-bfc3-df61a007a102,001634,sub-Frodo/sub-Frodo_ses-5_obj-os5upy_ecephys.nwb,252,78,23436,3.139130434782609,36,25.389338374291118,115,779576,60.0,25.0,1
0248442e-dbdf-45f1-9ff6-5ad823539148,000467,sub-ant3-m10-d6-y2022/sub-ant3-m10-d6-y2022_ses-m10-d6-y2022-ant3-0-48x-ethylpyrazine-40-t164-z135um_ophys.nwb,22,48,624,4.176470588235294,13,14.615916955017303,17,84086336,700.0,180.0,0
024f44c9-1aa5-4728-a248-a16dc19b208c,000467,sub-ant2-m4-d26-y2022/sub-ant2-m4-d26-y2022_ses-m4-d26-y2022-ant2-0-48x-4-methyl-3-hexanol-40-t188-z160um_ophys.nwb,22,48,624,4.176470588235294,13,14.615916955017303,17,84086336,660.0,160.0,0
0253c65b-68d3-4ede-9d0e-6855e2d1027a,001550,sub-P150/sub-P150_ses-TaskSwitch4-200303a.nwb,35,112,2625,4.709677419354839,38,47.36732570239335,31,1308554,60.0,25.0,1
0254c31f-10c2-4ae9-b05f-eb1dc701a235,001187,sub-12/sub-12_ses-1_ecephys+image.nwb,53,588,468672,17.594594594594593,482,6018.673484295106,37,369896985,25440.0,220.0,0
025533d4-5b60-4aa1-a4ab-e26fc2335ce5,000341,Human_persistent_RAF/sub-141029/sub-141029_ses-1410292rm-1-3-3_icephys.nwb,2972,13319,58782272,6.48500168520391,1475,1456.985198036734,2967,200173244,46480.0,220.0,0
02569908-dcbe-4b4e-bbf0-0804d8a92e35,000008,sub-mouse-BFVKP/sub-mouse-BFVKP_ses-20180524-sample-8_slice-20180524-slice-8_cell-20180524-sample-8_icephys.nwb,181,538,87573,4.96045197740113,80,65.58600657537744,177,8564280,17200.0,480.0,0
025798c9-17d9-40c4-a148-81b42d4a7620,000467,sub-ant4-m4-d26-y2022/sub-ant4-m4-d26-y2022_ses-m4-d26-y2022-ant4-0-48x-4-methyl-3-hexanol-40-t249-z80um_ophys.nwb,22,48,624,4.176470588235294,13,14.615916955017303,17,84086336,520.0,140.0,0
025c13c1-96df-47dd-913a-3149613afea7,001777,sub-6808/sub-6808_ses-20220531T181728_icephys.nwb,120,339,47115,4.860869565217391,100,81.12846880907372,115,48495544,760.0,25.0,1
02627a1c-e515-474c-96f3-c0f2e2d8fa0b,000711,sub-546605/sub-546605_ses-20201202T092834_image.nwb,50,156,5473,4.478260869565218,24,34.72778827977316,46,196051775,320.0,25.0,1
02683b6d-63c3-45b1-b25e-5cc71b3917a0,001550,sub-P072/sub-P072_ses-TaskSwitch4-170418a.nwb,35,112,2625,4.709677419354839,38,47.36732570239335,31,1405186,120.0,25.0,1
026f486d-f4c8-4290-8162-59734a236870,001607,sub-Frodo/sub-Frodo_ses-3_obj-1sl4jmk_ecephys.nwb,254,77,23866,3.1478260869565218,38,26.473799621928162,115,728808,80.0,25.0,1
02729dea-cba9-4c50-a327-f4f0f4d703a3,001169,sub-M043/sub-M043_ses-RWTautowait2-20221219-160700.nwb,32,117,3057,5.481481481481482,32,48.397805212620035,27,1502565,80.0,25.0,1
027c8f97-0908-4148-a0bf-7c4024d917a4,000971,sub-307-399/sub-307-399_ses-Opto-DLS-Excitatory-Unknown-2020-08-19T10-46-01_ogen.nwb,30,56,729,3.3461538461538463,14,13.84171597633136,26,244560,60.0,60.0,0
029085d3-cc59-4c5b-b42e-27fd87fbbdf4,000467,sub-ant2-m4-d21-y2022/sub-ant2-m4-d21-y2022_ses-m4-d21-y2022-ant2-0-12x-6-methyl-5-hepten-2-one-40-t161-z65um_ophys.nwb,22,48,624,4.176470588235294,13,14.615916955017303,17,84086336,680.0,180.0,0
0290c134-4f78-4fff-a971-344ff1e53804,000336,sub-647715/sub-647715_ses-1243073822-acq-1243181414_ophys.nwb,68,391,46939,7.349206349206349,30,55.052658100277164,63,89951579,1480.0,25.0,1
029f2922-284e-43b3-b894-87b47189b1d9,001607,sub-Bilbo/sub-Bilbo_ses-6_obj-1cvfjpo_ecephys.nwb,253,68,23206,3.0344827586206895,36,24.274673008323433,116,5662986,100.0,25.0,1
02a5d948-dc75-4d44-842a-e4afaa9f68ed,001611,sub-26265/sub-26265_ses-20241224T171029_ecephys.nwb,25,52,649,4.105263157894737,13,13.988919667590027,19,12529984,100.0,25.0,1
02a5f418-f92c-4a9f-a500-d7204d455973,000008,sub-mouse-CIEXQ/sub-mouse-CIEXQ_ses-20180904-sample-7_slice-20180904-slice-7_cell-20180904-sample-7_icephys.nwb,181,538,87573,4.96045197740113,80,65.58600657537744,177,8850915,14740.0,480.0,0
02a9f4ee-e09d-46bb-bf6b-fc8acf150f9e,001550,sub-P135/sub-P135_ses-TaskSwitch4-181211a.nwb,35,112,2625,4.709677419354839,38,47.36732570239335,31,1808943,100.0,25.0,1
02ad997f-2960-4bf2-8ad1-57257a5513eb,001550,sub-P127/sub-P127_ses-TaskSwitch4-190305a.nwb,35,112,2625,4.709677419354839,38,47.36732570239335,31,1170983,60.0,25.0,1
02af351b-dc4c-4a5a-ab41-2ceeb60188e3,001634,sub-Frodo/sub-Frodo_ses-5_obj-1k5jpif_ecephys.nwb,252,78,23436,3.139130434782609,36,25.389338374291118,115,786304,80.0,25.0,1
02b1e084-3b62-4fd7-a573-2c3a026b903e,000467,sub-ant2-m4-d26-y2022/sub-ant2-m4-d26-y2022_ses-m4-d26-y2022-ant2-0-03x-4-methyl-3-heptanone-40-t173-z30um_ophys.nwb,22,48,624,4.176470588235294,13,14.615916955017303,17,84086336,700.0,180.0,0
02b4b724-7627-4e5b-ab53-412b12534c13,000773,sub-ant4-m1-d11-y2023/sub-ant4-m1-d11-y2023_ses-m1-d11-y2023-ant4-0-03x-ethanol-40-t184-z15um_ophys.nwb,22,48,624,4.176470588235294,13,14.615916955017303,17,84086336,640.0,160.0,0
02bc91a7-d200-45e6-86f9-024bac45fd10,000246,sub-phpV15-blind-02/sub-phpV15-blind-02_obj-12u71yw_ophys.nwb,33,46,581,3.5217391304347827,13,12.162570888468805,23,12760208,80.0,25.0,1
02be558a-caac-4b37-88cf-281804f589ff,001051,sub-623784/sub-623784_ses-None_probe-307_ecephys.nwb,36,62,1087,3.3,14,12.343333333333334,30,3312962872,1380.0,25.0,1
02c1320d-d9a9-4f6f-b0c0-a89a5bd77b13,001550,sub-P059/sub-P059_ses-TaskSwitch4-170926a.nwb,35,112,2625,4.709677419354839,38,47.36732570239335,31,2317141,100.0,25.0,1
02c5752e-5d29-4c8e-b6b8-e1a792e7daba,000467,sub-ant3-m4-d27-y2022/sub-ant3-m4-d27-y2022_ses-m4-d27-y2022-ant3-0-0075x-4-methyl-3-hexanol-40-t132-z50um_ophys.nwb,22,48,624,4.176470588235294,13,14.615916955017303,17,84086336,500.0,120.0,0
02c99da9-9a22-4e5c-9c68-2ac062c717da,000336,sub-661749/sub-661749_ses-1261737862-acq-1261920297_ophys.nwb,76,410,48355,7.0285714285714285,30,52.82775510204082,70,265966363,1060.0,25.0,1
02ca8fad-91a5-4d06-aa15-a1b64852c838,000020,sub-746220153/sub-746220153_ses-750783419_icephys.nwb,130,522,52133,5.7952755905511815,42,37.910843821687635,127,20794991,25140.0,380.0,0
02cd7642-f4ae-4cc5-83ce-0ebb06db6188,001550,sub-P167/sub-P167_ses-TaskSwitch4-190722a.nwb,35,112,2625,4.709677419354839,38,47.36732570239335,31,1014241,60.0,25.0,1
02d7c72d-3f3f-4801-b2b2-451410320698,001836,sub-molly/sub-molly_ses-molly-20220416_obj-1r4qut7_behavior.nwb,104,70,1570,2.6043956043956045,65,50.83250815118948,91,64691296,100.0,25.0,1
02d7ffa6-4d59-4c18-86ba-b54a29caaa05,001169,sub-G077/sub-G077_ses-RWTautowait2-20221103-133758.nwb,32,118,3087,5.518518518518518,32,48.32373113854595,27,1132036,80.0,25.0,1
02d90f09-5f3e-4b54-b16c-dea94f4cf403,000773,sub-ant4-m1-d11-y2023/sub-ant4-m1-d11-y2023_ses-m1-d11-y2023-ant4-0-03x-ethanol-40-t184-z75um_ophys.nwb,22,48,624,4.176470588235294,13,14.615916955017303,17,84086336,640.0,160.0,0
02d96d32-7ff1-4415-844a-01c27d13dbea,000336,sub-644972/sub-644972_ses-1238698227-acq-1238864974_ophys.nwb,68,391,46939,7.349206349206349,30,55.052658100277164,63,89914127,1520.0,25.0,1
02dd8640-eed4-4641-a961-5e6141e39432,001634,sub-Bilbo/sub-Bilbo_ses-5_obj-n07ddr_ecephys.nwb,253,70,23224,3.0517241379310347,36,24.342152199762193,116,29761568,100.0,25.0,1
02e9c6ca-c264-4d30-bd54-28753747ce1b,000773,sub-ant4-m1-d20-y2023/sub-ant4-m1-d20-y2023_ses-m1-d20-y2023-ant4-0-48x-ethanol-40-t203-z130um_ophys.nwb,22,48,624,4.176470588235294,13,14.615916955017303,17,84086336,620.0,160.0,0
02ead743-2864-4fc1-ad55-70b466c67674,001169,sub-G021/sub-G021_ses-RWTautowait2-20210108-102421.nwb,32,117,3004,5.481481481481482,31,46.397805212620035,27,913399,100.0,25.0,1
0303e4f6-808f-4929-99b0-339df0a39df0,001169,sub-G040/sub-G040_ses-RWTautowait2-20210630-115018.nwb,32,117,3004,5.481481481481482,31,46.397805212620035,27,1344461,60.0,25.0,1
031c8cfc-2ba8-46b7-b860-91cc8ceec93c,001169,sub-M024/sub-M024_ses-RWTautowait2-20201118-165727.nwb,32,117,3004,5.481481481481482,31,46.397805212620035,27,1250847,80.0,25.0,1
03287402-6187-4887-a381-8b3d788050be,000773,sub-ant1-m4-d6-y2023/sub-ant1-m4-d6-y2023_ses-m4-d6-y2023-ant1-1x-paraffin-oil-40-t124-z150um_ophys.nwb,22,48,624,4.176470588235294,13,14.615916955017303,17,84086336,620.0,160.0,0
032a0ca4-3f63-4ef8-b444-70d03fd412b0,001169,sub-L019/sub-L019_ses-RWTautowait2-20221027-120706.nwb,32,117,3004,5.481481481481482,31,46.397805212620035,27,1150444,60.0,25.0,1
032fb5b0-c200-4345-a888-500ea44cdf16,000773,sub-ant3-m2-d24-y2023/sub-ant3-m2-d24-y2023_ses-m2-d24-y2023-ant3-0-48x-3-hexanone-40-t176-z90um_ophys.nwb,22,48,624,4.176470588235294,13,14.615916955017303,17,84086336,620.0,160.0,0
03303da8-734b-4ce0-a799-f3a6b7eb8ce1,001550,sub-P187/sub-P187_ses-TaskSwitch6-191201a.nwb,33,110,2570,4.896551724137931,38,49.74791914387635,29,1159132,80.0,25.0,1
033ed001-b111-4a1a-8c93-75355c7110df,000959,sub-L/sub-L_ses-20190722_obj-1iuo2or_behavior.nwb,41,275,26986,8.513513513513514,16,33.330898466033595,37,17553224,320.0,60.0,0
034209de-aeae-4bec-8c1d-e7bd6d6ad83a,001550,sub-P102/sub-P102_ses-TaskSwitch4-180818a.nwb,35,112,2625,4.709677419354839,38,47.36732570239335,31,1351444,60.0,25.0,1
03455544-024d-4706-81bd-9afd153a94a3,000773,sub-ant1-m4-d6-y2023/sub-ant1-m4-d6-y2023_ses-m4-d6-y2023-ant1-0-48x-isopropanol-40-t133-z5um_ophys.nwb,22,48,624,4.176470588235294,13,14.615916955017303,17,84086336,600.0,160.0,0
034a242c-f409-4c32-bdf3-32508e4c9cf3,000467,sub-ant1-m4-d27-y2022/sub-ant1-m4-d27-y2022_ses-m4-d27-y2022-ant1-0-12x-4-methyl-3-heptanone-40-t140-z70um_ophys.nwb,22,48,624,4.176470588235294,13,14.615916955017303,17,84086336,500.0,120.0,0
03609c51-88d9-4a35-8f4e-3cb797408e39,001550,sub-P049/sub-P049_ses-TaskSwitch4-180326a.nwb,35,112,2625,4.709677419354839,38,47.36732570239335,31,1523283,60.0,25.0,1
03672efd-c333-461e-9dc1-52ca310ee299,000773,sub-ant3-m2-d24-y2023/sub-ant3-m2-d24-y2023_ses-m2-d24-y2023-ant3-0-48x-ethylpyrazine-40-t182-z150um_ophys.nwb,22,48,624,4.176470588235294,13,14.615916955017303,17,84086336,620.0,160.0,0
037101e0-f36c-4af7-b58a-eb1517b2223e,001169,sub-G012/sub-G012_ses-RWTautowait2-20200701-102345.nwb,32,116,2923,5.444444444444445,30,44.54320987654322,27,770462,60.0,25.0,1
0371593f-582e-4cb8-95fa-d48a742ae445,001550,sub-P159/sub-P159_ses-TaskSwitch4-190724a.nwb,35,112,2625,4.709677419354839,38,47.36732570239335,31,991884,60.0,25.0,1
037195e3-3775-4b56-8240-6cf6ef00d2e5,000773,sub-ant2-m2-d24-y2023/sub-ant2-m2-d24-y2023_ses-m2-d24-y2023-ant2-0-48x-isopropanol-40-t161-z50um_ophys.nwb,22,48,624,4.176470588235294,13,14.615916955017303,17,84086336,600.0,160.0,0
037ab83d-7c48-470d-b1ec-5bb51cfb530d,000952,sub-126/sub-126_ses-20200922.nwb,18,33,385,3.5714285714285716,13,12.959183673469388,14,494126372,680.0,25.0,1
037dd31d-8f42-40ac-816f-86843706ab8e,000713,sub-563497/sub-563497_ses-20210510T110224_image.nwb,48,114,2391,3.6818181818181817,23,23.762396694214885,44,188089627,340.0,25.0,1
037f3a81-05b7-49e5-b269-a4a1d708b819,001856,sub-1478573135/sub-1478573135_ses-1480712386_icephys.nwb,256,1028,263657,5.849802371541502,98,78.76795450639759,253,56830735,760.0,25.0,1
03825d3d-15dd-44b9-a202-f20c6ec5b2bf,001550,sub-P189/sub-P189_ses-TaskSwitch6-201214a.nwb,33,110,2570,4.896551724137931,38,49.74791914387635,29,1375741,80.0,25.0,1
03837a74-e74b-4d75-8669-895452dbfbd6,001461,sub-740066/sub-740066_ses-multiplane-ophys-740066-2024-10-16-11-51-06_ophys.nwb,590,5681,14507294,11.04561403508772,448,348.45405971068027,570,1362865216,2180.0,25.0,1
03863f0b-00ab-4352-bd1a-128ab1aad288,000246,sub-C2-04-03/sub-C2-04-03_obj-1e2iiai_ophys.nwb,33,46,581,3.5217391304347827,13,12.162570888468805,23,12760176,60.0,25.0,1
0388bf1e-bcec-4dfc-a696-92d7141c1913,001708,sub-rat-32/sub-rat-32_ses-1.nwb,19,51,511,4.3125,13,15.21484375,16,333424,220.0,80.0,0
0396d0f1-2a72-428f-984c-65efbadeb24f,000773,sub-ant5-m4-d6-y2023/sub-ant5-m4-d6-y2023_ses-m4-d6-y2023-ant5-0-48x-3-hexanone-40-t178-z75um_ophys.nwb,22,48,624,4.176470588235294,13,14.615916955017303,17,84086336,600.0,160.0,0
039752ba-2ab9-4ea7-beda-c2962b6115c3,000467,sub-ant2-m10-d11-y2022/sub-ant2-m10-d11-y2022_ses-m10-d11-y2022-ant2-0-48x-ethylpyrazine-40-t149-z10um_ophys.nwb,22,48,624,4.176470588235294,13,14.615916955017303,17,84086336,700.0,180.0,0
039b5fdb-9ec8-4e7d-8ba0-cfb129aa1224,000467,sub-ant3-m4-d21-y2022/sub-ant3-m4-d21-y2022_ses-m4-d21-y2022-ant3-0-12x-4-methyl-3-heptanone-40-t143-z55um_ophys.nwb,22,48,624,4.176470588235294,13,14.615916955017303,17,84086336,680.0,180.0,0
039da980-7646-42cf-b9c2-ad6f5d6c9a8c,001550,sub-P059/sub-P059_ses-TaskSwitch4-161219a.nwb,35,112,2625,4.709677419354839,38,47.36732570239335,31,937000,100.0,25.0,1
03a48799-53d7-48df-a9b9-69e4fd7d727c,001550,sub-P123/sub-P123_ses-TaskSwitch4-190606a.nwb,35,112,2625,4.709677419354839,38,47.36732570239335,31,765336,25.0,25.0,1
03a5475c-4e01-4b68-ab27-2599f8d94dfc,000773,sub-ant1-m1-d20-y2023/sub-ant1-m1-d20-y2023_ses-m1-d20-y2023-ant1-0-48x-isopropanol-40-t135-z35um_ophys.nwb,22,48,624,4.176470588235294,13,14.615916955017303,17,84086336,620.0,160.0,0
03a89c24-3aa0-4dfe-aa42-030c450f7223,000008,sub-mouse-OYWEJ/sub-mouse-OYWEJ_ses-20190628-sample-3_slice-20190628-slice-3_cell-20190628-sample-3_icephys.nwb,181,538,87573,4.96045197740113,80,65.58600657537744,177,9514200,16260.0,440.0,0
03b2ebd9-4df3-46c9-87be-d7737d93aca5,001640,sub-Adalberto/Adalberto2021-10-08_21-09-44.nwb,22,38,452,3.5294117647058822,13,11.307958477508649,17,2450688912,880.0,25.0,1
03b4298c-9dbe-4196-89c0-158bcfcb5dc2,000467,sub-ant1-m4-d26-y2022/sub-ant1-m4-d26-y2022_ses-m4-d26-y2022-ant1-0-48x-4-methyl-3-heptanol-40-t140-z50um_ophys.nwb,22,48,624,4.176470588235294,13,14.615916955017303,17,84086336,660.0,160.0,0
03b762f3-e97c-46a1-a5ea-21707c379dae,001550,sub-P049/sub-P049_ses-TaskSwitch4-171008a.nwb,35,112,2625,4.709677419354839,38,47.36732570239335,31,1283099,25.0,25.0,1
03ba189f-f95c-4a99-8bda-298c893a81fd,001063,sub-6963762826763198233/sub-6963762826763198233_ses-20221101T171440.nwb,18,21,164,6.333333333333333,13,21.555555555555557,6,693856,120.0,80.0,0
03bc4b8a-4c7e-4c96-9dde-5d4ca1a808d0,001634,sub-Frodo/sub-Frodo_ses-5_obj-1ijm5hs_ecephys.nwb,252,72,23379,3.0869565217391304,36,24.670699432892246,115,716392,60.0,25.0,1
03bc606e-19b4-4659-afaf-d51b88eea0a0,001847,sub-PB177/sub-PB177_ses-PB177-20240605-093731_behavior.nwb,30,114,2920,5.5,36,55.78846153846154,26,583616,25.0,25.0,1
03c4312a-052f-43ef-8e53-7d066c676257,000576,sub-02/sub-02_ses-20160302T164800_ecephys.nwb,27,67,835,4.2727272727272725,13,17.289256198347104,22,21113775,540.0,140.0,0
03c5424b-b4c7-4ebe-9926-98909e35f04b,001032,sub-14-1/sub-14-1_ses-2kHz-sine-stimulation-2-5V_image.nwb,17,38,431,4.153846153846154,13,13.668639053254442,13,693262,100.0,60.0,0
03cace52-35a0-44ff-be5c-56ed4d545a42,000728,sub-585052889/sub-585052889_ses-601338233-StimB_ophys.nwb,23,48,605,4.055555555555555,13,13.163580246913579,18,37594979977,13800.0,25.0,1
03cbc918-486e-4018-9a95-e281d7c0e7a1,001169,sub-G090/sub-G090_ses-RWTautowait2-20230712-130416.nwb,32,118,3087,5.518518518518518,32,48.32373113854595,27,1251177,100.0,25.0,1
03ceb78c-2c9f-432a-b343-c81db53dfd6d,000773,sub-ant1-m1-d20-y2023/sub-ant1-m1-d20-y2023_ses-m1-d20-y2023-ant1-0-48x-3-hexanone-40-t138-z80um_ophys.nwb,22,48,624,4.176470588235294,13,14.615916955017303,17,84086336,620.0,160.0,0
03ceb836-0126-4ef3-b1ab-7046156497bc,000165,sub-Riker/sub-Riker_ses-Riker08-HomeCage_behavior+ecephys.nwb,34,59,1006,4.0,14,20.0,24,248983080,1820.0,60.0,0
03d541e3-d3ad-4d5e-89f4-46e071185396,001634,sub-Frodo/sub-Frodo_ses-5_obj-ii9xi7_ecephys.nwb,251,65,23358,3.043859649122807,36,24.585795629424442,114,628000,80.0,25.0,1
03d55f2c-01cf-4215-85a6-276ebb15ed33,001475,sub-HSB-w19-16/sub-HSB-w19-16_ses-20250404_cell-at95_icephys.nwb,64,168,6490,4.533333333333333,20,11.782222222222224,60,3526600,540.0,80.0,0
03d9c7d1-74ab-4b16-a4d3-1d344312ea68,001169,sub-G090/sub-G090_ses-RWTautowait2-20230530-130621.nwb,32,118,3087,5.518518518518518,32,48.32373113854595,27,1243953,120.0,25.0,1
03de4eab-e68f-4da6-bc76-5df98d7c70b7,001550,sub-P059/sub-P059_ses-TaskSwitch4-171204a.nwb,35,114,2779,4.774193548387097,40,51.78772112382935,31,652413,80.0,25.0,1
03e5527f-5988-422d-84f9-079f65976230,001339,sub-240910-Fish79-GCaMP-vglut-TG-5dpf-FlowExperiment-warner-temp-stim-Z-3-0/sub-240910-Fish79-GCaMP-vglut-TG-5dpf-FlowExperiment-warner-temp-stim-Z-3-0_ses-20250204T175453_ophys.nwb,34,56,809,3.064516129032258,13,8.4474505723205,31,53760108,200.0,25.0,1
03f39572-e2c3-41ea-afaf-1aa0402defd2,000246,sub-phpV9-3/sub-phpV9-3_ses-20230424_obj-amne1i_ophys.nwb,33,46,581,3.5217391304347827,13,12.162570888468805,23,5500035312,1920.0,25.0,1
03f9cf7e-bcb9-45dd-8ca4-4bba62571a2d,000951,sub-LC4-fly5/sub-LC4-fly5_ses-(-LC4-fly5-170404-1607--).nwb,18,33,433,3.8461538461538463,13,13.822485207100591,13,187360,420.0,160.0,0
03fa6596-8ad7-4003-b9a4-e13943fd796c,000008,sub-mouse-SGCMM/sub-mouse-SGCMM_ses-20190328-sample-4_slice-20190328-slice-4_cell-20190328-sample-4_icephys.nwb,181,538,87573,4.96045197740113,80,65.58600657537744,177,9000899,14740.0,440.0,0
03fb6e3d-9b0f-4b36-bf72-e92822c5c8a6,001169,sub-J061/sub-J061_ses-RWTautowait2-20230215-151326.nwb,32,118,3087,5.518518518518518,32,48.32373113854595,27,1402527,80.0,25.0,1
04035a14-2c97-48f2-8b83-f7ea48aeb4be,000988,sub-120403cell5-jf549-1040nm-Vsteps/sub-120403cell5-jf549-1040nm-Vsteps_ses-20230329T120403_image.nwb,39,61,910,3.96,13,14.198399999999998,25,567597324,640.0,25.0,1
04043d68-edee-4541-81ec-a5cf1d6cf731,001169,sub-J032/sub-J032_ses-RWTautowait2-20220317-161831.nwb,32,117,3004,5.481481481481482,31,46.397805212620035,27,1382180,100.0,25.0,1
040d9a73-5aa8-4370-b01d-a5ab60daf9d3,001701,sub-AppleBottom/sub-AppleBottom_ses-AppleBottom-DY07-g1_behavior+ecephys.nwb,30,61,788,3.64,13,12.150399999999998,25,36337400,500.0,80.0,0
0412cd8a-8ea5-4f43-941e-77bff360cca7,000959,sub-T/sub-T_ses-20220124_obj-6jvjnm_behavior.nwb,41,275,26986,8.513513513513514,16,33.330898466033595,37,17449392,300.0,60.0,0
041995e3-c988-4fb9-b068-6614a043677a,001550,sub-P055/sub-P055_ses-TaskSwitch4-160702a.nwb,35,112,2625,4.709677419354839,38,47.36732570239335,31,874714,60.0,25.0,1
041aea0f-f128-4bdb-b385-ee9c77befd78,001169,sub-S034/sub-S034_ses-RWTautowait2-20220315-140923.nwb,32,117,3004,5.481481481481482,31,46.397805212620035,27,1340740,120.0,25.0,1
041c6e64-6bc0-43f5-aec8-7285652f52a1,000690,sub-714626/sub-714626_ses-1327655771_probe-0_ecephys.nwb,27,55,937,3.772727272727273,14,15.08471074380165,22,2038957268,720.0,60.0,0
0434e3b0-9559-4157-aae7-26f01ba62cda,000773,sub-ant5-m1-d11-y2023/sub-ant5-m1-d11-y2023_ses-m1-d11-y2023-ant5-0-03x-4-methyl-3-heptanol-40-t225-z155um_ophys.nwb,22,48,624,4.176470588235294,13,14.615916955017303,17,84086336,640.0,160.0,0
044590e6-5a76-45c2-b2e9-dd788d877e58,001789,sub-rat-09Mar23/sub-rat-09Mar23_ses-D_icephys.nwb,26,57,620,4.045454545454546,13,10.043388429752067,22,29023752,200.0,25.0,1
0446bbc8-0365-46fc-b310-081e93c376ed,001550,sub-P055/sub-P055_ses-TaskSwitch4-171203a.nwb,35,112,2625,4.709677419354839,38,47.36732570239335,31,1122569,60.0,25.0,1
044d729e-470a-45a9-8041-858d2ba81bea,001169,sub-G078/sub-G078_ses-RWTautowait2-20221205-130514.nwb,32,118,3087,5.518518518518518,32,48.32373113854595,27,1636610,100.0,25.0,1
0453823a-cde3-49db-984d-5b5b6151528e,001169,sub-L014/sub-L014_ses-RWTautowait2-20220606-102340.nwb,32,117,3004,5.481481481481482,31,46.397805212620035,27,1510593,60.0,25.0,1
0456a2c1-5935-4790-8b3c-eb92be92a8fb,001550,sub-P055/sub-P055_ses-TaskSwitch4-180123a.nwb,35,112,2625,4.709677419354839,38,47.36732570239335,31,1367819,80.0,25.0,1
0459b2d8-5635-41fc-b65d-9a69d3e19a15,001516,sub-CHO-20230622-c7/sub-CHO-20230622-c7_obj-1wndust_image.nwb,17,38,431,4.153846153846154,13,13.668639053254442,13,20935914,80.0,25.0,1
0464c78d-f6b6-4fee-bb3a-de5c5521bcc0,001169,sub-G076/sub-G076_ses-RWTautowait2-20221101-132350.nwb,32,117,3004,5.481481481481482,31,46.397805212620035,27,999176,60.0,25.0,1
0465df2b-c6c3-4ede-9a5a-055e6eea14f8,000773,sub-ant5-m1-d10-y2023/sub-ant5-m1-d10-y2023_ses-m1-d10-y2023-ant5-0-48x-3-hexanone-40-t172-z60um_ophys.nwb,22,48,624,4.176470588235294,13,14.615916955017303,17,84086336,660.0,180.0,0
04734099-8488-4a47-9f81-d65d1eb16b6a,001169,sub-G075/sub-G075_ses-RWTautowait2-20220719-140016.nwb,32,117,3004,5.481481481481482,31,46.397805212620035,27,1313674,60.0,25.0,1
04755c91-7113-4c3e-afd5-1b862efd6a92,000971,sub-114-273/sub-114-273_ses-FP-PS-2019-06-13T13-23-13_behavior.nwb,26,52,651,3.5,13,13.886363636363637,22,237939,80.0,60.0,0
047646a4-63d3-42f4-af3a-a45fa38702d6,000773,sub-ant4-m1-d11-y2023/sub-ant4-m1-d11-y2023_ses-m1-d11-y2023-ant4-0-03x-3-hexanone-40-t188-z155um_ophys.nwb,22,48,624,4.176470588235294,13,14.615916955017303,17,84086336,640.0,160.0,0
04780829-483a-4738-ba4d-460002dc9152,000711,sub-485689/sub-485689_ses-20191125T084922_image.nwb,50,156,5473,4.478260869565218,24,34.72778827977316,46,196021111,420.0,25.0,1
0478cec1-6c3b-47a6-9065-213caa5c82d6,001550,sub-P100/sub-P100_ses-TaskSwitch4-181201a.nwb,35,112,2625,4.709677419354839,38,47.36732570239335,31,1400182,80.0,25.0,1
04804171-1fe7-499e-8876-6ff0853b5fec,000336,sub-655580/sub-655580_ses-1245510440-acq-1245934420-raw-movies_ophys.nwb,68,260,14699,5.403225806451613,30,41.30515088449531,62,19858147622,1340.0,25.0,1
0484197d-7607-4c05-bd10-ed209fe85257,000246,sub-PHP-V15-L23/sub-PHP-V15-L23_obj-15d1ou4_ophys.nwb,31,41,560,3.8421052631578947,13,14.027700831024932,19,8569256,25.0,25.0,1
048d9b37-d594-49ca-be1d-e51f3cadd246,001455,sub-914420066/sub-914420066_ses-920614862_icephys.nwb,120,452,42521,5.538461538461538,39,34.710059171597635,117,19292121,600.0,25.0,1
0494e2b3-94b1-4c37-a933-13bb2bce8942,000713,sub-577287/sub-577287_ses-20210812T094851_image.nwb,48,114,2391,3.6818181818181817,23,23.762396694214885,44,188170894,300.0,25.0,1
04975cfd-779a-44ab-96a5-95a44a95fd8c,000971,sub-272-396/sub-272-396_ses-FP-DPR-2020-07-17T12-55-28.nwb,25,51,641,3.5714285714285716,13,14.435374149659864,21,231992,100.0,60.0,0
04999264-5a61-47ff-a1dd-6c1b16fae5a7,000713,sub-585329/sub-585329_ses-20210907T104818_image.nwb,48,115,2402,3.7045454545454546,23,23.889979338842977,44,191396400,260.0,25.0,1
04a20311-6edf-4c9a-9bb5-674f8c8651bb,000773,sub-ant5-m1-d10-y2023/sub-ant5-m1-d10-y2023_ses-m1-d10-y2023-ant5-0-48x-4-methyl-3-heptanol-40-t174-z15um_ophys.nwb,22,48,624,4.176470588235294,13,14.615916955017303,17,84086336,660.0,180.0,0
04a48632-2c0d-4750-814f-b0f90a18e1b6,001836,sub-julio/sub-julio_ses-julio-20230811_obj-1fc2c16_behavior.nwb,104,71,1614,2.6153846153846154,65,50.91800507185121,91,78103400,80.0,25.0,1
04aed0ba-fc35-4fbf-834d-d055e5df7379,001169,sub-J006/sub-J006_ses-RWTautowait2-20201204-123700.nwb,32,117,3004,5.481481481481482,31,46.397805212620035,27,1502162,100.0,25.0,1
04aedb24-1ec8-4992-b32f-a11b8ce890ce,000552,sub-e13-26m1/sub-e13-26m1_ses-e13-26m1-211116_behavior+ecephys.nwb,42,90,1470,3.7567567567567566,16,15.75164353542732,37,153552379,4220.0,220.0,0
04b9a8c9-bd42-4416-883c-0cb69cd7a4b7,000773,sub-ant1-m2-d24-y2023/sub-ant1-m2-d24-y2023_ses-m2-d24-y2023-ant1-0-48x-4-methyl-3-heptanol-40-t140-z70um_ophys.nwb,22,48,624,4.176470588235294,13,14.615916955017303,17,84086336,620.0,160.0,0
04bafef1-6eee-4747-8677-200d518acb10,001836,sub-lewis/sub-lewis_ses-lewis-20240107_obj-ep2dad.nwb,103,84,1949,2.7777777777777777,65,53.68395061728392,90,1920516,80.0,25.0,1
04c82e9e-218c-4fd1-ac53-af4ff75e3dc0,001455,sub-842380950/sub-842380950_ses-845402560_icephys.nwb,120,428,35281,5.316239316239316,37,32.71195850683031,117,18237692,400.0,25.0,1
04d07da5-b64e-4244-b164-da1e7fe8071f,000246,sub-PHP-V14-H11/sub-PHP-V14-H11_obj-1ykwpsk_ophys.nwb,31,41,560,3.8421052631578947,13,14.027700831024932,19,8564888,25.0,25.0,1
04d55317-050b-4377-b670-f1bffac2b499,000713,sub-574078/sub-574078_ses-20210623T090546_image.nwb,48,115,2402,3.7045454545454546,23,23.889979338842977,44,191383373,280.0,25.0,1
04da80ab-3093-459b-b3ea-ace5bb99d558,000773,sub-ant1-m1-d11-y2023/sub-ant1-m1-d11-y2023_ses-m1-d11-y2023-ant1-0-03x-propionic-acid-40-t129-z155um_ophys.nwb,22,48,624,4.176470588235294,13,14.615916955017303,17,84086336,660.0,160.0,0
04dc0b29-cecb-4c27-a967-07da9750ab5e,001425,sub-VG1-GC#48/sub-VG1-GC#48_ses-2023-09-12-sensory-stim-day16_widefield.nwb,62,129,3038,3.473684210526316,15,9.828254847645429,57,11109189440,6900.0,100.0,0
04dee853-010a-420e-ba1b-1752d0ff16e7,000773,sub-ant4-m1-d20-y2023/sub-ant4-m1-d20-y2023_ses-m1-d20-y2023-ant4-0-48x-isopropanol-40-t202-z30um_ophys.nwb,22,48,624,4.176470588235294,13,14.615916955017303,17,84086336,620.0,160.0,0
04e82ae7-fad9-4bb0-bdf5-11e03462123c,000467,sub-ant2-m4-d27-y2022/sub-ant2-m4-d27-y2022_ses-m4-d27-y2022-ant2-0-0075x-4-methyl-3-heptanone-40-t169-z115um_ophys.nwb,22,48,624,4.176470588235294,13,14.615916955017303,17,84086336,500.0,120.0,0
04fa8088-0a28-4e30-ab58-8c206da7439d,001550,sub-P159/sub-P159_ses-TaskSwitch4-190521a.nwb,35,112,2625,4.709677419354839,38,47.36732570239335,31,662987,25.0,25.0,1
04fc7f38-18a2-41d3-8adb-42e24845a583,001872,sub-sample-well015/sub-sample-well015_ses-20260622T210111_ecephys.nwb,26,46,634,3.65,13,11.327500000000002,20,1457152031,220.0,25.0,1
04fd9b82-57ef-403f-b6f4-6dd2a4aa3cf5,001201,sub-Monkey-N/sub-Monkey-N_ses-20220429_obj-1qhe815_ecephys.nwb,31,70,930,4.12,13,13.945599999999999,25,36463208,540.0,220.0,0
051194e5-3e89-4517-b048-7de4d7da3a6f,000773,sub-ant5-m1-d10-y2023/sub-ant5-m1-d10-y2023_ses-m1-d10-y2023-ant5-0-48x-propionic-acid-40-t180-z135um_ophys.nwb,22,48,624,4.176470588235294,13,14.615916955017303,17,84086336,660.0,180.0,0
05129448-01e4-43c4-b3f6-e671138335f6,001620,sub-b519-8/sub-b519-8_ses-IBA1_ophys.nwb,24,49,608,3.8947368421052633,13,13.673130193905815,19,2408084,80.0,25.0,1
051655d8-4641-41a1-8312-bec72f58fb71,001035,sub-13-4/sub-13-4_ses-20kHz-sine-stimulation-8V_image.nwb,17,38,431,4.153846153846154,13,13.668639053254442,13,667427,80.0,25.0,1
0521975a-25ca-4623-a94e-c08dde11bc89,000713,sub-545996/sub-545996_ses-20201125T143823_image.nwb,48,115,2402,3.7045454545454546,23,23.889979338842977,44,191461149,360.0,25.0,1
05270225-954a-433f-b2e0-a7c194f4c47b,000617,sub-688426/sub-688426_ses-1306568187-acq-1306743197_ophys.nwb,66,196,6715,4.344262295081967,17,20.75033593120128,61,639331381,1340.0,25.0,1
0531c2cd-b3f2-4919-bc20-88ce22f7a9c7,000711,sub-484627/sub-484627_ses-20191031T091109_obj-1hfeng5_image+ophys.nwb,78,229,9548,4.342465753424658,24,25.896415837868265,73,646657092,860.0,25.0,1
05381a10-0306-4bf1-9bf0-66e8677bc18b,000971,sub-115-273/sub-115-273_ses-FP-PS-2019-06-05T10-43-16_behavior.nwb,26,52,651,3.5,13,13.886363636363637,22,236016,100.0,60.0,0
053c77af-5cc9-4df7-9693-d4bd55c539de,001169,sub-G042/sub-G042_ses-RWTautowait2-20211020-153144.nwb,32,117,3004,5.481481481481482,31,46.397805212620035,27,1230477,80.0,25.0,1
053c8950-725c-428f-ae48-c07bdb467d8d,000246,sub-AAV-V14-B6/sub-AAV-V14-B6_obj-1o03af5_ophys.nwb,31,41,560,3.8421052631578947,13,14.027700831024932,19,8564888,40.0,25.0,1
05410304-e717-4b6e-8dbe-48b6e562275a,000467,sub-ant4-m4-d26-y2022/sub-ant4-m4-d26-y2022_ses-m4-d26-y2022-ant4-0-48x-4-methyl-3-heptanol-40-t261-z45um_ophys.nwb,22,48,624,4.176470588235294,13,14.615916955017303,17,84086336,500.0,120.0,0
05410f1e-b8b6-4000-a447-99c312f65db6,000711,sub-435431/sub-435431_ses-20190614T095044_obj-zizx5p_image+ophys.nwb,78,229,9548,4.342465753424658,24,25.896415837868265,73,261813928,980.0,60.0,0
05468f1f-cecc-4ee8-911a-f57ea18b84d4,000467,sub-ant4-m4-d26-y2022/sub-ant4-m4-d26-y2022_ses-m4-d26-y2022-ant4-0-48x-4-methyl-3-heptanone-40-t257-z85um_ophys.nwb,22,48,624,4.176470588235294,13,14.615916955017303,17,84086336,520.0,140.0,0
054daca4-d915-4148-8471-36879b0e7f81,000728,sub-572401655/sub-572401655_ses-589098031-StimB_ophys.nwb,23,48,605,4.055555555555555,13,13.163580246913579,18,47421707228,18180.0,25.0,1
055c0a2d-b07a-47e8-afa1-c4d050459d83,000773,sub-ant3-m1-d17-y2023/sub-ant3-m1-d17-y2023_ses-m1-d17-y2023-ant3-0-03x-3-hexanone-40-t205-z110um_ophys.nwb,22,48,624,4.176470588235294,13,14.615916955017303,17,84086336,640.0,160.0,0
055fe63c-232a-4440-ae31-6585c2352b31,000341,Human_persistent_RAF/sub-160226/sub-160226_ses-1602262rm-1-3-3_icephys.nwb,2384,10673,37691006,6.48129466162253,1181,1163.0432608711399,2379,169067372,34500.0,200.0,0
056013e5-dc7c-4a88-954e-76d08ab18635,001169,sub-L011/sub-L011_ses-RWTautowait2-20220328-153133.nwb,32,117,3004,5.481481481481482,31,46.397805212620035,27,1421708,100.0,25.0,1
0560bac5-d79e-415f-973f-634ae0066be4,001607,sub-Frodo/sub-Frodo_ses-5_obj-176371y_ecephys.nwb,253,72,23400,3.0689655172413794,36,24.495243757431634,116,863336,100.0,25.0,1
0560da9d-d37c-4eb1-8e7b-9b5aae8eb648,000405,sub-s1/sub-s1_ses-NE-OF-062618.nwb,19,42,447,4.0,13,11.6,15,5045288,740.0,180.0,0
0562aa7a-ac42-48f1-807b-28629a144e32,001708,sub-rat-68/sub-rat-68_ses-1.nwb,21,55,530,4.166666666666667,13,13.472222222222221,18,981528,260.0,80.0,0
05637168-5a19-453a-9a3f-fdf677565dac,001169,sub-S024/sub-S024_ses-RWTautowait2-20210702-162612.nwb,32,117,3004,5.481481481481482,31,46.397805212620035,27,1424960,80.0,25.0,1
057563c6-154e-4ae8-8641-172e71ebf76c,001550,sub-P078/sub-P078_ses-TaskSwitch4-161101a.nwb,35,112,2625,4.709677419354839,38,47.36732570239335,31,817174,80.0,25.0,1
0579b985-b6ab-406b-9627-b54b4462ab54,001550,sub-P187/sub-P187_ses-TaskSwitch6-190620a.nwb,33,110,2570,4.896551724137931,38,49.74791914387635,29,1158309,100.0,25.0,1
0579cd2e-1e2d-4220-a754-f89e11b17fb6,000711,sub-498972/sub-498972_ses-20200210T142415_image.nwb,50,156,5473,4.478260869565218,24,34.72778827977316,46,196097644,340.0,25.0,1
057afd49-b09e-4193-aa3a-5c069552f31d,001550,sub-P049/sub-P049_ses-TaskSwitch4-171026b.nwb,35,112,2625,4.709677419354839,38,47.36732570239335,31,957476,80.0,25.0,1
0587436e-be44-47a0-8615-9b329feefbac,000773,sub-ant4-m1-d18-y2023/sub-ant4-m1-d18-y2023_ses-m1-d18-y2023-ant4-0-48x-3-hexanone-40-t159-z95um_ophys.nwb,22,48,624,4.176470588235294,13,14.615916955017303,17,84086336,620.0,160.0,0
0598cef6-843f-48f4-8f23-65537ea2584e,001169,sub-G102/sub-G102_ses-RWTautowait2-20230717-151031.nwb,32,118,3087,5.518518518518518,32,48.32373113854595,27,1156268,100.0,25.0,1
059c293f-2f7d-42c7-afe5-542c2d391f76,001169,sub-J052/sub-J052_ses-RWTautowait2-20221201-141901.nwb,32,118,3087,5.518518518518518,32,48.32373113854595,27,1290386,60.0,25.0,1
059ce8ff-422c-483d-b492-6ecd798557b1,001692,sub-UG27/sub-UG27_ses-240227_ophys.nwb,64,106,3243,4.333333333333333,18,15.079365079365083,42,8761665581,1340.0,25.0,1
059e94d0-150c-48dd-9e60-bd592c99ee8e,001435,sub-Lalo/sub-Lalo_ses-20230215_ecephys.nwb,26,49,692,3.5714285714285716,13,11.959183673469388,21,15516307782,7380.0,80.0,0
05a1392d-f62f-4aba-b6ad-438a2e2deb27,001169,sub-M041/sub-M041_ses-RWTautowait2-20221121-115244.nwb,32,117,3057,5.481481481481482,32,48.397805212620035,27,1509664,120.0,25.0,1
05a1d2db-1da4-4adc-8e95-a15fe1c8befb,000711,sub-453988/sub-453988_ses-20190530T123902_image.nwb,48,116,2469,3.727272727272727,23,24.743801652892568,44,188726247,260.0,25.0,1
05a23142-a057-4fb4-a8f7-8e9456347faf,001051,sub-608672/sub-608672_ses-None_probe-68_ecephys.nwb,36,62,1087,3.3,14,12.343333333333334,30,2910035072,1220.0,40.0,0
05a43a52-9ecb-47bc-97aa-4854ffe83f24,001452,sub-25/sub-25_ses-20250516T215132_icephys.nwb,61,153,8258,4.553571428571429,41,27.46141581632653,56,3573376,260.0,25.0,1
05b2ad72-72fd-4592-ba73-05508c299a58,000020,sub-682365580/sub-682365580_ses-685762860_icephys.nwb,100,392,27830,5.670103092783505,42,33.087044319268784,97,20772982,22180.0,420.0,0
05b2c87d-b861-4a23-93ba-bf256bc15e45,000971,sub-100-258/sub-100-258_ses-FP-RR20-2019-04-23T12-25-00_behavior.nwb,44,78,1514,3.903225806451613,14,14.409989594172735,31,349509382,320.0,60.0,0
05b49984-a20b-4305-be53-641933f8152f,001359,sub-1336043860/sub-1336043860_ses-1336100434_icephys.nwb,228,896,184352,5.7155555555555555,81,67.66131358024691,225,62815438,980.0,25.0,1
05b4a94f-2f45-4852-bfe0-b23eaec6ae92,001550,sub-P072/sub-P072_ses-TaskSwitch4-160923a.nwb,35,112,2625,4.709677419354839,38,47.36732570239335,31,944345,120.0,25.0,1
05ba3c8f-7a76-485a-b753-5d8acb1616c8,000248,sub-637484/sub-637484_ses-1208667752_probe-2_ecephys.nwb,27,55,937,3.772727272727273,14,15.08471074380165,22,2325662767,1440.0,80.0,0
05bb2b91-5246-4a4e-94df-be9aae27cd16,000711,sub-453911/sub-453911_ses-20190711T084633_obj-1u14bbh_image+ophys.nwb,78,229,9548,4.342465753424658,24,25.896415837868265,73,425571486,520.0,60.0,0
05bbdadd-12a7-4c64-ba81-fe772d17a985,000728,sub-558793503/sub-558793503_ses-569718097-StimA_behavior+image+ophys.nwb,53,92,2027,3.3617021276595747,13,6.954277953825259,47,313769644,540.0,60.0,0
05c270fc-4a5f-4ca1-97c4-2526deae0cb9,000947,sub-Isis/sub-Isis_ses-pre-MPTP-I-160701-2_ecephys.nwb,34,88,1378,4.241379310344827,16,18.321046373365043,29,5402503201,3240.0,200.0,0
05cc77ad-3937-4017-a698-47571cd7f540,001676,sub-A0670/sub-A0670_ses-20230120T101645_behavior+ophys.nwb,35,66,895,3.433333333333333,13,10.245555555555557,30,80679408,260.0,25.0,1
05d5369b-32f3-46b3-bb2e-c6b2916fc401,000336,sub-655042/sub-655042_ses-1241145430-acq-1241919406_ophys.nwb,67,256,14371,5.39344262295082,30,41.94356355818329,61,126541178,1060.0,25.0,1
05d9533b-de3d-41a8-aefb-5ba8ee0f46c0,000579,sub-5/sub-5_ses-mouse-5-session-date-2017-06-15-area-V1-L23-multi-plane-imaging_behavior+ophys.nwb,85,193,12100,4.164383561643835,17,15.53462188027773,73,661107357,7420.0,180.0,0
05e47a7d-6228-4a04-b014-4871544c0a40,001550,sub-P124/sub-P124_ses-TaskSwitch4-180323a.nwb,35,112,2625,4.709677419354839,38,47.36732570239335,31,644153,60.0,25.0,1
05e69c38-9f43-4be1-80ad-8a8d55f00f56,000773,sub-ant1-m1-d11-y2023/sub-ant1-m1-d11-y2023_ses-m1-d11-y2023-ant1-0-03x-3-hexanone-40-t131-z60um_ophys.nwb,22,48,624,4.176470588235294,13,14.615916955017303,17,84086336,660.0,180.0,0
05e8f776-2a84-42ae-98ac-6b4c49f3be2e,000020,sub-703285845/sub-703285845_ses-707147521_icephys.nwb,127,493,46621,5.629032258064516,49,40.943028095733624,124,44136203,27940.0,400.0,0
05efab79-0fae-40a7-8768-536c9e467830,000766,sub-PC12-cell/sub-PC12-cell_ses-20210221T153000_obj-1iv3xpf.nwb,17,35,401,3.923076923076923,13,13.609467455621298,13,192088,100.0,60.0,0
05f2c053-4b80-48a3-a6e4-b8a4a0230d22,000954,sub-HumanPitt-held-in-minival/sub-HumanPitt-held-in-minival_ses-19250115T110633.nwb,23,52,488,3.8947368421052633,13,12.199445983379503,19,1106836,420.0,320.0,0
06023059-ddc0-4a9b-881a-9f44c5d02bc9,000711,sub-513630/sub-513630_ses-20200731T125117_obj-126qpy2_image+ophys.nwb,73,223,9181,4.5,24,27.25,68,465038039,820.0,25.0,1
0602acfd-a8a9-4ac4-b238-b3edc2a15759,000773,sub-ant5-m1-d11-y2023/sub-ant5-m1-d11-y2023_ses-m1-d11-y2023-ant5-0-03x-3-hexanone-40-t221-z85um_ophys.nwb,22,48,624,4.176470588235294,13,14.615916955017303,17,84086336,640.0,160.0,0
06040f49-34dc-473a-ac9a-f926e8ac6d54,001199,sub-BH657/sub-BH657_ses-20250305T173700_ecephys.nwb,28,47,646,4.166666666666667,14,16.027777777777775,18,553216,80.0,25.0,1
0607ddb5-ac46-4af7-a434-8b367ffef8bc,001550,sub-P055/sub-P055_ses-TaskSwitch4-161005a.nwb,35,112,2625,4.709677419354839,38,47.36732570239335,31,894470,60.0,25.0,1
060a6129-7e17-436e-9ba1-c039a856bfa3,001181,sub-m1618/sub-m1618_ses-20221013T142320Z_photometry.nwb,25,70,952,4.2727272727272725,21,23.289256198347097,22,675197,60.0,25.0,1
060b7386-b7a9-485d-9ca6-6955b273e5e9,001550,sub-P007/sub-P007_ses-TaskSwitch2-150922a.nwb,33,109,2496,4.862068965517241,37,47.49821640903686,29,875909,80.0,25.0,1
0611bed8-2462-41a1-8d29-3306fd5f965c,000467,sub-ant3-m4-d26-y2022/sub-ant3-m4-d26-y2022_ses-m4-d26-y2022-ant3-1x-paraffin-oil-40-t195-z75um_ophys.nwb,22,48,624,4.176470588235294,13,14.615916955017303,17,84086336,500.0,120.0,0
0615ec65-cb24-43d6-acaa-8958492b2655,000981,sub-20220701-m3/sub-20220701-m3_ses-20220701_ophys.nwb,42,99,3045,4.277777777777778,14,12.367283950617283,36,1950889487,1440.0,25.0,1
0616c832-f9f3-47ea-b8c9-87ef29198000,000713,sub-585329/sub-585329_ses-20210924T101232_image.nwb,48,115,2402,3.7045454545454546,23,23.889979338842977,44,191462652,320.0,25.0,1
06173fa7-c13b-48f6-b1b3-f0617540fc5c,001169,sub-L025/sub-L025_ses-RWTautowait2-20230719-113241.nwb,32,118,3087,5.518518518518518,32,48.32373113854595,27,1060261,100.0,25.0,1
061a24a0-8772-42c4-8385-32dd5bfc8481,001550,sub-P074/sub-P074_ses-TaskSwitch4-171028a.nwb,35,112,2625,4.709677419354839,38,47.36732570239335,31,1339309,120.0,25.0,1
062d1e27-d210-4259-ae58-e9ddd0b882c6,001836,sub-klein/sub-klein_ses-klein-20231104_obj-1cloh41.nwb,103,74,1739,2.6666666666666665,65,51.844444444444456,90,64941760,100.0,25.0,1
063a5840-c1c4-49b3-889c-9f14142415f8,000336,sub-698808/sub-698808_ses-1316155641-acq-1316301522-raw-movies_image+ophys.nwb,89,449,49996,6.488095238095238,30,46.368905895691604,84,23838601019,1320.0,25.0,1
063fb55d-c188-45c5-8ab9-558c605b8154,001169,sub-S026/sub-S026_ses-RWTautowait2-20210914-155013.nwb,32,117,3004,5.481481481481482,31,46.397805212620035,27,1325286,60.0,25.0,1
06401683-d1d8-434f-a5fa-dd07d7e42711,000467,sub-ant3-m10-d6-y2022/sub-ant3-m10-d6-y2022_ses-m10-d6-y2022-ant3-0-48x-3-hexanone-40-t166-z30um_ophys.nwb,22,48,624,4.176470588235294,13,14.615916955017303,17,84086336,700.0,180.0,0
0644f1af-752b-4576-aaf8-f4671726c382,000773,sub-ant5-m1-d10-y2023/sub-ant5-m1-d10-y2023_ses-m1-d10-y2023-ant5-0-48x-propionic-acid-40-t173-z30um_ophys.nwb,22,48,624,4.176470588235294,13,14.615916955017303,17,84086336,660.0,160.0,0
0649d605-8f16-48ad-8b49-3f3ceb944d2f,001169,sub-E008/sub-E008_ses-RWTautowait2-20221007-125713.nwb,32,116,2974,5.444444444444445,31,46.46913580246915,27,1051892,60.0,25.0,1
065110e3-0211-401b-9cfd-db3bc785ed60,000713,sub-527749/sub-527749_ses-20200706T134800_image.nwb,48,118,2609,3.772727272727273,25,26.584710743801654,44,66562869,340.0,60.0,0
06535891-a77f-4b02-a1bd-a203bbaa73f7,000293,sub-X2016-02-04-2016-02-04-0009/sub-X2016-02-04-2016-02-04-0009_icephys.nwb,49,158,5436,5.177777777777778,13,9.301728395061726,45,1509012,4620.0,480.0,0
06562d56-2439-48ee-be33-7505c936fb9b,000467,sub-ant2-m10-d11-y2022/sub-ant2-m10-d11-y2022_ses-m10-d11-y2022-ant2-0-48x-ethylpyrazine-40-t163-z155um_ophys.nwb,22,48,624,4.176470588235294,13,14.615916955017303,17,84086336,700.0,180.0,0
0656dcfe-3148-4345-b705-3e497327868d,001169,sub-E004/sub-E004_ses-RWTautowait2-20220407-133736.nwb,32,117,3004,5.481481481481482,31,46.397805212620035,27,1113201,60.0,25.0,1
065bb192-7406-4107-aa7c-af5b426ef3a6,000711,sub-544261/sub-544261_ses-20201102T090006_image.nwb,48,119,2682,3.7954545454545454,26,27.571797520661153,44,66910154,160.0,25.0,1
065de941-1093-4483-97a2-09c361d0701c,000728,sub-491604967/sub-491604967_ses-501567645-StimA_ophys.nwb,23,48,605,4.055555555555555,13,13.163580246913579,18,38700209179,15700.0,25.0,1
065e67f0-bf12-4ba4-b2dc-47c542505227,000467,sub-ant3-m10-d6-y2022/sub-ant3-m10-d6-y2022_ses-m10-d6-y2022-ant3-0-48x-3-hexanone-40-t185-z160um_ophys.nwb,22,48,624,4.176470588235294,13,14.615916955017303,17,84086336,700.0,180.0,0
066a0de3-208e-4eba-bb34-24bb0ed7f3ca,000711,sub-485689/sub-485689_ses-20191014T104552_image.nwb,48,119,2682,3.7954545454545454,26,27.571797520661153,44,66779560,200.0,25.0,1
066c0640-d71e-4526-a330-3e8e5497e322,000713,sub-560770/sub-560770_ses-20210326T104636_image.nwb,48,114,2391,3.6818181818181817,23,23.762396694214885,44,188100837,300.0,25.0,1
066c773d-eaae-4717-9d3b-3fd205ccbbb5,001534,sub-1420615827/sub-1420615827_ses-1426757704_icephys.nwb,249,981,230456,5.739837398373984,91,72.65589265648755,246,48364045,600.0,25.0,1
066ec563-833f-4857-8586-a42cae3caa2c,001455,sub-650125704/sub-650125704_ses-653197894_icephys.nwb,248,972,251235,5.836734693877551,105,93.58967097042897,245,39066062,1020.0,25.0,1
0672754b-9e67-4c77-9f0d-3506fbe89bdb,000579,sub-7/sub-7_ses-mouse-7-session-date-2017-08-17-area-visA-L5-multi-plane-imaging_behavior+ophys.nwb,85,194,12152,4.178082191780822,17,15.817601801463686,73,1142987253,7760.0,180.0,0
067da1f6-b64f-4c44-aef7-af41d3dee480,001169,sub-G022/sub-G022_ses-RWTautowait2-20201116-151340.nwb,32,117,3004,5.481481481481482,31,46.397805212620035,27,1298008,80.0,25.0,1
067eb3da-42df-423e-8994-ed5893d7a4ff,001333,sub-parkinson-simulated-lfp/sub-parkinson-simulated-lfp_ses-111_ecephys.nwb,27,44,543,3.3636363636363638,13,11.59504132231405,22,822640,160.0,80.0,0
0680a1bd-225c-4167-a4d5-4d4ca7964516,000020,sub-660204353/sub-660204353_ses-661423705_icephys.nwb,212,855,165348,5.842105263157895,77,66.02770083102496,209,48018864,38980.0,420.0,0
0691baf1-ccdb-4966-8740-83d11ac20f32,001359,sub-1346456435/sub-1346456435_ses-1346509818_icephys.nwb,174,666,102101,5.637426900584796,62,47.97380390547519,171,40602647,740.0,25.0,1
0692764a-e11f-41da-ab34-15ef39583ecb,000363,sub-456772/sub-456772_ses-20191119T115109_behavior+ecephys+image+ogen.nwb,506,1521,986580,4.080321285140562,455,413.78872921404513,498,323750872692,241760.0,120.0,0
06a8e0cb-5d8e-47d4-b147-3851c5848d47,000934,sub-1301204249/sub-1301204249_ses-1301773570_icephys.nwb,194,703,111628,5.429319371727749,70,56.62196759957241,191,47077336,2900.0,100.0,0
06a8f9bd-768e-4715-b5ac-66b93fe9353f,000008,sub-mouse-OKHZS/sub-mouse-OKHZS_ses-20190716-sample-1_slice-20190716-slice-1_cell-20190716-sample-1_icephys.nwb,181,534,87401,4.937853107344632,80,65.17692872418525,177,9565698,16260.0,440.0,0
06bd637f-bbc1-4ca1-9dfd-ad957d64756d,001611,sub-25897/sub-25897_ses-20241113T183033_ecephys.nwb,25,52,649,4.105263157894737,13,13.988919667590027,19,16915108,80.0,25.0,1
06c6c381-8190-4d49-a4d2-eb867da20fad,000467,sub-ant1-m4-d26-y2022/sub-ant1-m4-d26-y2022_ses-m4-d26-y2022-ant1-0-48x-4-methyl-3-heptanone-40-t149-z120um_ophys.nwb,22,48,624,4.176470588235294,13,14.615916955017303,17,84086336,660.0,160.0,0
06ce44e0-b0f5-4362-bf50-110fdb612e0b,000713,sub-553963/sub-553963_ses-20210330T145631_image.nwb,48,115,2402,3.7045454545454546,23,23.889979338842977,44,191421876,320.0,25.0,1
06d432ce-ce75-4ee6-9704-9667410d92c7,000336,sub-656228/sub-656228_ses-1243569562-acq-1243680868-denoised-movies_ophys.nwb,71,280,15817,5.507692307692308,30,40.03455621301775,65,19771898307,1160.0,25.0,1
06d50a98-fd00-4d2d-b2fd-3b9218ef1c57,000773,sub-ant3-m1-d17-y2023/sub-ant3-m1-d17-y2023_ses-m1-d17-y2023-ant3-0-03x-ethylpyrazine-40-t195-z110um_ophys.nwb,22,48,624,4.176470588235294,13,14.615916955017303,17,84086336,620.0,160.0,0
06e2c4f6-080e-49bf-b0dd-8c6f88db3f18,000617,sub-680787/sub-680787_ses-1286974919-acq-1287122937-raw-movies_ophys.nwb,60,167,5466,4.277777777777778,17,22.12654320987654,54,21165529400,8400.0,25.0,1
06e63cf8-d33e-4fdd-863d-7b4b61683546,001702,sub-5xFAD--12M-Fig1/sub-5xFAD--12M-Fig1_ses-20240211T120000_obj-1yc6wjl.nwb,16,37,446,4.7272727272727275,13,15.47107438016529,11,185480,25.0,25.0,1
06e6d589-6ec4-477f-bbf4-90b0d522812c,001169,sub-J022/sub-J022_ses-RWTautowait2-20211028-154333.nwb,32,116,2974,5.444444444444445,31,46.46913580246915,27,1409919,140.0,25.0,1
06ea3883-bb4f-4ef3-a882-09b1a111b0a4,000971,sub-121-280/sub-121-280_ses-Opto-DMS-Excitatory-ChR2-2019-07-03T10-58-07_behavior+ogen.nwb,31,56,745,3.3461538461538463,14,13.995562130177516,26,246032,80.0,60.0,0
06f3a9aa-295d-47c8-9c07-876b84e54294,000488,sub-439895/sub-439895_ses-826834709_behavior+image+ophys.nwb,110,2188,5879857,22.066037735849058,901,12293.174884300466,106,1317135476,86240.0,180.0,0
070c6b86-4f1b-411f-8650-39deeb7af107,001550,sub-P116/sub-P116_ses-TaskSwitch6-190615a.nwb,33,112,2724,4.9655172413793105,40,54.44708680142688,29,1092218,80.0,25.0,1
0713f469-e2c1-4472-8a37-81eb83aa98d8,001836,sub-molly/sub-molly_ses-molly-20220417_obj-gqslac.nwb,99,68,1558,2.6744186046511627,65,53.8474851270957,86,2526632,60.0,25.0,1
07145b2c-2855-43f8-b896-ae0a9f63577e,001445,sub-G3-10/sub-G3-10_obj-16vvftv_ecephys.nwb,22,45,579,3.9411764705882355,13,12.643598615916957,17,203556,25.0,25.0,1
071a38b7-6b39-4a13-973b-b1130521692a,001169,sub-J023/sub-J023_ses-RWTautowait2-20211025-161350.nwb,32,116,2974,5.444444444444445,31,46.46913580246915,27,1148488,60.0,25.0,1
072015f8-f9c0-48f9-bba0-52165c5ed3fb,000020,sub-750789321/sub-750789321_ses-755584342_icephys.nwb,105,422,30951,5.754901960784314,39,32.9693387158785,102,17055922,21600.0,380.0,0
0722ed35-4d41-45b6-88ad-6452a0f91987,000246,sub-PHP-V15-L11/sub-PHP-V15-L11_obj-2tf7n0_ophys.nwb,31,41,560,3.8421052631578947,13,14.027700831024932,19,8566968,60.0,25.0,1
072a1536-0a56-4924-8a54-d684cd27caf0,001550,sub-P135/sub-P135_ses-TaskSwitch4-190508a.nwb,35,112,2625,4.709677419354839,38,47.36732570239335,31,995814,100.0,25.0,1
072d6562-ccc0-4047-9276-8646257283a6,000773,sub-ant4-m1-d18-y2023/sub-ant4-m1-d18-y2023_ses-m1-d18-y2023-ant4-0-48x-isopropanol-40-t155-z30um_ophys.nwb,22,48,624,4.176470588235294,13,14.615916955017303,17,84086336,620.0,160.0,0
072f56ba-a821-48c4-8a2a-87812c90e9aa,000773,sub-ant2-m1-d20-y2023/sub-ant2-m1-d20-y2023_ses-m1-d20-y2023-ant2-0-48x-isopropanol-40-t158-z50um_ophys.nwb,22,48,624,4.176470588235294,13,14.615916955017303,17,84086336,600.0,160.0,0
072f9246-c39b-405e-baf7-680f3c22ff0b,000628,sub-Bo/sub-Bo_ses-20200712T165630_behavior.nwb,1209,3589,12617201,4.000834028356964,1184,1162.5112586872162,1199,37363399,1000.0,120.0,0
073368f2-8d25-4e92-bdf0-029f7531140b,000971,sub-64-205/sub-64-205_ses-FP-DPR-2018-10-11T09-51-42_behavior.nwb,26,52,651,3.5,13,13.886363636363637,22,238702,520.0,160.0,0
073d21eb-2bf2-4978-8191-4a703dd86ad8,000773,sub-ant2-m2-d24-y2023/sub-ant2-m2-d24-y2023_ses-m2-d24-y2023-ant2-0-48x-propionic-acid-40-t157-z110um_ophys.nwb,22,48,624,4.176470588235294,13,14.615916955017303,17,84086336,620.0,160.0,0
074424a8-8fb6-4e12-89a7-694d51c6255d,000971,sub-261-478/sub-261-478_ses-Opto-DMS-Inhibitory-EYFP-2021-10-25T13-27-25_ogen.nwb,30,57,751,3.3846153846153846,15,14.698224852071005,26,249596,80.0,60.0,0
0744ad6e-3793-4e1d-974c-e03a1934c8df,001455,sub-899526590/sub-899526590_ses-902323270_icephys.nwb,139,560,65575,5.830882352941177,47,43.31698745674742,136,20971032,440.0,25.0,1
07469705-9bee-44a9-86a9-faab9226be60,000467,sub-ant5-m10-d11-y2022/sub-ant5-m10-d11-y2022_ses-m10-d11-y2022-ant5-0-48x-propionic-acid-40-t216-z155um_ophys.nwb,22,48,624,4.176470588235294,13,14.615916955017303,17,84086336,700.0,180.0,0
074bbb32-aaf2-45e3-8cf5-a827f54432c1,000959,sub-T/sub-T_ses-20220419_obj-1e1lqdg_behavior.nwb,41,275,26986,8.513513513513514,16,33.330898466033595,37,17558464,280.0,60.0,0
07501b6d-774a-4863-868b-1be89c672fc4,000617,sub-703102/sub-703102_ses-1327386124-acq-1327903094_ophys.nwb,66,196,6715,4.344262295081967,17,20.75033593120128,61,624852363,1200.0,25.0,1
07504b97-1da3-4a69-ab01-0a22fbb4ff6b,001550,sub-P120/sub-P120_ses-TaskSwitch4-171115a.nwb,35,112,2625,4.709677419354839,38,47.36732570239335,31,1111431,60.0,25.0,1
07521bf6-f940-4047-9a1c-c0615b3bc80f,001550,sub-P007/sub-P007_ses-TaskSwitch4-161215a.nwb,33,110,2570,4.896551724137931,38,49.74791914387635,29,1369578,120.0,25.0,1
07556bbf-7441-4514-aac2-aaafeb359484,000467,sub-ant2-m4-d27-y2022/sub-ant2-m4-d27-y2022_ses-m4-d27-y2022-ant2-0-12x-6-methyl-5-hepten-2-one-40-t183-z55um_ophys.nwb,22,48,624,4.176470588235294,13,14.615916955017303,17,84086336,500.0,140.0,0
077db756-0d4a-4d2e-b8ee-00e305406954,000467,sub-ant3-m4-d26-y2022/sub-ant3-m4-d26-y2022_ses-m4-d26-y2022-ant3-1x-isopropanol-40-t196-z95um_ophys.nwb,22,48,624,4.176470588235294,13,14.615916955017303,17,84086336,520.0,120.0,0
079aebfe-e501-4ba1-b0f5-53076b2ed90d,001169,sub-J010/sub-J010_ses-RWTautowait2-20210426-115543.nwb,32,116,2974,5.444444444444445,31,46.46913580246915,27,1463942,120.0,25.0,1
079d1dca-ebe9-480d-a615-ae9069133298,000020,sub-853715134/sub-853715134_ses-855488126_icephys.nwb,124,494,44001,5.735537190082645,39,37.96311727341029,121,20046904,23860.0,340.0,0
079e75d8-ac94-44ed-bdd2-aa82cc130a00,001634,sub-Bilbo/sub-Bilbo_ses-5_obj-mbhor_ecephys.nwb,253,68,23364,3.0344827586206895,36,24.360879904875155,116,720464,25.0,25.0,1
079ed112-1543-4342-9799-663d8d1f5ac8,000713,sub-524761/sub-524761_ses-20200706T101019_image.nwb,48,118,2609,3.772727272727273,25,26.584710743801654,44,68085946,440.0,60.0,0
079fbc14-1a5c-4fa4-901f-94b612a46538,001169,sub-E005/sub-E005_ses-RWTautowait2-20220309-141409.nwb,32,117,3004,5.481481481481482,31,46.397805212620035,27,1339953,120.0,25.0,1
079fc9a3-e20c-4c88-b3c0-bb38d840e517,001626,sub-1452803736/sub-1452803736_ses-1453129562_icephys.nwb,264,1007,230718,5.590038314176245,94,80.93154827439407,261,65670505,1040.0,80.0,0
07a1c615-250a-4c08-ab4f-b16dff576174,000467,sub-ant2-m4-d21-y2022/sub-ant2-m4-d21-y2022_ses-m4-d21-y2022-ant2-0-12x-4-methyl-3-heptanol-40-t169-z145um_ophys.nwb,22,48,624,4.176470588235294,13,14.615916955017303,17,84086336,680.0,180.0,0
07a35fd4-e5b6-468a-b0d8-dd262a94d96c,001349,sub-C57-C2-1-ALBR/sub-C57-C2-1-ALBR_ses-2_ophys.nwb,32,64,1380,3.923076923076923,13,11.07100591715976,26,31322032,140.0,25.0,1
07a5008d-56d8-4eda-ac2a-180b9d035158,000773,sub-ant1-m2-d24-y2023/sub-ant1-m2-d24-y2023_ses-m2-d24-y2023-ant1-0-48x-4-methyl-3-heptanone-40-t134-z85um_ophys.nwb,22,48,624,4.176470588235294,13,14.615916955017303,17,84086336,620.0,160.0,0
07ac9dc0-e9a7-400c-88d4-5f3350972228,000773,sub-ant3-m1-d17-y2023/sub-ant3-m1-d17-y2023_ses-m1-d17-y2023-ant3-0-03x-4-methyl-3-heptanol-40-t186-z25um_ophys.nwb,22,48,624,4.176470588235294,13,14.615916955017303,17,84086336,640.0,160.0,0
07b5af34-697c-4485-bb65-d5944deab5b5,000341,"In_vivo/sub-1705261og/sub-1705261og_ses-1705261og-1-15,17-1_icephys.nwb",414,1660,892689,6.029339853300733,243,190.01869907520884,409,1691015440,4000.0,25.0,1
07bb55bf-b815-4788-9ab6-1654b813a56b,000008,sub-mouse-IAHGR/sub-mouse-IAHGR_ses-20180621-sample-3_slice-20180621-slice-3_cell-20180621-sample-3_icephys.nwb,181,538,87573,4.96045197740113,80,65.58600657537745,177,8835279,16680.0,460.0,0
07c18011-262e-4c9d-b1a1-ae41e0c91471,001611,sub-26265/sub-26265_ses-20241224T151821_ecephys.nwb,25,52,649,4.105263157894737,13,13.988919667590027,19,11781656,80.0,25.0,1
07c58f8f-ce58-45a9-9337-ba20ce077686,001526,sub-CHO-20250501-c3/sub-CHO-20250501-c3_ses-session-2025-05-01_obj-b4zwc_image.nwb,17,38,431,4.153846153846154,13,13.668639053254442,13,33801083,100.0,25.0,1
07c6ff3b-d21a-42d1-836d-27bda754e5d4,001169,sub-G055/sub-G055_ses-RWTautowait2-20220112-160828.nwb,32,117,3004,5.481481481481482,31,46.397805212620035,27,1175129,60.0,25.0,1
07d0b33d-b7c8-4349-96ec-9ffbef92673e,001702,sub-Control-Unknown-SF6/sub-Control-Unknown-SF6_obj-quojv2.nwb,16,37,446,4.7272727272727275,13,15.47107438016529,11,185480,25.0,25.0,1
07dbad50-0a99-4797-b56a-66365cb7be27,000971,sub-238-388/sub-238-388_ses-Opto-DLS-Excitatory-EYFP-2020-07-09T12-26-14_behavior+ogen.nwb,31,58,761,3.3333333333333335,15,14.22222222222222,27,253207,80.0,60.0,0
07e09157-9913-46ed-ac9d-d63b57444601,001035,sub-4-4/sub-4-4_ses-2kHz-sine-stimulation-4-6V_image.nwb,17,38,431,4.153846153846154,13,13.668639053254442,13,720794,100.0,60.0,0
07e7fef6-d880-4d4d-97c0-48872ad14036,001063,sub-13943393678744678364/sub-13943393678744678364_ses-20221101T153822.nwb,18,21,164,6.333333333333333,13,21.555555555555557,6,693856,80.0,60.0,0
07f7371a-c6cf-4aa8-b2ee-b6aceff9ab9d,001550,sub-P055/sub-P055_ses-TaskSwitch4-171109f.nwb,35,112,2625,4.709677419354839,38,47.36732570239335,31,647687,25.0,25.0,1
07fbd991-4660-46dd-bb12-a469d1055842,001169,sub-S043/sub-S043_ses-RWTautowait2-20220909-155305.nwb,32,117,3004,5.481481481481482,31,46.397805212620035,27,1006654,80.0,25.0,1
07fcb316-7f64-4f7d-a897-e09e8b654153,001550,sub-P072/sub-P072_ses-TaskSwitch4-170607a.nwb,35,112,2625,4.709677419354839,38,47.36732570239335,31,1862967,100.0,25.0,1
0806d636-b214-4e82-95b3-5fd389bba20e,001169,sub-M032/sub-M032_ses-RWTautowait2-20210406-141331.nwb,32,117,3004,5.481481481481482,31,46.397805212620035,27,2027276,120.0,25.0,1
080e0f9d-403f-4429-8df8-a10820c9579f,000713,sub-509808/sub-509808_ses-None_probe-1048089915_ecephys.nwb,36,62,1087,3.3,14,12.343333333333334,30,4647272192,3720.0,320.0,0
080f426c-759e-4cb6-bdab-71c17abf59a7,001550,sub-P101/sub-P101_ses-TaskSwitch4-171006a.nwb,35,112,2625,4.709677419354839,38,47.36732570239335,31,1309079,60.0,25.0,1
0812dca0-a664-407d-aa40-e40b68df1996,001776,sub-A15W/sub-A15W_ses-20211112T164645_icephys.nwb,204,750,167529,5.7846153846153845,87,70.88694280078892,195,39843480,960.0,25.0,1
081b5aad-4b44-4785-8383-3c6ca289db1b,001181,sub-m1618/sub-m1618_ses-20221027T132207Z_photometry.nwb,25,70,952,4.2727272727272725,21,23.289256198347097,22,1047700,80.0,25.0,1
081bda25-9792-4a5a-a67e-898818e44093,000711,sub-453988/sub-453988_ses-20190628T090809_image.nwb,50,156,5473,4.478260869565218,24,34.72778827977316,46,196070528,360.0,25.0,1
08266912-7632-4494-8710-88ca7f72e099,001034,sub-11-3/sub-11-3_ses-20kHz-sine-stimulation-17V_image.nwb,17,38,431,4.153846153846154,13,13.668639053254442,13,701450,60.0,25.0,1
08309a0e-8d8c-43ec-88b2-1efc4279266a,001701,sub-Curie/sub-Curie_ses-Curie-DY13-g1_behavior+ecephys.nwb,35,64,850,3.4482758620689653,13,10.868014268727707,29,23769438,600.0,80.0,0
08328b12-9e01-4f67-a506-bfea24d53508,000728,sub-546734098/sub-546734098_ses-560806119-StimB_ophys.nwb,23,48,605,4.055555555555555,13,13.163580246913579,18,37708528828,15220.0,25.0,1
083ab604-36a3-4645-8c61-b10289eed1f5,001169,sub-L025/sub-L025_ses-RWTautowait2-20230609-112327.nwb,32,118,3087,5.518518518518518,32,48.32373113854595,27,1038363,80.0,25.0,1
083abb42-45ff-4efb-8243-4cfa96f25379,000467,sub-ant3-m10-d11-y2022/sub-ant3-m10-d11-y2022_ses-m10-d11-y2022-ant3-0-48x-propionic-acid-40-t180-z130um_ophys.nwb,22,48,624,4.176470588235294,13,14.615916955017303,17,84086336,700.0,180.0,0
08404e44-7a85-4b9e-ad24-67d84b7b0f65,001550,sub-P127/sub-P127_ses-TaskSwitch4-181010a.nwb,35,112,2625,4.709677419354839,38,47.36732570239335,31,1276570,60.0,25.0,1
084a6a70-c5cc-4d92-bd6f-673c50793448,001550,sub-P059/sub-P059_ses-TaskSwitch4-170221a.nwb,35,112,2625,4.709677419354839,38,47.36732570239335,31,1619109,120.0,25.0,1
085df724-643a-47ce-a9e1-52ed35f59741,000773,sub-ant2-m1-d17-y2023/sub-ant2-m1-d17-y2023_ses-m1-d17-y2023-ant2-1x-paraffin-oil-40-t149-z145um_ophys.nwb,22,48,624,4.176470588235294,13,14.615916955017303,17,84086336,640.0,160.0,0
08602c0f-9d29-495a-be7f-98d69e1af73e,000711,sub-513630/sub-513630_ses-20200731T125117_obj-1km197n_image+ophys.nwb,73,223,9181,4.5,24,27.25,68,450640986,640.0,25.0,1
0860cbed-9c7d-4588-bc56-80216f4f5137,000467,sub-ant1-m4-d27-y2022/sub-ant1-m4-d27-y2022_ses-m4-d27-y2022-ant1-1x-isopropanol-40-t123-z130um_ophys.nwb,22,48,624,4.176470588235294,13,14.615916955017303,17,84086336,520.0,120.0,0
08691bd2-2b94-41b0-90da-682f356d5ef9,001640,sub-Adalberto/Adalberto2021-08-28_21-49-22.nwb,22,38,452,3.5294117647058822,13,11.307958477508649,17,9853839455,3420.0,25.0,1
086b4a2e-8585-41c6-94dd-5d191cddf3cf,001836,sub-julio/sub-julio_ses-julio-20230807_ecephys.nwb,103,71,1715,2.6333333333333333,65,51.72111111111111,90,4010673304,620.0,25.0,1
086b9617-79a5-435b-a319-bf3a0e7ff51a,001836,sub-molly/sub-molly_ses-molly-20220418_obj-157rixz.nwb,103,83,1904,2.7666666666666666,65,53.6011111111111,90,1442032,80.0,25.0,1
087249ae-21cc-4491-84ce-99754e7616e9,000971,sub-150-425/sub-150-425_ses-Opto-DMS-Excitatory-ChR2-2020-12-01T12-32-27_ogen.nwb,30,56,729,3.3461538461538463,14,13.84171597633136,26,249482,80.0,60.0,0
08782f1d-e84f-44a3-a622-0f549fb8b29a,000773,sub-ant5-m1-d11-y2023/sub-ant5-m1-d11-y2023_ses-m1-d11-y2023-ant5-0-03x-propionic-acid-40-t220-z145um_ophys.nwb,22,48,624,4.176470588235294,13,14.615916955017303,17,84086336,620.0,160.0,0
08791145-3a25-42e7-a637-a557a4a27b93,000020,sub-757080819/sub-757080819_ses-758922956_icephys.nwb,132,528,52248,5.767441860465116,42,38.8916531458446,129,21119696,23780.0,380.0,0
087ecfc2-8efc-437c-a252-b0fbf48d9130,001169,sub-S023/sub-S023_ses-RWTautowait2-20210602-155742.nwb,32,117,3004,5.481481481481482,31,46.397805212620035,27,1210951,60.0,25.0,1
0885a7d2-8f28-4667-9b33-6dc1f3129ad2,001169,sub-M014/sub-M014_ses-RWTautowait2-20200929-102409.nwb,32,117,3004,5.481481481481482,31,46.397805212620035,27,1293089,100.0,25.0,1
088b34f0-53c8-44cc-a4e5-28c0979939ef,000773,sub-ant5-m1-d10-y2023/sub-ant5-m1-d10-y2023_ses-m1-d10-y2023-ant5-0-48x-ethylpyrazine-40-t171-z110um_ophys.nwb,22,48,624,4.176470588235294,13,14.615916955017303,17,84086336,640.0,160.0,0
08908ca4-feb3-462f-a9db-50603c0ff524,001169,sub-L010/sub-L010_ses-RWTautowait2-20220525-101755.nwb,32,117,3004,5.481481481481482,31,46.397805212620035,27,1037092,80.0,25.0,1
089637ed-98fb-4915-9b1a-391dc3fa505a,000773,sub-ant4-m1-d18-y2023/sub-ant4-m1-d18-y2023_ses-m1-d18-y2023-ant4-0-48x-ethylpyrazine-40-t153-z120um_ophys.nwb,22,48,624,4.176470588235294,13,14.615916955017303,17,84086336,620.0,160.0,0
089713b1-1805-463e-828d-9ce622afee20,000467,sub-ant3-m4-d21-y2022/sub-ant3-m4-d21-y2022_ses-m4-d21-y2022-ant3-0-48x-4-methyl-3-heptanol-40-t149-z130um_ophys.nwb,22,48,624,4.176470588235294,13,14.615916955017303,17,84086336,660.0,160.0,0
0898c90c-e5b9-48b0-a424-405e893e5719,000617,sub-703102/sub-703102_ses-1327919456-acq-1328110632-raw-movies_ophys.nwb,60,167,5466,4.277777777777778,17,22.12654320987654,54,21191969530,8780.0,25.0,1
08a4a637-19d3-4999-a968-90041d50c324,001455,sub-714724521/sub-714724521_ses-717076398_icephys.nwb,204,811,157070,5.796019900497512,75,64.95839211900694,201,46514372,860.0,25.0,1
08ab5029-e311-48f0-bb79-f3b064a521ee,001550,sub-P013/sub-P013_ses-TaskSwitch4-160816a.nwb,33,110,2570,4.896551724137931,38,49.74791914387635,29,2025535,100.0,25.0,1
08cae412-5b09-4c5e-882f-0da833c13e8f,000728,sub-536313085/sub-536313085_ses-555749369-StimA_behavior+image+ophys.nwb,53,92,2027,3.3617021276595747,13,6.954277953825259,47,283551873,580.0,25.0,1
08cc65d1-4e06-4f60-b646-cf7cc7fae43c,001435,sub-Lalo/sub-Lalo_ses-20230210_ecephys.nwb,26,49,692,3.5714285714285716,13,11.959183673469388,21,48706902,480.0,100.0,0
08cfafb3-b459-46cc-bb11-82fa4e83fa17,000467,sub-ant1-m4-d27-y2022/sub-ant1-m4-d27-y2022_ses-m4-d27-y2022-ant1-0-0075x-4-methyl-3-hexanol-40-t124-z100um_ophys.nwb,22,48,624,4.176470588235294,13,14.615916955017303,17,84086336,500.0,140.0,0
08cfd2b1-dbdf-43d7-80b8-3a6380e39ab9,001266,sub-231620PP071-cre-30x-P17-Cell1-soma/sub-231620PP071-cre-30x-P17-Cell1-soma_ses-20220623T231620_image.nwb,28,42,516,4.3125,13,16.33984375,16,1715243502,4220.0,60.0,0
08d88e68-5b5d-4334-82df-0e3dbb82064a,001169,sub-G081/sub-G081_ses-RWTautowait2-20221222-122846.nwb,32,118,3087,5.518518518518518,32,48.32373113854595,27,902389,100.0,25.0,1
08de8d2b-ca74-4d4a-9167-2e88c13ab2de,000773,sub-ant1-m1-d20-y2023/sub-ant1-m1-d20-y2023_ses-m1-d20-y2023-ant1-0-48x-ethanol-40-t144-z15um_ophys.nwb,22,48,624,4.176470588235294,13,14.615916955017303,17,84086336,620.0,160.0,0
08dee15b-1638-4c8e-84d8-d460ee986101,001550,sub-P131/sub-P131_ses-TaskSwitch4-180122a.nwb,35,112,2625,4.709677419354839,38,47.36732570239335,31,1145737,60.0,25.0,1
08df1bf1-e667-4142-99ee-7cf95b611f4a,000467,sub-ant2-m4-d21-y2022/sub-ant2-m4-d21-y2022_ses-m4-d21-y2022-ant2-0-48x-4-methyl-3-hexanol-40-t177-z50um_ophys.nwb,22,48,624,4.176470588235294,13,14.615916955017303,17,84086336,640.0,160.0,0
08dfb382-3be3-4897-b661-404857119d2a,000766,sub-PC12-cell/sub-PC12-cell_ses-20210221T153000_obj-aqbl67.nwb,17,35,401,3.923076923076923,13,13.609467455621298,13,183224,100.0,60.0,0
08e080bd-d3b5-455e-92b0-58449af57900,000341,"In_vivo/sub-1710051rm/sub-1710051rm_ses-1710051rm-3-1,2-2_icephys+image.nwb",102,358,36081,5.556701030927835,53,31.937506642576253,97,41064453,920.0,25.0,1
08f062d8-24a9-4d9f-904a-fc135f724b91,000037,sub-433458/sub-433458_ses-827300090_obj-raw_behavior+image+ophys.nwb,46,109,2333,3.8372093023255816,33,26.55489453758788,43,46259158768,24240.0,80.0,0
08f17500-63ba-41e9-bd50-25c9ee67f59e,000773,sub-ant5-m1-d11-y2023/sub-ant5-m1-d11-y2023_ses-m1-d11-y2023-ant5-0-03x-propionic-acid-40-t213-z25um_ophys.nwb,22,48,624,4.176470588235294,13,14.615916955017303,17,84086336,640.0,180.0,0
08f2fc15-80cb-455f-b8c5-c60cb49f9f6e,000469,sub-17/sub-17_ses-1_ecephys+image.nwb,39,133,9471,6.321428571428571,64,142.93239795918367,28,47345824,4840.0,380.0,0
0900189b-b784-4512-b36e-413ba13a0056,001169,sub-M038/sub-M038_ses-RWTautowait2-20210722-141631.nwb,32,116,2974,5.444444444444445,31,46.46913580246915,27,1327615,80.0,25.0,1
0900c0eb-b647-435d-b0b0-b8ae42ba2cba,000467,sub-ant2-m4-d21-y2022/sub-ant2-m4-d21-y2022_ses-m4-d21-y2022-ant2-0-12x-6-methyl-5-hepten-2-one-40-t166-z160um_ophys.nwb,22,48,624,4.176470588235294,13,14.615916955017303,17,84086336,680.0,160.0,0
0913aad9-3b6b-4ddb-83bc-95ba870531f5,001169,sub-L008/sub-L008_ses-RWTautowait2-20220112-162432.nwb,32,116,2974,5.444444444444445,31,46.46913580246915,27,1567997,100.0,25.0,1
0919b4c3-340f-4e2b-b7d3-10d3ad5daf59,000246,sub-C1-AAV1blind-03/sub-C1-AAV1blind-03_ses-20240916_obj-1cih7zw_ophys.nwb,33,46,581,3.5217391304347827,13,12.162570888468805,23,12760208,60.0,25.0,1
0919fb9e-8944-489c-9c2b-37fb608dcd4e,000711,sub-482853/sub-482853_ses-20191113T140932_obj-v2655h_image+ophys.nwb,78,229,9548,4.342465753424658,24,25.896415837868265,73,268190064,480.0,25.0,1
091ab82b-d0ba-4a97-a0e9-04156b4d1f2c,001169,sub-M040/sub-M040_ses-RWTautowait2-20210623-151806.nwb,32,116,2974,5.444444444444445,31,46.46913580246915,27,1280302,120.0,25.0,1
091aef4a-a827-4a6b-be81-c2abf2e1c7c0,001169,sub-J010/sub-J010_ses-RWTautowait2-20210506-120835.nwb,32,116,2974,5.444444444444445,31,46.46913580246915,27,1360749,100.0,25.0,1
092b825c-4896-43a8-99c0-c6eed82c538d,000579,sub-8/sub-8_ses-mouse-8-session-date-2017-08-07-area-visA-L23-multi-plane-imaging_behavior+ophys.nwb,85,193,12100,4.164383561643835,17,15.53462188027773,73,554927435,7120.0,180.0,0
0930b61a-4db6-4668-a7f3-182d0937a22b,001836,sub-klein/sub-klein_ses-klein-20231101_obj-zeuq88_behavior.nwb,108,76,1751,2.6,65,49.06105263157894,95,102402760,140.0,25.0,1
093490cf-1939-44a0-a1fc-6cb5c6897942,000363,sub-479121/sub-479121_ses-20200922T135318_behavior+ecephys+ogen.nwb,54,146,3437,4.5777777777777775,32,32.86617283950618,45,99080084,150400.0,320.0,0
09352a27-a8d6-4601-90c0-6125b61c4c8a,000467,sub-ant3-m10-d6-y2022/sub-ant3-m10-d6-y2022_ses-m10-d6-y2022-ant3-0-48x-ethylpyrazine-40-t174-z85um_ophys.nwb,22,48,624,4.176470588235294,13,14.615916955017303,17,84086336,680.0,180.0,0
093e6cfb-70ab-4c4c-bed5-35655613491e,000768,sub-1285385365/sub-1285385365_ses-1287006375_icephys.nwb,193,747,124618,5.663157894736842,68,57.9602216066482,190,62815310,19140.0,220.0,0
09419edf-20c0-4299-a743-810cce2c3e5f,001550,sub-P072/sub-P072_ses-TaskSwitch4-170525a.nwb,35,112,2625,4.709677419354839,38,47.36732570239335,31,1815435,60.0,25.0,1
0941e9dd-3e86-4b94-82a2-3cafff83b074,000020,sub-889551920/sub-889551920_ses-896582188_icephys.nwb,165,633,79899,5.580246913580247,53,49.58923944520651,162,57151245,33660.0,360.0,0
0941ec8e-28b0-40ce-8c62-8acd4b2e63b8,000713,sub-570301/sub-570301_ses-20210514T085251_image.nwb,48,115,2402,3.7045454545454546,23,23.889979338842977,44,191369200,280.0,25.0,1
0942d9d8-e14e-4b2a-bca4-3e19333dde41,001169,sub-G069/sub-G069_ses-RWTautowait2-20220601-113221.nwb,32,117,3004,5.481481481481482,31,46.397805212620035,27,953305,80.0,25.0,1
09477140-f753-4d28-b4f1-1d83911f134d,000959,sub-L/sub-L_ses-20191213_obj-1g818uw_behavior.nwb,41,275,26986,8.513513513513514,16,33.330898466033595,37,17526816,320.0,60.0,0
0949bbf3-1c61-43c8-beee-78843c4e637c,000579,sub-5/sub-5_ses-mouse-5-session-date-2017-06-13-area-V1-L23-single-plane-imaging_behavior+ophys.nwb,66,141,4000,3.912280701754386,17,14.992305324715295,57,1022245304,5220.0,180.0,0
094c66d5-09e3-4d91-8225-c96fb9b3b571,001751,sub-Mfa190314/sub-Mfa190314_ses-190314s1_obj-m0snq6_icephys.nwb,63,285,32479,7.185185185185185,32,17.706447187928674,54,4319616,1220.0,120.0,0
094f1728-bb6a-41b7-a0fd-c9a044de9987,000773,sub-ant2-m1-d17-y2023/sub-ant2-m1-d17-y2023_ses-m1-d17-y2023-ant2-0-03x-3-hexanone-40-t159-z105um_ophys.nwb,22,48,624,4.176470588235294,13,14.615916955017303,17,84086336,640.0,160.0,0
0957892d-f6c9-4a12-bfac-e9d0f11a9696,000628,sub-Re/sub-Re_ses-20201107T095044.nwb,26,39,494,4.266666666666667,13,17.662222222222226,15,5553557,240.0,120.0,0
095bc708-25af-4d47-8d71-42e586ac5a8d,000467,sub-ant2-m4-d20-y2022/sub-ant2-m4-d20-y2022_ses-m4-d20-y2022-ant2-0-12x-4-methyl-3-heptanol-40-t148-z140um_ophys.nwb,22,48,624,4.176470588235294,13,14.615916955017303,17,84086336,700.0,180.0,0
095d3ee6-eee7-4f01-881a-ad34edbf3124,001200,sub-BH585/sub-BH585_ses-20240913T235900_ecephys+ogen.nwb,29,53,741,4.15,14,15.827499999999997,20,505848,100.0,25.0,1
095f77f7-2d8d-40ea-9972-3b898b24c80d,000467,sub-ant1-m4-d27-y2022/sub-ant1-m4-d27-y2022_ses-m4-d27-y2022-ant1-0-0075x-4-methyl-3-hexanol-40-t124-z90um_ophys.nwb,22,48,624,4.176470588235294,13,14.615916955017303,17,84086336,500.0,120.0,0
09613f8f-f5df-4d4c-8078-a1ed246779d2,000467,sub-ant1-m4-d26-y2022/sub-ant1-m4-d26-y2022_ses-m4-d26-y2022-ant1-0-03x-4-methyl-3-heptanol-40-t125-z115um_ophys.nwb,22,48,624,4.176470588235294,13,14.615916955017303,17,84086336,660.0,160.0,0
096680fe-7eff-4e5b-abf0-6d8b5e93c340,001550,sub-P116/sub-P116_ses-TaskSwitch4double-190302a.nwb,33,112,2724,4.9655172413793105,40,54.44708680142688,29,1424546,80.0,25.0,1
096da8e9-f3e2-41e9-bf38-9af962658d33,000467,sub-ant5-m10-d11-y2022/sub-ant5-m10-d11-y2022_ses-m10-d11-y2022-ant5-0-48x-ethylpyrazine-40-t215-z115um_ophys.nwb,22,48,624,4.176470588235294,13,14.615916955017303,17,84086336,700.0,180.0,0
096db90a-c937-4afb-90af-bb3d7ec84669,001550,sub-P072/sub-P072_ses-TaskSwitch4-180316a.nwb,35,112,2625,4.709677419354839,38,47.36732570239335,31,2285490,120.0,25.0,1
097465f1-62ee-4ec6-9b3a-461327eb9af0,000773,sub-ant4-m1-d20-y2023/sub-ant4-m1-d20-y2023_ses-m1-d20-y2023-ant4-0-48x-ethylpyrazine-40-t189-z0um_ophys.nwb,22,48,624,4.176470588235294,13,14.615916955017303,17,84086336,640.0,160.0,0
09807f79-935d-4ba6-a630-5ed2b9d42b9a,001634,sub-Frodo/sub-Frodo_ses-2_obj-157z35v_ecephys.nwb,254,68,23794,3.0695652173913044,38,25.629943289224943,115,763676,60.0,25.0,1
09818811-03cf-4957-937f-90426cb00b42,000020,sub-682365560/sub-682365560_ses-685707481_icephys.nwb,191,793,146162,6.0,72,63.87234042553192,188,58286653,39480.0,420.0,0
0986454b-8cad-4b7a-8928-a5580f0f66e6,000336,sub-621603/sub-621603_ses-1192492959-acq-1192574019_ophys.nwb,59,238,12973,5.574074074074074,30,44.17043895747597,54,89518243,960.0,25.0,1
0988a8f6-fcf0-4c39-89d5-177b967ec73b,001777,sub-6887/sub-6887_ses-20220714T214241_icephys.nwb,222,643,137426,4.885321100917431,100,84.78960104368325,218,24821336,760.0,25.0,1
0988e8a0-16d2-4a22-94c0-369e7fdc8853,000336,sub-634402/sub-634402_ses-1214189038-acq-1214286569-denoised-movies_ophys.nwb,69,277,15573,5.587301587301587,30,40.750314940791135,63,23290874048,1060.0,25.0,1
098a578b-8ec8-4737-ba11-5fbb7980e304,000336,sub-641331/sub-641331_ses-1232718580-acq-1232834784_ophys.nwb,57,231,12727,5.596153846153846,30,45.74075443786981,52,89673390,880.0,25.0,1
098bb8ee-ce8e-4889-9930-51365857abc6,001837,sub-G4-1/sub-G4-1_obj-ad2m03_ecephys.nwb,22,45,579,3.9411764705882355,13,12.643598615916957,17,198444,25.0,25.0,1
098e0838-8668-4b46-b03e-57a76470abb6,000678,sub-BW053/sub-BW053_ses-20211227T141854.nwb,29,70,949,4.083333333333333,20,21.743055555555557,24,22473704,240.0,60.0,0
098ed073-b613-4d85-a787-4c9947df8c4f,000971,sub-432-420/sub-432-420_ses-Opto-DMS-Inhibitory-NpHRScrambled-2020-11-02T12-11-13_behavior+ogen.nwb,31,57,739,3.2962962962962963,14,13.393689986282581,27,248704,80.0,60.0,0
099356ce-0f9f-4dd3-8ad5-aba4d5e38a6a,000020,sub-812386057/sub-812386057_ses-815426546_icephys.nwb,266,1096,260588,5.901140684410646,95,83.67083520074023,263,63951368,45640.0,360.0,0
099e4c75-29b3-4da7-af4a-960ed2e7955f,001169,sub-G064/sub-G064_ses-RWTautowait2-20220615-155521.nwb,32,117,3004,5.481481481481482,31,46.397805212620035,27,1339319,60.0,25.0,1
099fa901-6783-4d27-8ecd-569bf41fba1d,000351,sub-HJ-FP-M3/sub-HJ-FP-M3_ses-Day59-8s.nwb,25,49,554,3.3181818181818183,13,9.489669421487603,22,24439272,240.0,60.0,0
09a150af-dc98-476e-b166-e6457d564848,001339,sub-240910-Fish80-GCaMP-vglut-TG-5dpf-FlowExperiment-warner-temp-stim-Z-0-0/sub-240910-Fish80-GCaMP-vglut-TG-5dpf-FlowExperiment-warner-temp-stim-Z-0-0_ses-20250204T174854_ophys.nwb,34,56,809,3.064516129032258,13,8.4474505723205,31,53909007,200.0,25.0,1
09a7f7bb-9a77-4a91-9841-dc6b721dbd00,000728,sub-496144063/sub-496144063_ses-503823672-StimB_behavior+image+ophys.nwb,53,208,33579,5.808510638297872,118,280.5803531009506,47,329922269,1340.0,25.0,1
09b2a71c-c91d-4b2e-a668-11adc1220678,001550,sub-P100/sub-P100_ses-TaskSwitch4-190302a.nwb,35,112,2625,4.709677419354839,38,47.36732570239335,31,1848258,120.0,25.0,1
09b855b9-1efc-4bad-8667-dcda34149bbd,000871,sub-656228/sub-656228_ses-1246372987-acq-1246487566-denoised-movies_image+ophys.nwb,93,472,51243,6.511363636363637,30,44.636234504132226,88,43355291252,19980.0,25.0,1
09c8a8fe-954b-4c7c-b2ff-832c949bcab1,001776,sub-M02G/sub-M02G_ses-20220125T140118_obj-7e8od0_icephys.nwb,289,1104,370184,5.8,130,110.89684210526318,285,86452158,1320.0,25.0,1
09c96d05-40a7-4764-8bec-03ba03f6d4dc,001517,sub-CHO-20250228-c14/sub-CHO-20250228-c14_obj-1h0cj7o_image.nwb,17,38,431,4.153846153846154,13,13.668639053254442,13,34304631,80.0,25.0,1
09cd3ec6-76d8-4cf5-a8a2-edadd06c6d0f,001788,sub-BRC2/sub-BRC2_ses-251013-BRC2-day2_ecephys.nwb,30,55,584,3.3461538461538463,13,11.687869822485204,26,11010489734,1680.0,25.0,1
09d5ccc4-c8b1-4298-a9e3-718cfbbbda53,000467,sub-ant5-m4-d26-y2022/sub-ant5-m4-d26-y2022_ses-m4-d26-y2022-ant5-0-03x-6-methyl-5-hepten-2-one-40-t271-z65um_ophys.nwb,22,48,624,4.176470588235294,13,14.615916955017303,17,84086336,500.0,140.0,0
09dd132e-3450-4217-bac2-325d789c65e1,000467,sub-ant3-m4-d27-y2022/sub-ant3-m4-d27-y2022_ses-m4-d27-y2022-ant3-0-0075x-4-methyl-3-heptanol-40-t126-z100um_ophys.nwb,22,48,624,4.176470588235294,13,14.615916955017303,17,84086336,500.0,120.0,0
09de58b4-cf2d-41c1-8e1c-85183a948c13,001750,sub-Mfa-221206/sub-Mfa-221206_ses-sess-221206AS_obj-tq58al_icephys.nwb,91,240,16602,4.865853658536586,34,24.506395002974426,82,3941720,1040.0,120.0,0
09ebb0a7-5a29-40df-980d-4897d14a6ca1,000467,sub-ant1-m4-d27-y2022/sub-ant1-m4-d27-y2022_ses-m4-d27-y2022-ant1-0-12x-6-methyl-5-hepten-2-one-40-t153-z135um_ophys.nwb,22,48,624,4.176470588235294,13,14.615916955017303,17,84086336,480.0,120.0,0
09ec8bb3-d5a9-4163-aac1-ea313a00524e,001550,sub-P123/sub-P123_ses-TaskSwitch4-180906a.nwb,35,112,2625,4.709677419354839,38,47.36732570239335,31,1346953,120.0,25.0,1
09eca335-8ad4-4590-8965-a81d0830d30f,001836,sub-molly/sub-molly_ses-molly-20220420_obj-1j5trey.nwb,99,68,1558,2.6744186046511627,65,53.8474851270957,86,55610664,60.0,25.0,1
09fb9928-dcd1-405a-8831-c972beefec73,000467,sub-ant1-m4-d21-y2022/sub-ant1-m4-d21-y2022_ses-m4-d21-y2022-ant1-0-12x-4-methyl-3-hexanol-40-t125-z25um_ophys.nwb,22,48,624,4.176470588235294,13,14.615916955017303,17,84086336,680.0,180.0,0
0a0b678b-5935-4312-a90c-ddc30cdfc266,001374,sub-001/sub-001_ses-20250502_obj-Traceiii20240624iii11iii00iii36iii22097iiiday73iiidorsaliiikh2iiiBliiiAPV_ecephys.nwb,22,49,722,4.176470588235294,13,15.321799307958479,17,10677547776,4020.0,25.0,1
0a0b6f72-1bd1-41e1-b915-1cb64dea4aa2,001623,sub-20240828-15-51-58/sub-20240828-15-51-58_ses-20240828T155158.nwb,35,99,4586,4.6,16,13.24,30,13009442073,4420.0,25.0,1
0a0ce443-3cc9-4383-89fb-7e1ebaee5d37,000467,sub-ant1-m4-d26-y2022/sub-ant1-m4-d26-y2022_ses-m4-d26-y2022-ant1-0-48x-4-methyl-3-hexanol-40-t142-z155um_ophys.nwb,22,48,624,4.176470588235294,13,14.615916955017303,17,84086336,660.0,160.0,0
0a0d857f-17d2-40d4-a9a6-5f75d951bc61,001169,sub-S033/sub-S033_ses-RWTautowait2-20211221-140022.nwb,32,117,3004,5.481481481481482,31,46.397805212620035,27,1037090,80.0,25.0,1
0a10a85b-8dc4-4c28-955d-da674bfad83a,001445,sub-G3-10/sub-G3-10_obj-84c34y_ecephys.nwb,22,45,579,3.9411764705882355,13,12.643598615916957,17,203556,25.0,25.0,1
0a12ae61-df67-4de9-8629-79d45b34d50b,000467,sub-ant2-m10-d11-y2022/sub-ant2-m10-d11-y2022_ses-m10-d11-y2022-ant2-0-48x-isopropanol-40-t146-z100um_ophys.nwb,22,48,624,4.176470588235294,13,14.615916955017303,17,84086336,720.0,180.0,0
0a1725bc-b449-49af-b011-a954bd7fb476,000713,sub-540536/sub-540536_ses-20201119T083038_image.nwb,48,115,2402,3.7045454545454546,23,23.889979338842977,44,191438771,600.0,40.0,0
0a172976-8578-4049-ae36-0e91fb02027f,000467,sub-ant1-m10-d6-y2022/sub-ant1-m10-d6-y2022_ses-m10-d6-y2022-ant1-0-48x-3-hexanone-40-t151-z10um_ophys.nwb,22,48,624,4.176470588235294,13,14.615916955017303,17,84086336,700.0,180.0,0
0a1ded9d-5a62-406c-b3f1-539765161756,000713,sub-574081/sub-574081_ses-20210707T085419_image.nwb,48,115,2402,3.7045454545454546,23,23.889979338842977,44,191391308,300.0,25.0,1
0a1f62b8-5cb3-4852-a380-992baad8d028,001169,sub-G070/sub-G070_ses-RWTautowait2-20221013-155935.nwb,32,118,3087,5.518518518518518,32,48.32373113854595,27,1160433,60.0,25.0,1
0a2146d0-87ff-4584-b705-267e0962afbf,000971,sub-271-396/sub-271-396_ses-FP-PS-2020-07-15T13-32-22_behavior.nwb,26,52,651,3.5,13,13.886363636363637,22,236016,100.0,60.0,0
0a2a1e0f-ec0f-4b29-8dc7-5c477db24415,000766,sub-Calcacre/sub-Calcacre_ses-20210401T153000_obj-hk42b9.nwb,17,35,401,3.923076923076923,13,13.609467455621298,13,192088,100.0,60.0,0
0a322886-c92b-402a-86bb-18494954afa3,000971,sub-481/sub-481_ses-Opto-DMS-Excitatory-ChR2-2019-06-06T09-58-04_behavior+ogen.nwb,31,57,739,3.2962962962962963,14,13.393689986282581,27,253397,60.0,60.0,0
0a338554-23c4-4110-a45f-86cacbc138f3,001550,sub-P189/sub-P189_ses-TaskSwitch6-191113a.nwb,33,110,2570,4.896551724137931,38,49.74791914387635,29,1207021,60.0,25.0,1
0a3796ca-8664-45eb-b9bf-265790142602,000951,sub-PDB-control-fly34/sub-PDB-control-fly34_ses-(-PDB-control-fly34-210727-1235--).nwb,18,33,433,3.8461538461538463,13,13.822485207100591,13,187360,420.0,180.0,0
0a3a6b09-d8f7-44b1-8942-c426e8d553d4,000713,sub-567286/sub-567286_ses-20210428T131634_image.nwb,48,115,2402,3.7045454545454546,23,23.889979338842977,44,191371828,320.0,25.0,1
0a3d8710-5e59-4cd4-be14-8b9f38a398ac,001169,sub-L001/sub-L001_ses-RWTautowait2-20220909-100716.nwb,32,117,3004,5.481481481481482,31,46.397805212620035,27,953754,60.0,25.0,1
0a3ee2b1-6f3d-4f5c-9830-39aa8446231a,001169,sub-J011/sub-J011_ses-RWTautowait2-20210208-110006.nwb,32,116,2974,5.444444444444445,31,46.46913580246915,27,1212467,60.0,25.0,1
0a418868-df73-4da7-8232-8a69a3d02b1b,000293,sub-1822-18o22001/sub-1822-18o22001_icephys.nwb,55,185,7866,5.333333333333333,16,10.653594771241833,51,1301596,3820.0,480.0,0
0a42ca78-ebbd-4a01-bef3-fb69131bb3e0,000467,sub-ant3-m4-d21-y2022/sub-ant3-m4-d21-y2022_ses-m4-d21-y2022-ant3-0-12x-6-methyl-5-hepten-2-one-40-t137-z125um_ophys.nwb,22,48,624,4.176470588235294,13,14.615916955017303,17,84086336,660.0,180.0,0
0a45e921-a37a-47a7-a7b6-c0b217befe9c,000230,sub-58313/sub-58313_ses-20170320T113440_behavior+ecephys.nwb,35,82,1006,3.774193548387097,13,12.368366285119668,31,26926576,2340.0,140.0,0
0a5446ef-78c3-42ae-beb6-bb15a957a583,000467,sub-ant1-m4-d26-y2022/sub-ant1-m4-d26-y2022_ses-m4-d26-y2022-ant1-0-48x-4-methyl-3-hexanol-40-t142-z95um_ophys.nwb,22,48,624,4.176470588235294,13,14.615916955017303,17,84086336,660.0,160.0,0
0a59f219-41a5-45c4-8b20-d705649a608f,000711,sub-459777/sub-459777_ses-20190627T121306_image.nwb,50,156,5473,4.478260869565218,24,34.72778827977316,46,196037660,440.0,25.0,1
0a624e50-bccb-4aea-adec-fecfd90c8105,000773,sub-ant5-m4-d6-y2023/sub-ant5-m4-d6-y2023_ses-m4-d6-y2023-ant5-0-48x-3-hexanone-40-t193-z65um_ophys.nwb,22,48,624,4.176470588235294,13,14.615916955017303,17,84086336,600.0,160.0,0
0a69b527-2209-4102-ac8d-14d511c54c57,000773,sub-ant4-m1-d10-y2023/sub-ant4-m1-d10-y2023_ses-m1-d10-y2023-ant4-0-48x-propionic-acid-40-t152-z115um_ophys.nwb,22,48,624,4.176470588235294,13,14.615916955017303,17,84086336,660.0,180.0,0
0a6f3cb5-a895-464c-91b6-cd710845092b,001517,sub-CHO-20250122-c4/sub-CHO-20250122-c4_obj-14198ri_image.nwb,17,38,431,4.153846153846154,13,13.668639053254442,13,36607135,100.0,25.0,1
0a706952-9ac3-4729-802c-3530dbfd683e,001550,sub-P150/sub-P150_ses-TaskSwitch4-190209a.nwb,35,112,2625,4.709677419354839,38,47.36732570239335,31,1651228,60.0,25.0,1
0a7d374f-e58f-4746-92d0-4caccfd20f3a,000467,sub-ant1-m4-d21-y2022/sub-ant1-m4-d21-y2022_ses-m4-d21-y2022-ant1-0-48x-4-methyl-3-heptanol-40-t145-z160um_ophys.nwb,22,48,624,4.176470588235294,13,14.615916955017303,17,84086336,680.0,180.0,0
0a803d1b-fe78-446d-93a9-deb685994de3,001550,sub-P049/sub-P049_ses-TaskSwitch4-170630a.nwb,35,112,2625,4.709677419354839,38,47.36732570239335,31,1165350,60.0,25.0,1
0a814d87-af0d-4221-af9a-9de037457401,000728,sub-617884009/sub-617884009_ses-648389302-StimB_ophys.nwb,23,48,605,4.055555555555555,13,13.163580246913579,18,49591667297,21320.0,25.0,1
0a81eea7-4233-40be-936c-4d257cab0f15,001550,sub-P101/sub-P101_ses-TaskSwitch4-171031a.nwb,35,112,2625,4.709677419354839,38,47.36732570239335,31,1369161,60.0,25.0,1
0a825ee0-e361-4772-9b0e-7754dead5b8c,001550,sub-P101/sub-P101_ses-TaskSwitch4-170427a.nwb,35,111,2551,4.67741935483871,37,45.25078043704474,31,1313609,60.0,25.0,1
0a8335e3-b22d-41ad-81ab-6b84dcdbeab0,001199,sub-BH656/sub-BH656_ses-20250205T213900_ecephys.nwb,28,47,646,4.166666666666667,14,16.027777777777775,18,1473808,80.0,25.0,1
0a926a46-4f7e-45d9-bede-97ba526f1ac6,001359,sub-1321888477/sub-1321888477_ses-1323286955_icephys.nwb,267,1066,278215,5.84469696969697,105,93.11603248393018,264,84008161,540.0,25.0,1
0a947e81-8163-4025-bd84-91752ebcc3fa,001038,sub-VGlut-2299/sub-VGlut-2299_ses-20220328-0002.nwb,54,117,2524,4.095238095238095,16,13.990929705215418,42,24244984,120.0,25.0,1
0a9d0ec9-4870-4293-b0bf-866d5036a66b,000628,sub-Pa/sub-Pa_ses-20200509T141750_behavior.nwb,2673,7981,63107633,4.000375516334961,2648,2626.23019137232,2663,136010303,3360.0,120.0,0
0a9d33cc-0653-4740-bdce-3bde2b619de9,000467,sub-ant1-m4-d26-y2022/sub-ant1-m4-d26-y2022_ses-m4-d26-y2022-ant1-0-03x-4-methyl-3-heptanol-40-t130-z50um_ophys.nwb,22,48,624,4.176470588235294,13,14.615916955017303,17,84086336,660.0,160.0,0
0aa0de37-c5b1-4fac-8361-bfa1e07431a0,001848,sub-SM536/sub-SM536_ses-SM536-20241229-ALM_ecephys+ogen.nwb,28,72,1265,5.611111111111111,16,29.01543209876543,18,44124840,25.0,25.0,1
0aa665cb-676b-4430-9f01-8b6706fb32ea,001832,sub-mskd221230-005/sub-mskd221230-005_ses-20260508T193304_icephys.nwb,61,223,16373,5.578947368421052,34,19.927977839335178,57,20737608,220.0,25.0,1
0aab34c8-70c6-4969-a185-48b476370fa2,000232,sub-YT071/sub-YT071_ses-20190716T142642_behavior+ecephys.nwb,1314,2794,6795557,3.1382734912146675,160,152.04581550656235,1309,284248346,5160.0,220.0,0
0ab1ec34-9335-4ce5-9864-4d6c7ae57714,001169,sub-S015/sub-S015_ses-RWTautowait2-20210422-102058.nwb,32,116,2974,5.444444444444445,31,46.46913580246915,27,1180717,120.0,25.0,1
0ab332db-b126-419e-88e6-46945edd8595,000246,sub-PHP-CaMPARI1-M6/sub-PHP-CaMPARI1-M6_obj-2twiet_ophys.nwb,31,41,560,3.8421052631578947,13,14.027700831024932,19,8564888,25.0,25.0,1
0ab379e5-f302-43e5-b2ba-7eed82345a8e,000467,sub-ant3-m4-d21-y2022/sub-ant3-m4-d21-y2022_ses-m4-d21-y2022-ant3-0-12x-4-methyl-3-hexanol-40-t136-z5um_ophys.nwb,22,48,624,4.176470588235294,13,14.615916955017303,17,84086336,680.0,180.0,0
0ab82328-50e5-4b86-9fb1-6687df6b268e,000773,sub-ant5-m1-d10-y2023/sub-ant5-m1-d10-y2023_ses-m1-d10-y2023-ant5-0-48x-4-methyl-3-heptanol-40-t174-z135um_ophys.nwb,22,48,624,4.176470588235294,13,14.615916955017303,17,84086336,660.0,160.0,0
0ac8b817-e4d3-468a-b614-2abdc5c2c7cf,000773,sub-ant3-m1-d17-y2023/sub-ant3-m1-d17-y2023_ses-m1-d17-y2023-ant3-0-03x-isopropanol-40-t189-z80um_ophys.nwb,22,48,624,4.176470588235294,13,14.615916955017303,17,84086336,620.0,160.0,0
0acc1af5-64e2-4766-95a8-697a4fe74e2c,001169,sub-M011/sub-M011_ses-RWTautowait2-20200113-102242.nwb,32,115,2844,5.407407407407407,29,42.7599451303155,27,1429468,1640.0,160.0,0
0ad3c3a7-73be-4c6e-b981-4c3714e42717,001181,sub-m1621/sub-m1621_ses-20220920T164054Z_photometry.nwb,18,54,762,5.461538461538462,19,29.940828402366858,13,215304,25.0,25.0,1
0ad3d47a-1dc5-4057-9989-1fc4f2f1db4d,000713,sub-546507/sub-546507_ses-20201208T132255_image.nwb,48,115,2402,3.7045454545454546,23,23.889979338842977,44,191450144,280.0,25.0,1
0ad4d637-6a06-475d-98a3-ae4b894576c4,000773,sub-ant4-m4-d6-y2023/sub-ant4-m4-d6-y2023_ses-m4-d6-y2023-ant4-0-48x-4-methyl-3-heptanone-40-t159-z105um_ophys.nwb,22,48,624,4.176470588235294,13,14.615916955017303,17,84086336,620.0,160.0,0
0ae0e802-4c6e-4919-a87e-59e0c8bb99b1,000728,sub-581739586/sub-581739586_ses-593438037-StimC2_ophys.nwb,23,48,605,4.055555555555555,13,13.163580246913579,18,53206018640,22000.0,60.0,0
0ae0f203-582c-4987-be74-cd5e76d9fd84,001266,sub-202041PP071-P15-Cell2-soma-10ms+EC-30V-interval--30-ms/sub-202041PP071-P15-Cell2-soma-10ms+EC-30V-interval--30-ms_ses-20230206T202041_image.nwb,32,50,612,4.05,13,14.3475,20,604573536,2440.0,25.0,1
0ae2efce-8294-43bb-9355-09c7e41d3ee4,000773,sub-ant3-m2-d24-y2023/sub-ant3-m2-d24-y2023_ses-m2-d24-y2023-ant3-0-48x-isopropanol-40-t170-z60um_ophys.nwb,22,48,624,4.176470588235294,13,14.615916955017303,17,84086336,620.0,160.0,0
0ae31c37-4b7a-44f1-886d-b3beb6758d25,000008,sub-mouse-KXWIW/sub-mouse-KXWIW_ses-20190710-sample-5_slice-20190710-slice-5_cell-20190710-sample-5_icephys.nwb,181,538,87573,4.96045197740113,80,65.58600657537744,177,9598271,15940.0,440.0,0
0ae58af9-8e81-4f3a-8612-f0ed5f9c467c,000711,sub-453988/sub-453988_ses-20190426T111742_image.nwb,48,119,2682,3.7954545454545454,26,27.571797520661153,44,51677638,200.0,25.0,1
0ae9955b-7da8-417d-acf0-c975f101f853,000773,sub-ant1-m1-d20-y2023/sub-ant1-m1-d20-y2023_ses-m1-d20-y2023-ant1-0-48x-3-hexanone-40-t130-z20um_ophys.nwb,22,48,624,4.176470588235294,13,14.615916955017303,17,84086336,620.0,160.0,0
0aec7cf3-3eeb-4b73-88fb-5204119b77d6,001550,sub-P101/sub-P101_ses-TaskSwitch4-180325a.nwb,35,112,2625,4.709677419354839,38,47.36732570239335,31,964250,25.0,25.0,1
0af4ce07-75fa-45e6-84d1-2b4cca635112,001765,derivatives/kilosort4-4.1.3/sub-NP06/sub-NP06_ses-20250910_ecephys.nwb,22,48,574,4.375,13,14.109375,16,347135328,100.0,25.0,1
0afdbe72-443b-4e70-8f87-73427c361154,000008,sub-mouse-XTXOH/sub-mouse-XTXOH_ses-20190924-sample-6_slice-20190924-slice-6_cell-20190924-sample-6_icephys.nwb,181,538,87573,4.96045197740113,80,65.58600657537744,177,9727433,15940.0,440.0,0
0b013191-fa07-4324-aed1-f3b597f8ee94,001777,sub-5667/sub-5667_ses-20221012T200351_icephys.nwb,120,339,47115,4.860869565217391,100,81.12846880907372,115,48495544,660.0,25.0,1
0b0281e9-2fe8-4672-ab83-83c02d6dd017,001836,sub-klein/sub-klein_ses-klein-20231104_obj-12jvg0c.nwb,103,84,1949,2.7777777777777777,65,53.68395061728392,90,2980188,100.0,25.0,1
0b05c217-cbdc-41cc-bd30-7372c7160fc1,001169,sub-S052/sub-S052_ses-RWTautowait2-20221214-114331.nwb,32,117,3004,5.481481481481482,31,46.397805212620035,27,1155055,80.0,25.0,1
0b0753c4-bb57-4fce-92c8-014eb2d33ecd,000773,sub-ant1-m2-d24-y2023/sub-ant1-m2-d24-y2023_ses-m2-d24-y2023-ant1-0-48x-ethylyprazine-40-t135-z160um_ophys.nwb,22,48,624,4.176470588235294,13,14.615916955017303,17,84086336,620.0,160.0,0
0b07e371-56d1-45ea-b9df-bdfcf56f77e2,001550,sub-P100/sub-P100_ses-TaskSwitch4-190324a.nwb,35,112,2625,4.709677419354839,38,47.36732570239335,31,1770619,120.0,25.0,1
0b083a8c-83f3-42af-b706-e8cf61b5ccbe,000711,sub-453991/sub-453991_ses-20190917T111817_obj-6cfwgu_image+ophys.nwb,78,229,9548,4.342465753424658,24,25.896415837868265,73,273492776,560.0,25.0,1
0b087c80-3bdd-4ee1-9642-648998233856,000021,sub-772616820/sub-772616820_ses-799864342_probe-805579710_ecephys.nwb,26,52,791,3.590909090909091,14,14.878099173553721,22,2409645437,6040.0,80.0,0
0b174252-f288-4eeb-9084-b4c5eb4041c5,000467,sub-ant2-m4-d26-y2022/sub-ant2-m4-d26-y2022_ses-m4-d26-y2022-ant2-0-03x-4-methyl-3-hexanol-40-t162-z100um_ophys.nwb,22,48,624,4.176470588235294,13,14.615916955017303,17,84086336,680.0,180.0,0
0b17afba-f7f2-4770-bd7e-7b94479f309f,001169,sub-J020/sub-J020_ses-RWTautowait2-20211005-104034.nwb,32,116,2974,5.444444444444445,31,46.46913580246915,27,1012435,60.0,25.0,1
0b285942-4f2b-4a79-bcc7-fd65d7f3d690,000773,sub-ant5-m1-d11-y2023/sub-ant5-m1-d11-y2023_ses-m1-d11-y2023-ant5-0-03x-4-methyl-3-heptanol-40-t218-z120um_ophys.nwb,22,48,624,4.176470588235294,13,14.615916955017303,17,84086336,640.0,180.0,0
0b33463a-d9e1-4f30-b74f-3c361d49121b,000728,sub-591626844/sub-591626844_ses-603425659-StimA_ophys.nwb,23,48,605,4.055555555555555,13,13.163580246913579,18,37527689555,14680.0,25.0,1
0b3479de-87b0-496d-a535-3e9af2393a43,001035,sub-6-4/sub-6-4_ses-2kHz-sine-stimulation-8V_image.nwb,17,38,431,4.153846153846154,13,13.668639053254442,13,694086,100.0,60.0,0
0b52a16e-28ea-4af9-a59b-4e1fc6cba7e0,000467,sub-ant3-m4-d26-y2022/sub-ant3-m4-d26-y2022_ses-m4-d26-y2022-ant3-0-48x-6-methyl-5-hepten-2-one-40-t226-z40um_ophys.nwb,22,48,624,4.176470588235294,13,14.615916955017303,17,84086336,520.0,140.0,0
0b533f93-4c32-4973-9595-74a4d1e282c5,000467,sub-ant2-m4-d21-y2022/sub-ant2-m4-d21-y2022_ses-m4-d21-y2022-ant2-0-12x-6-methyl-5-hepten-2-one-40-t166-z20um_ophys.nwb,22,48,624,4.176470588235294,13,14.615916955017303,17,84086336,660.0,180.0,0
0b5754be-2992-40b6-b850-ea2e80e3faef,000728,sub-603898619/sub-603898619_ses-638862121-StimA_ophys.nwb,23,48,605,4.055555555555555,13,13.163580246913579,18,40157403519,15440.0,25.0,1
0b59a17e-42e6-4c5a-b00e-2c14e930272c,000773,sub-ant4-m4-d6-y2023/sub-ant4-m4-d6-y2023_ses-m4-d6-y2023-ant4-0-48x-propionic-acid-40-t153-z20um_ophys.nwb,22,48,624,4.176470588235294,13,14.615916955017303,17,84086336,600.0,160.0,0
0b59b0e7-cdf4-4fd0-a6fd-038d0912a06f,000246,sub-phpV14-01-H2/sub-phpV14-01-H2_ses-20241022_obj-1l7nvxu_ophys.nwb,33,46,581,3.5217391304347827,13,12.162570888468805,23,12760256,80.0,25.0,1
0b5f9d8a-8888-4a37-b9fc-e5bd2760dff3,000946,sub-BH513/sub-BH513_ses-20231007T191400_ecephys.nwb,28,50,690,4.333333333333333,14,17.0,18,10030888,80.0,25.0,1
0b6278a4-d8d9-4dc0-8023-7b5297ab0a9a,000246,sub-phpV14-01-H2/sub-phpV14-01-H2_ses-20241022_obj-qrzkbh_ophys.nwb,33,46,581,3.5217391304347827,13,12.162570888468805,23,12760256,60.0,25.0,1
0b67cc67-87dc-41a9-92b0-27b338ebb3eb,001611,sub-26349/sub-26349_ses-20250321T170531_ecephys.nwb,25,52,649,4.105263157894737,13,13.988919667590027,19,13748192,80.0,25.0,1
0b7a32f6-f2ec-44c9-8e76-17a1d9249a64,001455,sub-671536155/sub-671536155_ses-672645009_icephys.nwb,306,1122,279717,5.353135313531353,97,85.81258917971003,303,55439690,1040.0,25.0,1
0b7c973b-8b59-4454-815f-fafbebda4e71,001550,sub-P120/sub-P120_ses-TaskSwitch4-171107a.nwb,35,112,2625,4.709677419354839,38,47.36732570239335,31,1146733,80.0,25.0,1
0b82ca97-2f77-4290-9eb3-a1373f0116e9,001169,sub-J014/sub-J014_ses-RWTautowait2-20210325-153122.nwb,32,116,2974,5.444444444444445,31,46.46913580246915,27,995594,80.0,25.0,1
0b84372a-8206-49ae-bd32-604b5f85903c,001550,sub-P013/sub-P013_ses-TaskSwitch3-151215a.nwb,33,109,2496,4.862068965517241,37,47.49821640903686,29,1622565,100.0,25.0,1
0b865174-4437-46e4-8ca4-3781c6ac7c11,000711,sub-453990/sub-453990_ses-20190816T144709_obj-rgjuak_image+ophys.nwb,78,229,9548,4.342465753424658,24,25.896415837868265,73,260835548,460.0,25.0,1
0b898502-8e54-46e6-a29a-5b49c33a9979,000246,sub-AAV-V15-D5/sub-AAV-V15-D5_obj-6uu0mm_ophys.nwb,31,41,560,3.8421052631578947,13,14.027700831024932,19,8566968,60.0,25.0,1
0b8d9fea-da34-48dc-bc83-a337131ec295,001361,sub-m7/sub-m7_ses-04_behavior+ophys.nwb,46,80,1970,3.119047619047619,13,8.200113378684808,42,500052544,1060.0,60.0,0
0b8dfcf1-fc55-41f3-8849-e7681fadfe29,000711,sub-541329/sub-541329_ses-20201214T132232_image.nwb,50,156,5473,4.478260869565218,24,34.72778827977316,46,196096408,280.0,25.0,1
0b9360ee-f321-4402-b22f-970df6ad5218,001611,sub-25897/sub-25897_ses-20241113T135431_ecephys.nwb,25,52,649,4.105263157894737,13,13.988919667590027,19,15240116,100.0,25.0,1
0b944a2f-de00-4ed2-9a30-6b21e9cfcbeb,000339,sub-BH275/sub-BH275_ses-20210901T163649_ecephys.nwb,29,43,630,3.789473684210526,13,14.69252077562327,19,1816467200,740.0,60.0,0
0b952aa1-3e73-4723-805b-50aa0128b760,001169,sub-L001/sub-L001_ses-RWTautowait2-20211222-122903.nwb,32,117,3004,5.481481481481482,31,46.397805212620035,27,881201,80.0,25.0,1
0b995650-290b-4e22-b084-5f0ed8495f88,000959,sub-L/sub-L_ses-20190731_obj-7853dm_behavior.nwb,43,303,33818,8.846153846153847,18,33.925049309664686,39,17536184,320.0,60.0,0
0b9ab71c-6cad-413f-a1f0-a8bd8705e28f,001169,sub-G026/sub-G026_ses-RWTautowait2-20210521-102902.nwb,32,117,3004,5.481481481481482,31,46.397805212620035,27,1299317,60.0,25.0,1
0b9c5c84-b1f0-49a2-8e18-0ff8ca1d817e,001169,sub-L013/sub-L013_ses-RWTautowait2-20220617-115721.nwb,32,117,3004,5.481481481481482,31,46.397805212620035,27,873304,25.0,25.0,1
0b9d254a-7986-48eb-96fa-0638bfbff95e,000971,sub-480/sub-480_ses-Opto-DMS-Excitatory-EYFP-2019-05-28T08-53-52_behavior+ogen.nwb,31,58,761,3.3333333333333335,15,14.22222222222222,27,256405,80.0,60.0,0
0baae0a6-e853-4d2e-8fb5-90b84aee9051,001169,sub-M056/sub-M056_ses-RWTautowait2-20230526-144631.nwb,32,117,3057,5.481481481481482,32,48.397805212620035,27,1162998,80.0,25.0,1
0bb2fefc-81b2-46c3-a7f3-074f4256de1e,000773,sub-ant1-m1-d20-y2023/sub-ant1-m1-d20-y2023_ses-m1-d20-y2023-ant1-0-48x-4-methyl-3-heptanol-40-t124-z135um_ophys.nwb,22,48,624,4.176470588235294,13,14.615916955017303,17,84086336,640.0,160.0,0
0bb94908-39c3-43d7-9cfa-28a1bcc57fc6,000773,sub-ant3-m1-d17-y2023/sub-ant3-m1-d17-y2023_ses-m1-d17-y2023-ant3-0-03x-ethylpyrazine-40-t202-z145um_ophys.nwb,22,48,624,4.176470588235294,13,14.615916955017303,17,84086336,620.0,160.0,0
0bc40d87-d036-499f-b702-2612e1f52913,000617,sub-690567/sub-690567_ses-1310890222-acq-1311053039-raw-movies_ophys.nwb,60,167,5466,4.277777777777778,17,22.12654320987654,54,21334588084,8480.0,25.0,1
0bc5bc8e-24f8-4540-a625-b647eb0e2e00,000713,sub-521466/sub-521466_ses-20200824T092307_image.nwb,48,115,2402,3.7045454545454546,23,23.889979338842977,44,191395456,520.0,40.0,0
0bc63bf7-48b5-4f32-9413-15f6c2af74dd,001841,sub-subject-ID-Z117/sub-subject-ID-Z117_ses-20240823T151053_icephys.nwb,63,158,5382,4.372881355932203,18,9.962654409652398,59,723604,60.0,25.0,1
0bcba855-7e9b-456e-bd5b-39749b933e19,000469,sub-17/sub-17_ses-2_ecephys+image.nwb,45,93,1637,4.709677419354839,20,27.8834547346514,31,100155416,600.0,260.0,0
0bcddefb-5b61-419e-8f67-609c9727b73d,000773,sub-ant3-m2-d24-y2023/sub-ant3-m2-d24-y2023_ses-m2-d24-y2023-ant3-0-48x-3-hexanone-40-t169-z25um_ophys.nwb,22,48,624,4.176470588235294,13,14.615916955017303,17,84086336,620.0,160.0,0
0bd5cb3e-5c90-425a-89ac-77271ad47ea0,001607,sub-Frodo/sub-Frodo_ses-5_obj-11lu0h6_ecephys.nwb,252,77,23272,3.130434782608696,36,25.296030245746696,115,738888,60.0,25.0,1
0bd5eb4e-26ef-45d0-b523-ba0846b9bd88,001051,sub-608671/sub-608671_ses-None_probe-36_ecephys.nwb,36,62,1087,3.3,14,12.343333333333334,30,3023861360,1160.0,25.0,1
0bd6a774-b823-4c89-8e32-26e5dea58d9c,001550,sub-P049/sub-P049_ses-TaskSwitch4-161107a.nwb,35,112,2625,4.709677419354839,38,47.36732570239335,31,1035019,60.0,25.0,1
0bdb6ca7-20b5-42c2-9f8a-e4d8253b3bb4,000467,sub-ant3-m4-d21-y2022/sub-ant3-m4-d21-y2022_ses-m4-d21-y2022-ant3-0-12x-4-methyl-3-heptanone-40-t143-z75um_ophys.nwb,22,48,624,4.176470588235294,13,14.615916955017303,17,84086336,680.0,180.0,0
0bdf7973-7c95-44a8-ab5d-730a5b93d1c4,001455,sub-959090045/sub-959090045_ses-961907691_icephys.nwb,146,553,66221,5.559440559440559,48,40.7499633233899,143,22036413,800.0,25.0,1
0be065b3-9f2c-4f6c-9b96-1e38be76bf99,000713,sub-571520/sub-571520_ses-None_probe-1108676394_ecephys.nwb,36,62,1087,3.3,14,12.343333333333334,30,4010702416,2940.0,260.0,0
0bf08a59-9cdb-4430-b17f-113916442462,001847,sub-RD039/sub-RD039_ses-RD039-20240118-131340_behavior.nwb,32,119,3077,5.357142857142857,34,47.301020408163254,28,512816,25.0,25.0,1
0bf27c89-bf82-48c4-8779-e6f71f59ec3b,001635,sub-M059/sub-M059_ses-20240329T152254_behavior+ophys.nwb,105,208,20638,3.13,28,13.093100000000003,100,56229900,480.0,25.0,1
0bf2a5ca-3cb0-449f-be3c-25535824e35f,000773,sub-ant1-m1-d11-y2023/sub-ant1-m1-d11-y2023_ses-m1-d11-y2023-ant1-0-03x-3-hexanone-40-t131-z150um_ophys.nwb,22,48,624,4.176470588235294,13,14.615916955017303,17,84086336,660.0,160.0,0
0bf4c3e9-41fb-4a3e-bcaf-fdd6a3544a8e,000467,sub-ant1-m10-d11-y2022/sub-ant1-m10-d11-y2022_ses-m10-d11-y2022-ant1-0-48x-isopropanol-40-t142-z75um_ophys.nwb,22,48,624,4.176470588235294,13,14.615916955017303,17,84086336,720.0,180.0,0
0bf5eba7-af86-4ea5-a359-eb9142dbde02,000971,sub-308-399/sub-308-399_ses-Opto-DLS-Excitatory-ChR2Scrambled-2020-08-25T12-02-06_ogen.nwb,30,56,729,3.3461538461538463,14,13.84171597633136,26,250908,80.0,60.0,0
0bfebb1a-a857-4ad2-9531-f2727a4aabfa,000467,sub-ant2-m10-d11-y2022/sub-ant2-m10-d11-y2022_ses-m10-d11-y2022-ant2-0-48x-isopropanol-40-t153-z105um_ophys.nwb,22,48,624,4.176470588235294,13,14.615916955017303,17,84086336,700.0,180.0,0
0c041d60-07d6-4d45-8367-db4ec42ba92c,001374,sub-001/sub-001_ses-20250502_obj-23156iiiC57BL6iiid52iii5iii31iii2024iiidorsaliiipasca_ecephys.nwb,22,49,722,4.176470588235294,13,15.321799307958479,17,5367061596,1880.0,25.0,1
0c05721a-449f-4ca7-aa2b-ba21bca28dd3,000773,sub-ant4-m1-d10-y2023/sub-ant4-m1-d10-y2023_ses-m1-d10-y2023-ant4-0-48x-3-hexanone-40-t156-z160um_ophys.nwb,22,48,624,4.176470588235294,13,14.615916955017303,17,84086336,660.0,160.0,0
0c09284b-eb04-48cb-8ebe-d0130bad50c8,001836,sub-eliot/sub-eliot_ses-eliot-20221022_obj-1fhlsfu.nwb,71,84,1949,3.206896551724138,33,30.370986920332943,58,598792,60.0,25.0,1
0c09d8ab-0826-497f-8ed2-08506e616d44,000467,sub-ant3-m4-d27-y2022/sub-ant3-m4-d27-y2022_ses-m4-d27-y2022-ant3-0-12x-4-methyl-3-heptanone-40-t154-z155um_ophys.nwb,22,48,624,4.176470588235294,13,14.615916955017303,17,84086336,480.0,120.0,0
0c0f8432-6891-492b-ba3e-9805722afc9e,000246,sub-C1-AAV1blind-02/sub-C1-AAV1blind-02_ses-20240916_obj-14w9yae_ophys.nwb,33,46,581,3.5217391304347827,13,12.162570888468805,23,12760208,80.0,25.0,1
0c106591-06e7-40af-b792-2f0c2203830d,001611,sub-24846/sub-24846_ses-20241125T175818_ecephys.nwb,25,52,649,4.105263157894737,13,13.988919667590027,19,12777892,100.0,25.0,1
0c117160-5e2d-40f1-9cbf-9221703ba9dd,001550,sub-P130/sub-P130_ses-TaskSwitch4-171113a.nwb,35,112,2625,4.709677419354839,38,47.36732570239335,31,864065,60.0,25.0,1
0c117514-bff6-48d8-8ec9-75716106b1a1,000947,sub-Gaia/sub-Gaia_ses-post-MPTP-G-170302-3_ecephys.nwb,33,82,1402,4.142857142857143,16,18.90816326530612,28,3452152292,2260.0,200.0,0
0c13b2d2-34dc-454f-ac25-379e462997b5,000711,sub-499478/sub-499478_ses-20200224T091823_obj-cvjpyy_image+ophys.nwb,73,223,9181,4.5,24,27.25,68,241409403,420.0,25.0,1
0c1424a4-2eb8-4af2-8ae6-14a8df4440c4,000711,sub-546605/sub-546605_ses-20210209T083735_obj-qe05zk_image+ophys.nwb,78,229,9548,4.342465753424658,24,25.896415837868265,73,235714462,580.0,60.0,0
0c15ee44-6c06-493a-83aa-76df2c776fba,000467,sub-ant1-m4-d27-y2022/sub-ant1-m4-d27-y2022_ses-m4-d27-y2022-ant1-1x-paraffin-oil-40-t122-z90um_ophys.nwb,22,48,624,4.176470588235294,13,14.615916955017303,17,84086336,500.0,120.0,0
0c17c0f5-8410-4b40-9dfa-76b62d5756fe,000773,sub-ant3-m2-d24-y2023/sub-ant3-m2-d24-y2023_ses-m2-d24-y2023-ant3-0-48x-3-hexanone-40-t183-z60um_ophys.nwb,22,48,624,4.176470588235294,13,14.615916955017303,17,84086336,620.0,160.0,0
0c182fb1-787a-4705-b7da-5f3c5b879ba4,001169,sub-S042/sub-S042_ses-RWTautowait2-20230120-151434.nwb,32,117,3004,5.481481481481482,31,46.397805212620035,27,1041482,80.0,25.0,1
0c18c381-0a03-4c92-be06-b749731aa8ab,001455,sub-998968840/sub-998968840_ses-1000131439_icephys.nwb,246,987,243008,5.8559670781893,95,81.67061254212601,243,67011913,1020.0,25.0,1
0c1bb2ee-4d69-49b6-9923-6c348a9bc469,000467,sub-ant3-m10-d11-y2022/sub-ant3-m10-d11-y2022_ses-m10-d11-y2022-ant3-0-48x-ethylpyrazine-40-t186-z160um_ophys.nwb,22,48,624,4.176470588235294,13,14.615916955017303,17,84086336,680.0,180.0,0
0c1bd46e-a43c-474c-bc9a-f03316ced600,001550,sub-P131/sub-P131_ses-TaskSwitch6-190705a.nwb,52,131,3972,4.536585365853658,42,46.39500297441998,41,1499736,60.0,25.0,1
0c1e7c5a-1b26-42b0-94d7-b4ba757812cd,001169,sub-G098/sub-G098_ses-RWTautowait2-20230427-155233.nwb,32,118,3087,5.518518518518518,32,48.32373113854595,27,997703,120.0,25.0,1
0c25b97b-6e47-462f-b748-a917f44a46ca,000467,sub-ant1-m4-d21-y2022/sub-ant1-m4-d21-y2022_ses-m4-d21-y2022-ant1-0-12x-4-methyl-3-hexanol-40-t131-z35um_ophys.nwb,22,48,624,4.176470588235294,13,14.615916955017303,17,84086336,680.0,160.0,0
0c263ee9-15c0-4fc6-8afd-64aa5721025f,001550,sub-P120/sub-P120_ses-TaskSwitch4-171116a.nwb,35,112,2625,4.709677419354839,38,47.36732570239335,31,1238755,25.0,25.0,1
0c27b238-e531-4c26-80d9-43936e5e90dc,001205,sub-1250843145291779140/sub-1250843145291779140_ses-20220523T163607_ophys.nwb,27,41,539,4.0588235294117645,13,14.878892733564015,17,363493524,220.0,25.0,1
0c281097-f3eb-466c-b27e-6140eb9a45ad,000713,sub-531237/sub-531237_ses-20200901T143824_image.nwb,48,115,2402,3.7045454545454546,23,23.889979338842977,44,191394460,500.0,25.0,1
0c2abd33-be0a-42e2-94dc-1d04acabfc06,000467,sub-ant2-m10-d11-y2022/sub-ant2-m10-d11-y2022_ses-m10-d11-y2022-ant2-0-48x-ethylpyrazine-40-t163-z15um_ophys.nwb,22,48,624,4.176470588235294,13,14.615916955017303,17,84086336,680.0,180.0,0
0c312b0c-88f2-4800-a7a4-b09fe0724fbd,001169,sub-J060/sub-J060_ses-RWTautowait2-20221219-142446.nwb,32,118,3087,5.518518518518518,32,48.32373113854595,27,1157491,100.0,25.0,1
0c37e84c-8676-4faa-96a1-4c02bfe1e748,001550,sub-P130/sub-P130_ses-TaskSwitch4-171215a.nwb,35,112,2625,4.709677419354839,38,47.36732570239335,31,844595,60.0,25.0,1
0c430f5a-aaa4-462c-8894-05db64b00867,000617,sub-677038/sub-677038_ses-1280089433-acq-1280384870_ophys.nwb,66,196,6715,4.344262295081967,17,20.75033593120128,61,616228672,1300.0,25.0,1
0c45c6ce-302c-4b68-8eb5-525487eecbae,000020,sub-885375430/sub-885375430_ses-891449533_icephys.nwb,192,987,225768,7.01058201058201,73,76.87819489935889,189,33334414,38360.0,340.0,0
0c5e328f-dca7-4e53-ac1e-bb996ad1cd15,000467,sub-ant3-m4-d27-y2022/sub-ant3-m4-d27-y2022_ses-m4-d27-y2022-ant3-0-12x-4-methyl-3-hexanol-40-t147-z130um_ophys.nwb,22,48,624,4.176470588235294,13,14.615916955017303,17,84086336,480.0,120.0,0
0c5fc160-cedd-4e73-85e5-6a7743399783,001032,sub-5-1/sub-5-1_ses-2kHz-spindle-stimulation-6V_image.nwb,17,38,431,4.153846153846154,13,13.668639053254442,13,583514,80.0,25.0,1
0c6cb278-a154-4c42-8e86-17bbddf251f3,001607,sub-Frodo/sub-Frodo_ses-2_obj-1px0cth_ecephys.nwb,255,68,23960,3.0517241379310347,38,25.531807372175987,116,719440,60.0,25.0,1
0c6f0a15-4687-4b53-b564-a71e25aaf31e,001169,sub-L009/sub-L009_ses-RWTautowait2-20221024-094554.nwb,32,118,3087,5.518518518518518,32,48.32373113854595,27,1048038,100.0,25.0,1
0c6f6fee-ca09-438f-bae3-4e5119cf6d4b,001611,sub-25876/sub-25876_ses-20241111T233259_ecephys.nwb,25,52,649,4.105263157894737,13,13.988919667590027,19,11922020,80.0,25.0,1
0c711510-9fb9-4fff-92e5-e3f71fad6ba9,001550,sub-P072/sub-P072_ses-TaskSwitch4-170728a.nwb,35,112,2625,4.709677419354839,38,47.36732570239335,31,1758207,100.0,25.0,1
0c7376f5-15ca-496a-a0b5-65d1988f43fa,000713,sub-527749/sub-527749_ses-20200715T140254_image.nwb,48,118,2609,3.772727272727273,25,26.584710743801654,44,67965934,440.0,25.0,1
0c791960-8501-4006-af54-619463f95235,001169,sub-J061/sub-J061_ses-RWTautowait2-20230223-154427.nwb,32,118,3087,5.518518518518518,32,48.32373113854595,27,1432221,25.0,25.0,1
0c82341a-dc71-41d0-b3bc-fcc6d2a568d8,001169,sub-J073/sub-J073_ses-RWTautowait2-20230530-144205.nwb,32,118,3087,5.518518518518518,32,48.32373113854595,27,1327275,80.0,25.0,1
0c83b18a-5c0c-4b72-98e9-7a09391c32ec,001550,sub-P189/sub-P189_ses-TaskSwitch6-191115a.nwb,33,110,2570,4.896551724137931,38,49.74791914387635,29,1054854,100.0,25.0,1
0c86d1a1-f705-40ef-ac72-296a036a890e,000341,Human_persistent_RAF/sub-141212/sub-141212_ses-1412123rm-1-6-3_icephys.nwb,3476,15587,80575484,6.487179487179487,1727,1708.9510744705215,3471,584106012,90920.0,200.0,0
0c89b0a3-e33d-431b-a357-088784b326a8,001358,sub-Z11111/sub-Z11111_ses-s007-F190813_ecephys.nwb,24,59,646,4.611111111111111,13,16.90432098765432,18,499480,860.0,180.0,0
0c8b25d6-726c-46f9-bea9-145371614f24,001169,sub-J012/sub-J012_ses-RWTautowait2-20210804-103733.nwb,32,116,2974,5.444444444444445,31,46.46913580246915,27,976644,80.0,25.0,1
0c901eea-2676-4eec-a96f-1e064041317f,000773,sub-ant2-m1-d17-y2023/sub-ant2-m1-d17-y2023_ses-m1-d17-y2023-ant2-0-03x-isopropanol-40-t161-z140um_ophys.nwb,22,48,624,4.176470588235294,13,14.615916955017303,17,84086336,640.0,160.0,0
0c933ebf-b5bc-4440-a437-315c863a1de0,001475,sub-HSB-W20-17/sub-HSB-W20-17_ses-20250324_cell-ar67_obj-1bgeh9i_icephys.nwb,64,168,6490,4.533333333333333,20,11.782222222222224,60,3526600,580.0,80.0,0
0c94f279-9116-42c9-bbc3-b06d33f1584b,001702,sub-Acanwt-MAP-SF9/sub-Acanwt-MAP-SF9_obj-1uzt2wh.nwb,16,37,446,4.7272727272727275,13,15.47107438016529,11,185480,25.0,25.0,1
0c95d89e-3262-4c90-99f6-4185a2c157fb,000971,sub-93-246/sub-93-246_ses-FP-PS-2019-02-07T15-02-05_behavior.nwb,26,52,651,3.5,13,13.886363636363637,22,237206,60.0,60.0,0
0c96c1cc-b339-40dc-8803-55d6fcb3d499,000773,sub-ant5-m1-d10-y2023/sub-ant5-m1-d10-y2023_ses-m1-d10-y2023-ant5-0-48x-3-hexanone-40-t172-z150um_ophys.nwb,22,48,624,4.176470588235294,13,14.615916955017303,17,84086336,660.0,160.0,0
0c9b1ab8-5e65-4ec5-88f4-94d34ad93cac,000020,sub-652361194/sub-652361194_ses-653196344_icephys.nwb,82,305,15404,5.405063291139241,36,26.39288575548789,79,12824844,17580.0,440.0,0
0c9d01d4-9573-46ab-b282-0b68ff24e1a2,001281,sub-210609/sub-210609_ses-2106092si-5-1-1_icephys.nwb,46,152,4784,5.414634146341464,13,9.608566329565736,41,8286512,3340.0,160.0,0
0c9dd610-aab9-4121-bd56-da7eb373bfc6,001205,sub-15218638887915744219/sub-15218638887915744219_ses-20240531T195601_ophys.nwb,27,41,539,4.0588235294117645,13,14.878892733564015,17,242620984,240.0,25.0,1
0ca51a57-a5cd-4e0c-9226-df0cb83c8bbd,000713,sub-527294/sub-527294_ses-20200727T124537_image.nwb,48,115,2402,3.7045454545454546,23,23.889979338842977,44,191399263,480.0,60.0,0
0ca55987-3f3b-4bcc-940c-d3b247fc6884,000773,sub-ant2-m1-d17-y2023/sub-ant2-m1-d17-y2023_ses-m1-d17-y2023-ant2-0-03x-propionic-acid-40-t166-z90um_ophys.nwb,22,48,624,4.176470588235294,13,14.615916955017303,17,84086336,640.0,160.0,0
0cabb05f-4164-4958-963c-c9fad9c41d53,001550,sub-P100/sub-P100_ses-TaskSwitch4-170722a.nwb,35,112,2625,4.709677419354839,38,47.36732570239335,31,1009701,80.0,25.0,1
0cb346b5-9905-4b06-88b4-a638e3191492,001550,sub-P187/sub-P187_ses-TaskSwitch6-190520a.nwb,33,109,2496,4.862068965517241,37,47.49821640903686,29,858623,60.0,25.0,1
0cb5b5ae-746d-4a1c-90f8-fea405074043,001550,sub-P189/sub-P189_ses-TaskSwitch6-210416a.nwb,33,110,2570,4.896551724137931,38,49.74791914387635,29,1952163,80.0,25.0,1
0cbee703-42f0-42d1-b81e-89066fb47253,000467,sub-ant5-m10-d11-y2022/sub-ant5-m10-d11-y2022_ses-m10-d11-y2022-ant5-0-48x-isopropanol-40-t217-z10um_ophys.nwb,22,48,624,4.176470588235294,13,14.615916955017303,17,84086336,700.0,180.0,0
0cc1d118-85a0-4bd7-b382-66be781d5df2,000020,sub-750788002/sub-750788002_ses-756049962_icephys.nwb,145,598,68029,5.894366197183099,47,45.60151755604046,142,27626271,27160.0,380.0,0
0cc31f39-6a9c-48d6-b05b-4255859310f6,001634,sub-Bilbo/sub-Bilbo_ses-5_obj-wozlj0_ecephys.nwb,253,70,23224,3.0517241379310347,36,24.342152199762193,116,30454352,100.0,25.0,1
0cc5118a-1f87-4451-a5e2-179bdfec4fb0,000485,sub-Plaid-warm-20-nachet/sub-Plaid-warm-20-nachet_ses-20230315T114600_behavior.nwb,30,48,515,2.8518518518518516,13,8.718792866941017,27,35226312,220.0,25.0,1
0cc6353a-5e1c-451c-9341-1a56bbd5c8f1,001169,sub-J052/sub-J052_ses-RWTautowait2-20220921-131953.nwb,32,117,3004,5.481481481481482,31,46.397805212620035,27,1181583,60.0,25.0,1
0cd4be7a-87ae-4d4e-bfeb-8be69f78f571,000008,sub-mouse-WOBBW/sub-mouse-WOBBW_ses-20180927-sample-9_slice-20180927-slice-9_cell-20180927-sample-9_icephys.nwb,181,538,87573,4.96045197740113,80,65.58600657537744,177,8398870,14180.0,440.0,0
0cd51103-6da3-4828-870c-666cadc22bac,000467,sub-ant1-m4-d27-y2022/sub-ant1-m4-d27-y2022_ses-m4-d27-y2022-ant1-0-12x-6-methyl-5-hepten-2-one-40-t153-z155um_ophys.nwb,22,48,624,4.176470588235294,13,14.615916955017303,17,84086336,500.0,120.0,0
0cdda2e2-e39a-4189-94dc-ddc454d95b2f,000239,sub-MX181302/sub-MX181302_ses-20190201T153422.nwb,18,63,1228,6.153846153846154,29,58.13017751479289,13,416544,120.0,80.0,0
0cde0c0d-3b2b-48f8-ab0f-baf09bad1a2c,001169,sub-S038/sub-S038_ses-RWTautowait2-20220412-102404.nwb,32,117,3004,5.481481481481482,31,46.397805212620035,27,1204106,80.0,25.0,1
0ce7e14a-aad4-42c0-b41a-929a7be792ec,000773,sub-ant4-m1-d20-y2023/sub-ant4-m1-d20-y2023_ses-m1-d20-y2023-ant4-0-48x-3-hexanone-40-t182-z50um_ophys.nwb,22,48,624,4.176470588235294,13,14.615916955017303,17,84086336,600.0,160.0,0
0ced516d-3531-4aed-b8b0-4be5d1450cc7,000336,sub-621602/sub-621602_ses-1193555033-acq-1193675754-denoised-movies_ophys.nwb,61,254,14155,5.696428571428571,30,43.139987244897966,56,23225638161,1420.0,25.0,1
0cf1e4d7-a024-446e-b869-0a81ae7b2e02,000773,sub-ant4-m1-d10-y2023/sub-ant4-m1-d10-y2023_ses-m1-d10-y2023-ant4-0-48x-4-methyl-3-heptanone-40-t151-z135um_ophys.nwb,22,48,624,4.176470588235294,13,14.615916955017303,17,84086336,660.0,180.0,0
0cffc55a-d33b-4b6d-84c5-0a913b77890c,000871,sub-656228/sub-656228_ses-1244303662-acq-1244660417_image+ophys.nwb,70,266,14478,5.2615384615384615,30,39.762366863905335,65,1073581692,1640.0,25.0,1
0d065e29-9a12-4d63-b552-0e79373e6b03,000773,sub-ant5-m1-d11-y2023/sub-ant5-m1-d11-y2023_ses-m1-d11-y2023-ant5-1x-paraffin-oil-40-t206-z0um_ophys.nwb,22,48,624,4.176470588235294,13,14.615916955017303,17,84086336,640.0,160.0,0
0d072f71-6cca-4d47-bb60-3f1c4f4e285b,001634,sub-Frodo/sub-Frodo_ses-5_obj-hbz44h_behavior+ecephys.nwb,259,74,23259,2.9836065573770494,36,23.13087879602257,122,3021136,80.0,25.0,1
0d095f02-3532-42f4-9e68-cc0cef180eb3,000773,sub-ant2-m2-d24-y2023/sub-ant2-m2-d24-y2023_ses-m2-d24-y2023-ant2-0-48x-isopropanol-40-t154-z140um_ophys.nwb,22,48,624,4.176470588235294,13,14.615916955017303,17,84086336,620.0,160.0,0
0d0e453b-6134-4a18-8454-6e3587546ead,000341,In_vivo/sub-1902141og/sub-1902141og_ses-1902141og-2-1-1_icephys+image.nwb,97,367,36987,5.8478260869565215,40,26.107277882797725,92,2805105525,1640.0,25.0,1
0d1591df-f20a-459a-9268-46da4eb81251,000579,sub-3/sub-3_ses-mouse-3-session-date-2017-05-14-area-MM-L5-multi-plane-imaging_behavior+ophys.nwb,85,193,12100,4.164383561643835,17,15.53462188027773,73,1777821056,7900.0,180.0,0
0d1673ca-17a5-4d84-8e85-3bb07c63e583,001611,sub-25897/sub-25897_ses-20241113T152924_ecephys.nwb,25,52,649,4.105263157894737,13,13.988919667590027,19,15729660,140.0,25.0,1
0d23cfd7-f499-4216-835a-b7e29cd632f2,001169,sub-S043/sub-S043_ses-RWTautowait2-20220926-150157.nwb,32,117,3004,5.481481481481482,31,46.397805212620035,27,1196306,100.0,25.0,1
0d25361b-cc7c-4975-85de-890d355fc6b3,000467,sub-ant1-m4-d27-y2022/sub-ant1-m4-d27-y2022_ses-m4-d27-y2022-ant1-0-0075x-4-methyl-3-hexanol-40-t129-z30um_ophys.nwb,22,48,624,4.176470588235294,13,14.615916955017303,17,84086336,500.0,120.0,0
0d272f50-2dc0-46b4-b565-6524a44c4e50,001550,sub-P187/sub-P187_ses-TaskSwitch6-210117a.nwb,33,110,2570,4.896551724137931,38,49.74791914387635,29,906865,25.0,25.0,1
0d30bd6b-a236-40b9-9491-baacec19b507,000341,Human_persistent_RAF/sub-141118/sub-141118_ses-1411182rm-7-13-3_icephys.nwb,6642,29834,295904642,6.493295163477475,3310,3291.855198377998,6637,545293088,100100.0,220.0,0
0d36db83-6fde-4481-97b5-412ed180c867,001169,sub-L030/sub-L030_ses-RWTautowait2-20230531-094110.nwb,32,118,3087,5.518518518518518,32,48.32373113854595,27,1185838,60.0,25.0,1
0d46d626-39d3-4d1b-87d2-92703c35621f,001169,sub-J072/sub-J072_ses-RWTautowait2-20230501-150624.nwb,32,118,3087,5.518518518518518,32,48.32373113854595,27,1364669,100.0,25.0,1
0d4970e8-7cc4-49f2-ab51-68986143cb6e,001836,sub-eliot/sub-eliot_ses-eliot-20221019_obj-1hmzrnm.nwb,71,84,1949,3.206896551724138,33,30.370986920332943,58,563066,60.0,25.0,1
0d50fac0-3079-4831-8a2a-6fdf95058bf9,001612,sub-480483/sub-480483_ses-7_ophys.nwb,49,99,3510,4.05,13,9.8475,40,601083912,480.0,25.0,1
0d512565-2470-4c51-9c85-bdbb9851a089,001169,sub-G070/sub-G070_ses-RWTautowait2-20220826-150101.nwb,32,117,3004,5.481481481481482,31,46.397805212620035,27,937046,60.0,25.0,1
0d62c588-0ea4-4357-92ed-1d2888599db8,000773,sub-ant2-m1-d11-y2023/sub-ant2-m1-d11-y2023_ses-m1-d11-y2023-ant2-0-03x-ethanol-40-t163-z110um_ophys.nwb,22,48,624,4.176470588235294,13,14.615916955017303,17,84086336,640.0,160.0,0
0d66aa89-5d96-4f06-af3c-4f503ef7efdb,001550,sub-P072/sub-P072_ses-TaskSwitch4-180122a.nwb,35,112,2625,4.709677419354839,38,47.36732570239335,31,2746402,120.0,25.0,1
0d6fe8e0-56b1-4350-a9f4-ea0877dd1b46,001169,sub-S024/sub-S024_ses-RWTautowait2-20210825-150642.nwb,32,117,3004,5.481481481481482,31,46.397805212620035,27,1663520,100.0,25.0,1
0d726af0-e165-4d89-8cde-0f0743e6bfb3,001836,sub-klein/sub-klein_ses-klein-20231103_obj-bgc37h.nwb,103,84,1949,2.7777777777777777,65,53.68395061728392,90,1864734,80.0,25.0,1
0d74aca7-d272-4978-a5fd-77eead121fea,001550,sub-P116/sub-P116_ses-TaskSwitch4-180131a.nwb,35,112,2625,4.709677419354839,38,47.36732570239335,31,1082093,80.0,25.0,1
0d7619c4-fe50-435b-858d-376a6018ddcb,001034,sub-7-3/sub-7-3_ses-2kHz-sine-stimulation-7V_image.nwb,17,38,431,4.153846153846154,13,13.668639053254442,13,732114,80.0,25.0,1
0d76687c-a3cd-4815-a712-9bec027ce588,001841,sub-subject-ID-ST451/sub-subject-ID-ST451_ses-20200325T133220_icephys.nwb,29,62,907,3.9166666666666665,13,9.409722222222223,24,991981,25.0,25.0,1
0d78163f-d59a-4d47-be2b-778f3eb9788c,001710,sub-Ctrl-2/sub-Ctrl-2_ses-ymaze-day5-scan0-novel-arm1_behavior+ophys.nwb,62,111,4797,3.087719298245614,14,9.097568482610034,57,449972748,520.0,25.0,1
0d7b6fab-a870-42c6-bb6b-4d5d8c807bb5,001169,sub-L015/sub-L015_ses-RWTautowait2-20221018-102112.nwb,32,117,3004,5.481481481481482,31,46.397805212620035,27,847115,100.0,25.0,1
0d7c0f1a-e81a-4f84-9986-fd9c6ecb655b,001455,sub-740369880/sub-740369880_ses-743122753_icephys.nwb,183,759,129134,5.977777777777778,67,60.099506172839526,180,24723066,540.0,25.0,1
0d86380c-4163-4ccf-bb8b-648e1c966f98,000947,sub-Gaia/sub-Gaia_ses-pre-MPTP-G-140609-4_ecephys.nwb,33,82,1264,4.142857142857143,16,18.051020408163264,28,656397289,1720.0,200.0,0
0d964724-b0c0-49dd-aa7f-fcca17cda93b,000773,sub-ant5-m1-d10-y2023/sub-ant5-m1-d10-y2023_ses-m1-d10-y2023-ant5-0-48x-4-methyl-3-heptanone-40-t177-z100um_ophys.nwb,22,48,624,4.176470588235294,13,14.615916955017303,17,84086336,640.0,160.0,0
0d9e250a-d250-4725-9226-785692255a35,000628,sub-Bo/sub-Bo_ses-20220602T171815.nwb,26,39,494,4.266666666666667,13,17.662222222222226,15,3998446,300.0,140.0,0
0da3e502-a62b-42cf-9b82-09da6e28961d,000020,sub-859736425/sub-859736425_ses-864295889_icephys.nwb,176,739,113429,6.017341040462428,63,57.50836980854689,173,22757824,29340.0,360.0,0
0da6bc84-7aa5-4e83-b2f3-4c08ed6f3aaf,001789,sub-rat-15Aug16/sub-rat-15Aug16_ses-F_icephys.nwb,82,225,13850,4.730769230769231,31,20.965976331360952,78,20225504,640.0,25.0,1
0da7d59a-49ce-4bf2-9b21-9a74c9aec615,000020,sub-721974378/sub-721974378_ses-723611854_icephys.nwb,207,844,162583,5.897058823529412,76,65.61195213379466,204,46609284,37860.0,400.0,0
0db702df-ceb0-4ff0-933e-2c36c3a46d31,001550,sub-P123/sub-P123_ses-TaskSwitch4-181126a.nwb,35,112,2625,4.709677419354839,38,47.36732570239335,31,1611115,80.0,25.0,1
0dbb8c1c-00cd-474f-be87-639cb344a804,001169,sub-J013/sub-J013_ses-RWTautowait2-20210405-150229.nwb,32,116,2974,5.444444444444445,31,46.46913580246915,27,1366342,25.0,25.0,1
0dbd2e69-d794-4183-beb7-95e28bd516e7,001550,sub-P059/sub-P059_ses-TaskSwitch4-180421a.nwb,35,112,2625,4.709677419354839,38,47.36732570239335,31,1388211,80.0,25.0,1
0dbf42eb-6321-461a-95df-4deb2c172129,000773,sub-ant4-m1-d11-y2023/sub-ant4-m1-d11-y2023_ses-m1-d11-y2023-ant4-0-03x-4-methyl-3-heptanone-40-t190-z20um_ophys.nwb,22,48,624,4.176470588235294,13,14.615916955017303,17,84086336,640.0,160.0,0
0dcb2906-0962-4b62-8ea4-f2a69aa16042,000773,sub-ant2-m1-d17-y2023/sub-ant2-m1-d17-y2023_ses-m1-d17-y2023-ant2-0-03x-ethanol-40-t163-z115um_ophys.nwb,22,48,624,4.176470588235294,13,14.615916955017303,17,84086336,640.0,160.0,0
0dcfb712-78b3-4168-9809-2a0e43107153,000773,sub-ant1-m1-d17-y2023/sub-ant1-m1-d17-y2023_ses-m1-d17-y2023-ant1-1x-paraffin-oil-40-t122-z70um_ophys.nwb,22,48,624,4.176470588235294,13,14.615916955017303,17,84086336,640.0,160.0,0
0dd03c04-a16b-4288-a4f5-ed1981baf956,000246,sub-AAV-V15-D6/sub-AAV-V15-D6_obj-1dmztye_ophys.nwb,31,41,560,3.8421052631578947,13,14.027700831024932,19,8564888,40.0,25.0,1
0dd0ca72-6581-49b5-aa27-867c1688d382,000020,sub-656436817/sub-656436817_ses-656863271_icephys.nwb,100,366,22698,5.34020618556701,36,27.79147624614731,97,13704781,19620.0,440.0,0
0dd2e1bb-562c-4503-b76e-f4aa6a64fa8f,001038,sub-Anxa-J077/sub-Anxa-J077_ses-20220421-0003.nwb,54,118,2573,4.119047619047619,16,14.10487528344671,42,23591858,140.0,25.0,1
0dd304ad-68ac-479f-ac4b-f62cee77f547,000728,sub-602213820/sub-602213820_ses-617047359-StimC2_ophys.nwb,23,48,605,4.055555555555555,13,13.163580246913579,18,37495624756,13400.0,25.0,1
0dd9a79f-b95b-4664-8919-6c29d1cf2708,000728,sub-539823009/sub-539823009_ses-555257822-StimB_behavior+image+ophys.nwb,53,208,33579,5.808510638297872,118,280.5803531009506,47,246927844,1100.0,25.0,1
0de73007-b679-427a-b414-24640e7ba6d0,000989,sub-G2-37/sub-G2-37_obj-kmeaad_ecephys.nwb,22,45,579,3.9411764705882355,13,12.643598615916957,17,203596,60.0,25.0,1
0de85f00-8223-41bd-9233-44e314ee5db5,000246,sub-C1-AAV1blind-01/sub-C1-AAV1blind-01_ses-20240920_obj-tnqfjx_ophys.nwb,33,46,581,3.5217391304347827,13,12.162570888468805,23,12760208,60.0,25.0,1
0de90ea9-126f-4e75-b4d3-5fba90e5f063,001611,sub-29641/sub-29641_ses-20250331T202734_ecephys.nwb,25,52,649,4.105263157894737,13,13.988919667590027,19,14073140,100.0,25.0,1
0df4292d-b42e-4aec-b6b5-883d7d9ca023,001550,sub-P124/sub-P124_ses-TaskSwitch4-180403a.nwb,35,112,2625,4.709677419354839,38,47.36732570239335,31,767624,25.0,25.0,1
0dfc73ea-c722-48df-ad6a-3d09c19f8d39,001366,sub-F15/sub-F15_ses-F15BC-19102023_image.nwb,24,38,502,4.6923076923076925,13,19.597633136094675,13,408092763,9860.0,260.0,0
0e073b24-8d43-4b1b-bd1f-8923e5725631,000959,sub-T/sub-T_ses-20220503_obj-j38iuu_behavior.nwb,29,116,3192,5.76,13,16.1824,25,9979032,300.0,60.0,0
0e0c6679-16c3-4ab6-a688-55cf3f403acb,000467,sub-ant3-m4-d27-y2022/sub-ant3-m4-d27-y2022_ses-m4-d27-y2022-ant3-0-12x-4-methyl-3-heptanol-40-t141-z140um_ophys.nwb,22,48,624,4.176470588235294,13,14.615916955017303,17,84086336,480.0,120.0,0
0e0faf20-0f2d-4a18-83b9-a65dcafb0ca2,001550,sub-P116/sub-P116_ses-TaskSwitch4-170923a.nwb,35,112,2625,4.709677419354839,38,47.36732570239335,31,1062445,60.0,25.0,1
0e145d76-b8ba-4613-a145-488a3efe55fb,001837,sub-G4-1/sub-G4-1_obj-1stiqao_ecephys.nwb,22,45,579,3.9411764705882355,13,12.643598615916957,17,198444,25.0,25.0,1
0e179fb8-4ece-44da-bb7d-c44fa5a682ac,000337,sub-859638045/sub-859638045_ses-872843906_icephys.nwb,219,931,238355,6.213953488372093,93,83.53561925365061,215,127601020,27760.0,200.0,0
0e215fae-50fd-4063-b8a9-a6bd746a7dd3,001038,sub-Raldh-2306/sub-Raldh-2306_ses-20220405-0001.nwb,49,102,2105,4.108108108108108,16,14.258582907231554,37,16225336,140.0,25.0,1
0e23fc8b-9b17-4ad9-a9f7-3484f9a7ebe4,001445,sub-G3-10/sub-G3-10_obj-1sa4ohu_ecephys.nwb,22,45,579,3.9411764705882355,13,12.643598615916957,17,203556,25.0,25.0,1
0e256bfb-a2ca-4c8a-b138-b2002adbd095,000713,sub-536213/sub-536213_ses-20201026T101018_image.nwb,48,114,2391,3.6818181818181817,23,23.762396694214885,44,188077739,560.0,60.0,0
0e284a63-d87a-4442-be50-c622d9aab78a,000773,sub-ant4-m1-d20-y2023/sub-ant4-m1-d20-y2023_ses-m1-d20-y2023-ant4-0-48x-propionic-acid-40-t200-z50um_ophys.nwb,22,48,624,4.176470588235294,13,14.615916955017303,17,84086336,620.0,160.0,0
0e3abe1a-08f3-45b1-bd89-5efcd25b5ab4,001169,sub-G069/sub-G069_ses-RWTautowait2-20220502-121410.nwb,32,117,3004,5.481481481481482,31,46.397805212620035,27,1120006,100.0,25.0,1
0e4702a4-69f0-4f47-afed-c5f4c177ef85,000773,sub-ant1-m4-d6-y2023/sub-ant1-m4-d6-y2023_ses-m4-d6-y2023-ant1-0-48x-isopropanol-40-t140-z50um_ophys.nwb,22,48,624,4.176470588235294,13,14.615916955017303,17,84086336,600.0,160.0,0
0e4d3de8-d819-4c6c-91ca-e5eed88d3f5b,001611,sub-25876/sub-25876_ses-20241108T134004_ecephys.nwb,25,52,649,4.105263157894737,13,13.988919667590027,19,13001828,120.0,25.0,1
0e4e3361-91c5-44e5-948c-28d2be0bfc74,001169,sub-E007/sub-E007_ses-RWTautowait2-20221019-153700.nwb,32,116,2974,5.444444444444445,31,46.46913580246915,27,1369864,60.0,25.0,1
0e518fcf-1c15-411f-aa7e-2c27f0f98204,001871,sub-20241230-smoke-1a-vial2-vflipFals-old-opto-fc4571aa/sub-20241230-smoke-1a-vial2-vflipFals-old-opto-fc4571aa_ses-20241230-smoke-1a-vial2-vflipFals-old-opto-fc4571aa_behavior.nwb,1031,2165,6195624,3.1110029211295034,909,809.7228292765255,1027,14434600,120.0,25.0,1
0e574052-a33a-485b-9a70-ccf804b6c918,001776,sub-A21W/sub-A21W_ses-20220503T182201_icephys.nwb,130,454,56862,5.652892561983471,50,36.52414452564715,121,24762818,560.0,25.0,1
0e5b14c4-a027-47e2-9c05-954cb99b912d,000467,sub-ant2-m10-d11-y2022/sub-ant2-m10-d11-y2022_ses-m10-d11-y2022-ant2-0-48x-ethylpyrazine-40-t156-z60um_ophys.nwb,22,48,624,4.176470588235294,13,14.615916955017303,17,84086336,700.0,180.0,0
0e5f0496-911b-4e48-9164-bb1b61900f6f,000467,sub-ant1-m4-d27-y2022/sub-ant1-m4-d27-y2022_ses-m4-d27-y2022-ant1-0-12x-6-methyl-5-hepten-2-one-40-t141-z125um_ophys.nwb,22,48,624,4.176470588235294,13,14.615916955017303,17,84086336,520.0,140.0,0
0e6595b2-d7b7-4b3b-885f-c7968c920708,000467,sub-ant4-m4-d20-y2022/sub-ant4-m4-d20-y2022_ses-m4-d20-y2022-ant4-0-12x-4-methyl-3-heptanol-40-t219-z110um_ophys.nwb,22,48,624,4.176470588235294,13,14.615916955017303,17,84086336,680.0,180.0,0
0e690f88-e0ce-4ba8-a40b-cb5daf518310,001747,sub-chip19894/sub-chip19894_ses-recording064_ecephys.nwb,22,44,569,3.8823529411764706,13,12.927335640138407,17,10551878642,1580.0,25.0,1
0e6a3506-da9b-4700-b59b-d7e401c18127,000363,sub-480134/sub-480134_ses-20210111T122809_behavior+ecephys+ogen.nwb,58,173,4596,4.836734693877551,43,44.830487296959596,49,355483035187,175500.0,360.0,0
0e6b1961-a90d-45da-b59d-dcdea038b315,000467,sub-ant3-m4-d27-y2022/sub-ant3-m4-d27-y2022_ses-m4-d27-y2022-ant3-0-12x-4-methyl-3-heptanol-40-t146-z125um_ophys.nwb,22,48,624,4.176470588235294,13,14.615916955017303,17,84086336,500.0,120.0,0
0e6ce947-91ca-405b-a0db-7415f5af23b3,000020,sub-648086990/sub-648086990_ses-648585356_icephys.nwb,111,406,28682,5.342592592592593,36,29.48448216735254,108,14664652,20480.0,440.0,0
0e6d52f5-7768-4610-801d-c1f2c2b3c6bf,001169,sub-S057/sub-S057_ses-RWTautowait2-20230320-094833.nwb,32,118,3087,5.518518518518518,32,48.32373113854595,27,1045589,100.0,25.0,1
0e6f8525-4692-4c18-9e9b-dc39107082bb,000232,sub-YT085/sub-YT085_ses-20191216T114842_behavior.nwb,1573,3165,10255201,3.019120458891013,221,213.85304422322076,1569,19433405,860.0,25.0,1
0e76eaa1-9717-4ba5-a9ef-16179f6d51a0,001776,sub-M07G/sub-M07G_ses-20220103T181812_icephys.nwb,284,815,221778,4.92,127,110.27723636363638,275,50772009,920.0,25.0,1
0e7a9047-7da8-4301-bd71-2f175cfe5f16,001359,sub-1321888477/sub-1321888477_ses-1322714661_icephys.nwb,193,719,114020,5.515789473684211,68,57.69185595567866,190,63654370,880.0,25.0,1
0e7e02a0-ff34-42a1-9b6a-cc2de5e21aa0,000773,sub-ant2-m1-d20-y2023/sub-ant2-m1-d20-y2023_ses-m1-d20-y2023-ant2-0-48x-4-methyl-3-heptanone-40-t157-z10um_ophys.nwb,22,48,624,4.176470588235294,13,14.615916955017303,17,84086336,600.0,160.0,0
0e8056a3-aae5-4c35-9f38-7b6d8a9828de,001169,sub-S062/sub-S062_ses-RWTautowait2-20230526-094544.nwb,32,118,3087,5.518518518518518,32,48.32373113854595,27,1140436,120.0,25.0,1
0e83a965-5231-4738-adb7-fe73dec76b09,000711,sub-541329/sub-541329_ses-20210119T104333_obj-1yy1s7s_image+ophys.nwb,78,229,9548,4.342465753424658,24,25.896415837868265,73,432856738,400.0,25.0,1
0e85d047-ead7-4fef-b72f-9d469288cd51,000020,sub-761832074/sub-761832074_ses-766204258_icephys.nwb,165,666,87193,5.808641975308642,55,52.47572778539857,162,54961653,35660.0,360.0,0
0e8b8141-0d81-4caa-872a-4b5d5088f50c,000020,sub-750787667/sub-750787667_ses-754896261_icephys.nwb,114,462,39300,5.81981981981982,39,34.18375131888645,111,18810976,22200.0,380.0,0
0e8fd858-104c-4e0f-85ea-e10027eb3889,001169,sub-M052/sub-M052_ses-RWTautowait2-20230714-130645.nwb,32,117,3057,5.481481481481482,32,48.397805212620035,27,1000218,60.0,25.0,1
0e9b4b33-5017-471d-a123-47a211b2c5f2,000773,sub-ant2-m1-d17-y2023/sub-ant2-m1-d17-y2023_ses-m1-d17-y2023-ant2-0-03x-ethylpyrazine-40-t150-z45um_ophys.nwb,22,48,624,4.176470588235294,13,14.615916955017303,17,84086336,620.0,160.0,0
0ea5ddcf-b919-434f-a248-6cdb7ddeec94,001169,sub-S022/sub-S022_ses-RWTautowait2-20220330-115436.nwb,32,117,3004,5.481481481481482,31,46.397805212620035,27,849803,60.0,25.0,1
0eb1042b-c13d-4253-aaac-1ae6271f23be,000239,sub-MX180803/sub-MX180803_ses-20180801T095849.nwb,18,63,1228,6.153846153846154,29,58.13017751479289,13,415512,120.0,80.0,0
0eb2e000-da35-4dcf-9562-50da6c8f9cd0,000699,sub-Temp-pref-F20-B20-5dpf-07-unsorted-nac/sub-Temp-pref-F20-B20-5dpf-07-unsorted-nac_ses-20230802T142700_behavior.nwb,33,53,613,3.0357142857142856,13,8.391581632653063,28,9173342,280.0,25.0,1
0eb78cd0-734b-45ee-80ed-6dceaae29760,001260,sub-708078/sub-708078_ses-708078-20231003-probe0_ecephys.nwb,40,94,1196,4.0606060606060606,19,21.208448117539028,33,1255135403,1260.0,160.0,0
0ebd84d4-6c36-4537-8de7-11120dc9c3d7,001856,sub-1477565799/sub-1477565799_ses-1477605603_icephys.nwb,230,874,164224,5.5506607929515415,78,72.2386229113703,227,76736213,840.0,25.0,1
0ebe7952-7ff4-4d87-a9bd-adc7048fedcb,001751,sub-Mfa240911/sub-Mfa240911_ses-20240912HS1_obj-1xkvioj_icephys.nwb,159,861,342943,7.706666666666667,128,99.3272888888889,150,18904488,880.0,80.0,0
0ebfb1eb-a74e-4e3f-99ab-bb69ac7a9165,000773,sub-ant5-m4-d6-y2023/sub-ant5-m4-d6-y2023_ses-m4-d6-y2023-ant5-0-48x-4-methyl-3-heptanone-40-t192-z155um_ophys.nwb,22,48,624,4.176470588235294,13,14.615916955017303,17,84086336,600.0,160.0,0
0ec32601-1246-4741-9912-041b47536fb3,001689,PO2_SU_NWB/sub-exp-36/sub-exp-36_ses-su.nwb,40,79,1542,3.2777777777777777,24,17.922839506172835,36,488792,80.0,25.0,1
0ec4b5c4-d999-44af-ba2a-599b7d4bd2d9,000399,sub-1-4/sub-1-4_ses-20210122_obj-xqm54w_ecephys.nwb,27,47,681,4.352941176470588,13,17.75778546712803,17,692256,140.0,60.0,0
0ec63f99-335f-41c5-9758-768d37daed7d,001169,sub-G082/sub-G082_ses-RWTautowait2-20221031-132948.nwb,32,117,3004,5.481481481481482,31,46.397805212620035,27,1055333,60.0,25.0,1
0ec6aca2-8aa5-4ca5-850c-e431727d7ee1,001550,sub-P159/sub-P159_ses-TaskSwitch4-180826a.nwb,35,112,2625,4.709677419354839,38,47.36732570239335,31,925982,80.0,25.0,1
0ec6be8a-d31f-4a6a-a44c-be876fed76f0,000728,sub-606790666/sub-606790666_ses-638267173-StimB_ophys.nwb,23,48,605,4.055555555555555,13,13.163580246913579,18,49550563765,19520.0,25.0,1
0ecc10f1-bb92-4088-b40c-c850b428bca1,000773,sub-ant4-m1-d10-y2023/sub-ant4-m1-d10-y2023_ses-m1-d10-y2023-ant4-0-48x-isopropanol-40-t150-z120um_ophys.nwb,22,48,624,4.176470588235294,13,14.615916955017303,17,84086336,640.0,160.0,0
0ed086e9-d4a0-4cbb-823e-b10f1f23afe9,001550,sub-P124/sub-P124_ses-TaskSwitch4-181214a.nwb,35,112,2625,4.709677419354839,38,47.36732570239335,31,1207608,80.0,25.0,1
0ed22b37-a345-4096-9401-a46d1d6f1b6f,001074,sub-ZS84ZS15-251014-mouse/sub-ZS84ZS15-251014-mouse_ses-ch0-means-movie-nobg-cnmf-mr-raw-matched1_ophys.nwb,29,51,766,3.5217391304347827,13,10.162570888468805,23,803307856,120.0,25.0,1
0ed4655e-5518-47b6-a294-ad8b7f58afe4,001349,sub-C57-C2-2-AL/sub-C57-C2-2-AL_ses-40_ophys.nwb,32,64,1380,3.923076923076923,13,11.07100591715976,26,25736036,120.0,25.0,1
0ed5e8c2-3972-4bc6-84fb-b841150236c4,000713,sub-567286/sub-567286_ses-20210420T132757_image.nwb,48,115,2402,3.7045454545454546,23,23.889979338842977,44,188120584,240.0,25.0,1
0eea715e-6365-45f9-80fe-1b3629b866ae,001550,sub-P101/sub-P101_ses-TaskSwitch4-181206a.nwb,35,112,2625,4.709677419354839,38,47.36732570239335,31,1594843,60.0,25.0,1
0eebcdb4-287d-4a02-b344-235f7d1e5297,001634,sub-Bilbo/sub-Bilbo_ses-2_obj-k2qyo5_ecephys.nwb,252,77,23272,3.130434782608696,36,25.296030245746696,115,719488,80.0,25.0,1
0eeee889-14d9-4879-abe6-f9413ad82f6d,001521,sub-CHO-20250502-c2/sub-CHO-20250502-c2_ses-session-2025-05-02_obj-knm598_image.nwb,17,38,431,4.153846153846154,13,13.668639053254442,13,30440458,100.0,25.0,1
0efde40f-5599-45e8-bec9-81084d097705,000773,sub-ant5-m4-d6-y2023/sub-ant5-m4-d6-y2023_ses-m4-d6-y2023-ant5-0-48x-3-hexanone-40-t178-z105um_ophys.nwb,22,48,624,4.176470588235294,13,14.615916955017303,17,84086336,600.0,160.0,0
0effffc8-e056-4ce4-aeff-fc13a0e80381,001550,sub-P116/sub-P116_ses-TaskSwitch4-181221a.nwb,35,112,2625,4.709677419354839,38,47.36732570239335,31,984453,80.0,25.0,1
0f07bf81-9a1f-4804-b82d-e8257e288bb1,000020,sub-699347605/sub-699347605_ses-700193649_icephys.nwb,129,499,46973,5.603174603174603,42,37.17586293776772,126,19962905,25480.0,400.0,0
0f109311-8cd7-4376-9964-da9ccc920103,000008,sub-mouse-OGLHO/sub-mouse-OGLHO_ses-20180118-sample-10_slice-20180118-slice-10_cell-20180118-sample-10_icephys.nwb,181,538,87573,4.96045197740113,80,65.58600657537744,177,8707880,14380.0,440.0,0
0f114e1f-1331-4bcc-87f8-487d2af23651,001349,sub-C57-C2-2-BL/sub-C57-C2-2-BL_ses-5_ophys.nwb,32,64,1380,3.923076923076923,13,11.07100591715976,26,32515534,100.0,25.0,1
0f1a1ade-a81a-493f-9d1b-ed3ebe986bad,001169,sub-M041/sub-M041_ses-RWTautowait2-20220715-115640.nwb,32,116,2974,5.444444444444445,31,46.46913580246915,27,1119405,100.0,25.0,1
0f1b298a-c9d4-46d5-9a0f-ab0f5b198130,001550,sub-P007/sub-P007_ses-TaskSwitch4-161028a.nwb,33,110,2570,4.896551724137931,38,49.74791914387635,29,1621120,60.0,25.0,1
0f20917f-e1f8-4242-a16b-58cf6230bdb6,000773,sub-ant5-m4-d6-y2023/sub-ant5-m4-d6-y2023_ses-m4-d6-y2023-ant5-0-48x-4-methyl-3-heptanone-40-t185-z55um_ophys.nwb,22,48,624,4.176470588235294,13,14.615916955017303,17,84086336,600.0,160.0,0
0f2d3156-98c7-45ee-930a-4d9a336c7bda,000037,sub-440889/sub-440889_ses-832883243_behavior+image+ophys.nwb,45,107,2320,3.902439024390244,33,27.649018441403925,41,1906044253,3300.0,100.0,0
0f334535-2fd4-43df-92ae-6e053f030788,000289,sub-24/sub-24_ses-20210216T125551_behavior+ophys.nwb,37,54,638,3.3214285714285716,13,10.646683673469388,28,8673591256,2820.0,25.0,1
0f3696b2-0829-4c7d-9b5f-c4ab34772dd2,001550,sub-P013/sub-P013_ses-TaskSwitch4new-170430a.nwb,33,110,2570,4.896551724137931,38,49.74791914387635,29,2413713,120.0,25.0,1
0f3ceeb6-0965-47df-8a34-bf42367719b9,001550,sub-P013/sub-P013_ses-TaskSwitch4-160526a.nwb,33,110,2570,4.896551724137931,38,49.74791914387635,29,1102596,100.0,25.0,1
0f3ef693-227e-4399-88fb-63ef1608c035,000773,sub-ant5-m1-d10-y2023/sub-ant5-m1-d10-y2023_ses-m1-d10-y2023-ant5-0-48x-3-hexanone-40-t179-z10um_ophys.nwb,22,48,624,4.176470588235294,13,14.615916955017303,17,84086336,660.0,160.0,0
0f4b0e04-10dc-43f3-b3a0-241f759f4aed,000773,sub-ant1-m2-d24-y2023/sub-ant1-m2-d24-y2023_ses-m2-d24-y2023-ant1-0-48x-4-methyl-3-heptanone-40-t141-z35um_ophys.nwb,22,48,624,4.176470588235294,13,14.615916955017303,17,84086336,640.0,160.0,0
0f5d56ad-a0f2-438b-a38c-18c957a782d3,000467,sub-ant1-m4-d26-y2022/sub-ant1-m4-d26-y2022_ses-m4-d26-y2022-ant1-0-03x-4-methyl-3-heptanol-40-t130-z90um_ophys.nwb,22,48,624,4.176470588235294,13,14.615916955017303,17,84086336,660.0,180.0,0
0f60f7d8-01e5-4aaa-b54b-6ef1dc6be45e,000678,sub-BW048/sub-BW048_ses-20220122T133454.nwb,29,70,949,4.083333333333333,20,21.743055555555557,24,32422436,280.0,60.0,0
0f662f92-6065-4eca-88e8-65227f9f6f2b,000351,sub-HJ-FP-M7/sub-HJ-FP-M7_ses-Day27.nwb,25,49,554,3.3181818181818183,13,9.489669421487603,22,8891480,220.0,60.0,0
0f712916-679c-4c51-b2e5-c5672152706e,000711,sub-533527/sub-533527_ses-20200914T111246_image+ophys.nwb,78,229,9548,4.342465753424658,24,25.896415837868265,73,279762352,420.0,25.0,1
0f743bea-fa75-4585-b33b-8f82acf673c3,000897,sub-amadeus/sub-amadeus_ses-08232019_ecephys.nwb,24,47,645,3.736842105263158,13,12.614958448753464,19,17982170426,5820.0,100.0,0
0f8542de-a437-44d5-8a54-57cbf157f6fb,000713,sub-570301/sub-570301_ses-None_probe-1108676426_ecephys.nwb,36,62,1087,3.3,14,12.343333333333334,30,3889624860,2780.0,240.0,0
0f8797b7-851b-4ffc-88d4-5c5328e96932,001169,sub-J008/sub-J008_ses-RWTautowait2-20210106-151731.nwb,32,117,3004,5.481481481481482,31,46.397805212620035,27,1214853,60.0,25.0,1
0f8d8bc0-e96f-4c4d-b178-c0d4152af4db,000537,sub-174626cell11q6a-900-700filter/sub-174626cell11q6a-900-700filter_ses-20220602T174626_image.nwb,32,47,573,3.9,13,12.69,20,43289104,280.0,60.0,0
0f9465bf-8751-4117-9241-4325c76d52b3,001550,sub-P131/sub-P131_ses-TaskSwitch4-181019a.nwb,35,112,2625,4.709677419354839,38,47.36732570239335,31,1646886,80.0,25.0,1
0f96379f-7d68-4f13-93b3-75e0782f92d0,000711,sub-442709/sub-442709_ses-20190318T104846_image.nwb,50,156,5473,4.478260869565218,24,34.72778827977316,46,196076950,620.0,60.0,0
0f9748a4-92a6-4fa7-93ab-628e206e5aba,001169,sub-S035/sub-S035_ses-RWTautowait2-20220801-153414.nwb,32,117,3004,5.481481481481482,31,46.397805212620035,27,938023,100.0,25.0,1
0f9dea0f-1701-45fb-907b-03f70adc13e2,001634,sub-Bilbo/sub-Bilbo_ses-3_obj-1yvt21a_ecephys.nwb,254,78,24032,3.1565217391304348,38,26.56680529300567,115,725744,80.0,25.0,1
0fa58c25-30ea-4ab8-8c36-a018b4eeb878,000773,sub-ant4-m1-d20-y2023/sub-ant4-m1-d20-y2023_ses-m1-d20-y2023-ant4-0-48x-ethanol-40-t188-z55um_ophys.nwb,22,48,624,4.176470588235294,13,14.615916955017303,17,84086336,640.0,160.0,0
0faa324e-6f60-4b0c-af76-3c760c9e7df1,001550,sub-H113/sub-H113_ses-TaskSwitch4-181205a.nwb,33,110,2570,4.896551724137931,38,49.74791914387635,29,974954,60.0,25.0,1
0fafa863-ae9c-4e06-b96b-a3c6a8c53cc0,000467,sub-ant4-m4-d26-y2022/sub-ant4-m4-d26-y2022_ses-m4-d26-y2022-ant4-0-03x-4-methyl-3-heptanol-40-t246-z70um_ophys.nwb,22,48,624,4.176470588235294,13,14.615916955017303,17,84086336,500.0,120.0,0
0fb196d1-93f8-4ab7-87a3-d1cac27f3fdc,001550,sub-P187/sub-P187_ses-TaskSwitch6-200814a.nwb,33,110,2570,4.896551724137931,38,49.74791914387635,29,831022,60.0,25.0,1
0fb37c9d-7dc4-4f8e-a1a8-7ca0925a8109,001611,sub-26303/sub-26303_ses-20250327T130045_ecephys.nwb,25,52,649,4.105263157894737,13,13.988919667590027,19,14438008,100.0,25.0,1
0fb4f32c-c295-4f3c-abe5-585315cdd8e6,000711,sub-431252/sub-431252_ses-20190207T081710_image.nwb,48,116,2469,3.727272727272727,23,24.743801652892568,44,188523044,460.0,25.0,1
0fbd3b82-6108-4ace-831d-fa3998c92311,001550,sub-P078/sub-P078_ses-TaskSwitch4-180227a.nwb,35,112,2625,4.709677419354839,38,47.36732570239335,31,1486811,100.0,25.0,1
0fbed43a-4cec-40fb-8d2b-f392bcd853d1,001205,sub-12657231520037522597/sub-12657231520037522597_ses-20220124T233348_ophys.nwb,27,41,539,4.0588235294117645,13,14.878892733564015,17,362845587,220.0,25.0,1
0fc4a3ee-b6cd-475f-8a77-232fa30dfd27,001751,sub-Mfa241105/sub-Mfa241105_ses-20241105HS5_obj-jzqqpu_icephys.nwb,191,1053,520159,7.758241758241758,160,129.87561888660784,182,23541328,1160.0,80.0,0
0fc4db9f-8202-46aa-9264-567c7a344683,001169,sub-J063/sub-J063_ses-RWTautowait2-20230105-152438.nwb,32,118,3087,5.518518518518518,32,48.32373113854595,27,1360969,80.0,25.0,1
0fdac01f-11df-44fc-b618-4e38b3cc96e1,001836,sub-klein/sub-klein_ses-klein-20231106_obj-i3k84x.nwb,103,74,1739,2.6666666666666665,65,51.844444444444456,90,3534944,80.0,25.0,1
0fdbfb70-81a7-4b89-9498-b3bc723ef129,000773,sub-ant1-m1-d20-y2023/sub-ant1-m1-d20-y2023_ses-m1-d20-y2023-ant1-0-48x-4-methyl-3-heptanol-40-t131-z110um_ophys.nwb,22,48,624,4.176470588235294,13,14.615916955017303,17,84086336,620.0,160.0,0
0fdc2561-3ad7-4a8f-ad6d-d5c9c360f7a4,000054,sub-R5/sub-R5_ses-training-day3_behavior+ophys.nwb,50,85,2236,3.111111111111111,13,8.94320987654321,45,1025034176,980.0,25.0,1
0fdea4bf-5b5b-4596-bf92-da02b4d572ce,001169,sub-M015/sub-M015_ses-RWTautowait2-20200615-095858.nwb,32,116,2923,5.444444444444445,30,44.54320987654322,27,1652967,120.0,25.0,1
0fe2e401-2327-4871-bc48-a6bdcc7a1792,000713,sub-533539/sub-533539_ses-20200929T095246_image.nwb,48,114,2391,3.6818181818181817,23,23.762396694214885,44,188068859,480.0,60.0,0
0ff0944a-be55-43f3-8446-b28e7578b501,000713,sub-548717/sub-548717_ses-20210112T104602_image.nwb,48,115,2402,3.7045454545454546,23,23.889979338842977,44,191439719,280.0,25.0,1
0ff0d439-b8ae-4c01-b65d-936d9ab147da,001455,sub-918438574/sub-918438574_ses-922596935_icephys.nwb,167,671,96705,5.817073170731708,58,51.35678167757289,164,27480694,600.0,25.0,1
0ff371e1-aaf9-4675-940d-f80a2109d2bb,001169,sub-S022/sub-S022_ses-RWTautowait2-20220314-121544.nwb,32,117,3004,5.481481481481482,31,46.397805212620035,27,1027020,100.0,25.0,1
0ff61f8c-0c41-46e9-a1e3-cd92b2ed30bd,001634,sub-Bilbo/sub-Bilbo_ses-2_obj-1ldn2qd_ecephys.nwb,252,77,23272,3.130434782608696,36,25.296030245746696,115,713792,100.0,25.0,1
0ffc3ca2-24df-402b-8903-c8aa6fe355c9,000959,sub-L/sub-L_ses-20191210_obj-5iyyh5_behavior.nwb,29,116,3192,5.76,13,16.1824,25,10024128,280.0,60.0,0
0ffc9fca-a216-42fc-9f01-1b3118b4af82,000399,sub-19/sub-19_ses-20210816_obj-1ujnamt_ecephys.nwb,27,47,681,4.352941176470588,13,17.75778546712803,17,1068232,140.0,60.0,0
1000b908-55e3-4e50-b450-3b32da93c81d,001836,sub-klein/sub-klein_ses-klein-20231103_obj-17t51em.nwb,103,84,1949,2.7777777777777777,65,53.68395061728392,90,1053424,120.0,25.0,1
1016325e-b181-4b12-a946-cbc3df61627f,000728,sub-575188353/sub-575188353_ses-589441079-StimA_ophys.nwb,23,48,605,4.055555555555555,13,13.163580246913579,18,38939543503,15480.0,25.0,1
1028a29c-6180-4acc-be10-5826d151b7b4,000020,sub-740369796/sub-740369796_ses-744053362_icephys.nwb,131,526,52357,5.7890625,42,38.46331787109375,128,20321817,23180.0,380.0,0
10327d5c-a73c-4d75-8d9e-78fe55276f16,000008,sub-mouse-SGQTD/sub-mouse-SGQTD_ses-20180410-sample-6_slice-20180410-slice-5_cell-20180410-sample-6_icephys.nwb,181,538,87573,4.96045197740113,80,65.58600657537744,177,8550458,13480.0,440.0,0
103290b8-150f-4e45-83f1-db8e5e7cf668,000728,sub-591626844/sub-591626844_ses-603519646-StimB_ophys.nwb,23,48,605,4.055555555555555,13,13.163580246913579,18,35700352040,13460.0,25.0,1
1035e771-da13-4005-9960-c8935c45993a,001169,sub-S026/sub-S026_ses-RWTautowait2-20211015-161109.nwb,32,117,3004,5.481481481481482,31,46.397805212620035,27,1313121,80.0,25.0,1
10367fca-73b1-4043-a769-1dd1a5f81b7e,000711,sub-499478/sub-499478_ses-20200218T091535_obj-1wtwz4z_image+ophys.nwb,78,229,9548,4.342465753424658,24,25.896415837868265,73,257067924,560.0,25.0,1
10383fe5-f108-4235-8e50-92e532e70cd2,000563,sub-699846/sub-699846_ses-1314466742_probe-0_ecephys.nwb,27,55,937,3.772727272727273,14,15.08471074380165,22,2119143778,640.0,60.0,0
104a328b-18b1-4e51-81f5-22fe64b66b14,001169,sub-M014/sub-M014_ses-RWTautowait2-20200820-100900.nwb,32,116,2923,5.444444444444445,30,44.54320987654322,27,1177614,80.0,25.0,1
104ddb62-daec-48ce-b6d4-8d641b6bdb73,000569,sub-1223010848/sub-1223010848_ses-1223780485_icephys.nwb,192,736,121063,5.608465608465608,66,52.97897595252091,189,48045242,13780.0,240.0,0
1052d7bb-3fd8-439e-b27a-4e4aecd9bbd7,000467,sub-ant1-m4-d27-y2022/sub-ant1-m4-d27-y2022_ses-m4-d27-y2022-ant1-0-0075x-4-methyl-3-heptanol-40-t138-z45um_ophys.nwb,22,48,624,4.176470588235294,13,14.615916955017303,17,84086336,500.0,120.0,0
105afa81-2c5e-408d-9896-6891d5a4bfde,001169,sub-J010/sub-J010_ses-RWTautowait2-20210505-115922.nwb,32,116,2974,5.444444444444445,31,46.46913580246915,27,1176056,60.0,25.0,1
10726910-c154-4cea-8ec9-6326af977c5a,000713,sub-560962/sub-560962_ses-20210408T103220_image.nwb,48,115,2402,3.7045454545454546,23,23.889979338842977,44,188099445,300.0,60.0,0
10736ace-c771-44fc-a0cb-330f073310dc,001169,sub-J074/sub-J074_ses-RWTautowait2-20230503-131947.nwb,32,118,3087,5.518518518518518,32,48.32373113854595,27,1541388,80.0,25.0,1
107634f1-d43e-4eb7-8e6b-670b3335bd72,000289,sub-50/sub-50_ses-20211229T143805_behavior+ophys.nwb,37,54,638,3.3214285714285716,13,10.646683673469388,28,14825963872,4240.0,25.0,1
107cf80d-58f1-4d30-88c0-462e8a9c68db,000959,sub-T/sub-T_ses-20211105_obj-1kbw4m9_behavior.nwb,41,275,26986,8.513513513513514,16,33.330898466033595,37,17580504,280.0,60.0,0
107d3834-f563-4213-9fa8-81ffc3b7df50,001871,sub-20241220-smoke-2a-vial2-vflipFals-old-opto-a4fe8bde/sub-20241220-smoke-2a-vial2-vflipFals-old-opto-a4fe8bde_ses-20241220-smoke-2a-vial2-vflipFals-old-opto-a4fe8bde_behavior.nwb,271,569,379686,3.142322097378277,225,188.15202906479252,267,5921588,120.0,25.0,1
108433fb-8e5c-4497-b4d8-219774211f1d,001836,sub-julio/sub-julio_ses-julio-20230731_obj-12mgn05.nwb,103,74,1739,2.6666666666666665,65,51.844444444444456,90,3501792,100.0,25.0,1
1085cf5c-0124-4afe-8c64-4a5f0cf86ca5,000637,sub-BH446/sub-BH446_obj-ep7kdg_ecephys.nwb,28,46,627,4.111111111111111,14,15.654320987654321,18,2249880,160.0,80.0,0
108fda77-1940-4f26-89e5-48e4735a53d6,001272,sub-3-20240806/sub-3-20240806_obj-154faft_image.nwb,17,38,431,4.153846153846154,13,13.668639053254442,13,682471,80.0,25.0,1
10905789-1c09-439a-b66f-28eae6f10924,000020,sub-794242498/sub-794242498_ses-796666451_icephys.nwb,273,1150,313018,6.062962962962963,107,92.65899862825786,270,61730520,50340.0,380.0,0
10a0b46d-9031-4bb7-be8c-ef746f17caae,000020,sub-812386057/sub-812386057_ses-815416867_icephys.nwb,297,1300,390271,6.275510204081633,124,134.47851589615442,294,47572913,57980.0,360.0,0
10a66b91-0cf0-40c6-a550-1ce6ed948f01,000971,sub-61-207/sub-61-207_ses-FP-PR-2018-10-17T10-49-21_behavior.nwb,44,78,1514,3.903225806451613,14,14.409989594172735,31,323572886,280.0,25.0,1
10ac1543-b782-45d0-9697-5d22f5746c94,001607,sub-Bilbo/sub-Bilbo_ses-5_obj-tkm63f_ecephys.nwb,253,67,23200,3.0258620689655173,36,24.266572532699158,116,45586940,120.0,25.0,1
10ad044f-99f0-4855-8848-2422dd1ae565,000165,sub-Cumin/sub-Cumin_ses-Cumin06-LinearTrack_behavior+ecephys.nwb,34,59,1006,4.0,14,20.0,24,115639184,1780.0,60.0,0
10b292c9-2210-46af-b035-de79371c444a,000728,sub-529204474/sub-529204474_ses-549855420-StimC2_ophys.nwb,23,48,605,4.055555555555555,13,13.163580246913579,18,36947191933,14200.0,25.0,1
10b44451-0aca-4b9f-8ca7-bb614096a24d,000165,sub-Fruitfly/sub-Fruitfly_ses-Fruitfly05-HomeCage_behavior+ecephys.nwb,31,59,1006,4.285714285714286,14,21.63265306122449,21,273216872,1720.0,80.0,0
10c3388a-20bc-4c45-a792-3c19baa7583b,001747,sub-chip19894/sub-chip19894_ses-recording127_ecephys.nwb,22,44,569,3.8823529411764706,13,12.927335640138407,17,9838086177,1480.0,25.0,1
10c5c353-50a3-47ba-aebb-9661096d0c8d,000773,sub-ant1-m2-d24-y2023/sub-ant1-m2-d24-y2023_ses-m2-d24-y2023-ant1-0-48x-4-methyl-3-heptanol-40-t140-z50um_ophys.nwb,22,48,624,4.176470588235294,13,14.615916955017303,17,84086336,640.0,160.0,0
10c6e45b-d943-4c4d-9de8-f0bff4a50471,000971,sub-448-419/sub-448-419_ses-Opto-DMS-Excitatory-ChR2-2020-12-08T11-43-00_ogen.nwb,28,53,719,3.5217391304347827,14,15.11909262759924,23,231944,80.0,60.0,0
10c99c79-026b-42d3-8e62-a9c1b47b2143,001611,sub-25897/sub-25897_ses-20241025T005838_ecephys.nwb,25,52,649,4.105263157894737,13,13.988919667590027,19,14966976,80.0,25.0,1
10cad26c-a561-4c88-a256-68764d6e8f73,001455,sub-1034908402/sub-1034908402_ses-1036070778_icephys.nwb,173,741,129134,6.08235294117647,60,54.02851211072665,170,26705654,840.0,25.0,1
10d58f14-1c8c-4967-9ca3-c015a340871c,001611,sub-26342/sub-26342_ses-20241120T193249_ecephys.nwb,25,52,649,4.105263157894737,13,13.988919667590027,19,11970876,80.0,25.0,1
10e7d4c8-0a3a-4519-a561-1069bc8fe937,001552,sub-JF-VR-FP-F6/sub-JF-VR-FP-F6_ses-Day4.nwb,20,42,448,3.8125,13,11.40234375,16,970014,60.0,25.0,1
10ec23ae-0635-4b8e-939e-743d837bb1e3,000165,sub-Tarragon/sub-Tarragon_ses-Tarragon02-HomeCage_behavior+ecephys.nwb,34,59,1006,4.0,14,20.0,24,98246328,1640.0,60.0,0
10f8478e-ceee-4c50-b29b-0039ef950a7c,000336,sub-635489/sub-635489_ses-1219070517-acq-1219253460-denoised-movies_ophys.nwb,63,261,14296,5.672413793103448,30,41.77199762187871,58,19706141352,1460.0,25.0,1
10fafdfd-6cb1-4b9f-9054-3aee8508e889,001169,sub-L023/sub-L023_ses-RWTautowait2-20230516-125318.nwb,32,118,3087,5.518518518518518,32,48.32373113854595,27,1826645,60.0,25.0,1
10fc62ac-2948-4339-8c4c-cba12a61fa83,000246,sub-phpV14-3/sub-phpV14-3_ses-20230914_obj-141c7la_ophys.nwb,33,46,581,3.5217391304347827,13,12.162570888468805,23,5223902768,1840.0,25.0,1
10ff013e-e6d6-442c-8173-b87a698e92e1,001836,sub-julio/sub-julio_ses-julio-20230805_obj-184qkwj_behavior.nwb,108,76,1751,2.6,65,49.06105263157894,95,78044528,100.0,25.0,1
1103a97f-48fa-44c0-93b7-8d577b64a984,000020,sub-746220153/sub-746220153_ses-750783576_icephys.nwb,117,474,41424,5.815789473684211,39,34.816943674976905,114,19901159,20520.0,380.0,0
11066a7c-b2d5-4b00-b98f-22ab1c245fed,000467,sub-ant3-m4-d21-y2022/sub-ant3-m4-d21-y2022_ses-m4-d21-y2022-ant3-0-48x-4-methyl-3-heptanol-40-t162-z70um_ophys.nwb,22,48,624,4.176470588235294,13,14.615916955017303,17,84086336,680.0,180.0,0
110930de-e8d3-42c7-a201-3d3596460f15,001550,sub-P127/sub-P127_ses-TaskSwitch4-181206a.nwb,35,112,2625,4.709677419354839,38,47.36732570239335,31,1334945,60.0,25.0,1
1109b710-0e3a-4de4-b329-05f68ffb9abf,000971,sub-308-399/sub-308-399_ses-Opto-DLS-Excitatory-Unknown-2020-08-28T11-37-09_ogen.nwb,30,56,729,3.3461538461538463,14,13.84171597633136,26,252588,80.0,60.0,0
110d4356-0134-49f7-a546-95ab8433ca4d,000020,sub-732239976/sub-732239976_ses-738936254_icephys.nwb,103,396,28183,5.59,39,31.761899999999997,100,17644821,21460.0,400.0,0
1110472e-4ffa-4e05-99af-015e4f5c132c,000467,sub-ant1-m4-d21-y2022/sub-ant1-m4-d21-y2022_ses-m4-d21-y2022-ant1-0-12x-4-methyl-3-heptanone-40-t138-z0um_ophys.nwb,22,48,624,4.176470588235294,13,14.615916955017303,17,84086336,680.0,180.0,0
1116055d-25db-4d58-af26-a1d4273a6403,000773,sub-ant2-m1-d20-y2023/sub-ant2-m1-d20-y2023_ses-m1-d20-y2023-ant2-0-48x-ethylpyrazine-40-t154-z50um_ophys.nwb,22,48,624,4.176470588235294,13,14.615916955017303,17,84086336,620.0,160.0,0
11169761-1be2-4157-9fe7-fe9739457f79,000728,sub-699502603/sub-699502603_ses-714778358-StimC2_behavior+image+ophys.nwb,50,11477,195172714,262.3181818181818,5812,1407580.2623966942,44,492435992,800.0,25.0,1
1116e8f3-7a55-4cbb-909d-187ae10eac90,000989,sub-G1-12A63/sub-G1-12A63_obj-cy8t5j_ecephys.nwb,22,45,579,3.9411764705882355,13,12.643598615916957,17,203596,40.0,25.0,1
111980aa-d43e-4a57-8682-cd6eca7f5ca1,001611,sub-25897/sub-25897_ses-20241107T162634_ecephys.nwb,25,52,649,4.105263157894737,13,13.988919667590027,19,22376548,120.0,25.0,1
11267189-3cba-4b5d-87d6-773891df217e,000341,Human_persistent_RAF/sub-160405/sub-160405_ses-1604051rm-4-1-4_icephys.nwb,1928,8621,24547946,6.476859074362975,953,935.1126990269423,1923,144884500,26420.0,200.0,0
11274b2d-28eb-4187-96f5-36f19dd66bcd,000020,sub-809277295/sub-809277295_ses-809694038_icephys.nwb,240,999,223794,5.987341772151899,90,79.05891149922553,237,60144640,44260.0,360.0,0
112861b3-a7b9-44a7-88da-153341759be4,001474,sub-MPK122/sub-MPK122_ses-20240125T120000.nwb,21,45,466,3.823529411764706,13,11.321799307958477,17,7548928,100.0,25.0,1
112db2b9-a749-49b7-a0ec-c4b4bc83567d,001455,sub-899526675/sub-899526675_ses-904709541_icephys.nwb,184,935,210015,6.955801104972376,70,76.40688623668387,181,33706196,1000.0,25.0,1
1133e5ab-7352-417a-90cc-b033142ffcaf,001169,sub-J070/sub-J070_ses-RWTautowait2-20230324-105722.nwb,32,118,3087,5.518518518518518,32,48.32373113854595,27,1066567,60.0,25.0,1
1137a5ee-3da4-434d-b892-3aadd0709f1c,001169,sub-S016/sub-S016_ses-RWTautowait2-20210203-105130.nwb,32,116,2974,5.444444444444445,31,46.46913580246915,27,1401686,80.0,25.0,1
113de8ed-0c62-438a-bc89-e8a579cf7993,000020,sub-825548677/sub-825548677_ses-828816990_icephys.nwb,179,748,114032,5.994318181818182,64,62.25564953512396,176,28863668,32920.0,360.0,0
1140d7d1-44f5-4efb-823a-4b80f6215fe0,001620,sub-b697-6/sub-b697-6_ses-NeuN_ophys.nwb,24,49,608,3.8947368421052633,13,13.673130193905815,19,2408084,80.0,25.0,1
1141b118-3f02-4c99-970c-ad3e83978f75,000467,sub-ant5-m4-d26-y2022/sub-ant5-m4-d26-y2022_ses-m4-d26-y2022-ant5-0-03x-6-methyl-5-hepten-2-one-40-t276-z145um_ophys.nwb,22,48,624,4.176470588235294,13,14.615916955017303,17,84086336,520.0,140.0,0
1141cd97-db48-4327-8202-5f1ca133c5d2,001550,sub-P167/sub-P167_ses-TaskSwitch4-190321a.nwb,35,112,2625,4.709677419354839,38,47.36732570239335,31,1160788,100.0,25.0,1
11428b71-83bc-47e2-989d-ed9d7a264fb5,001611,sub-26265/sub-26265_ses-20241225T020518_ecephys.nwb,25,52,649,4.105263157894737,13,13.988919667590027,19,12583416,120.0,25.0,1
114cff60-52dd-4279-8830-9810129e26e8,000485,sub-Plaid-warm-24-nachet/sub-Plaid-warm-24-nachet_ses-20230327T141000_behavior.nwb,30,48,515,2.8518518518518516,13,8.718792866941017,27,35166213,200.0,25.0,1
114f3135-029e-425f-b809-860033ccd87c,001550,sub-P131/sub-P131_ses-TaskSwitch4-180818a.nwb,35,112,2625,4.709677419354839,38,47.36732570239335,31,1231452,80.0,25.0,1
11594372-1184-4994-912e-36d16be02435,000773,sub-ant5-m4-d6-y2023/sub-ant5-m4-d6-y2023_ses-m4-d6-y2023-ant5-1x-paraffin-oil-40-t173-z155um_ophys.nwb,22,48,624,4.176470588235294,13,14.615916955017303,17,84086336,600.0,160.0,0
115b063e-da11-4f7b-9237-213e3438dc4c,001550,sub-H113/sub-H113_ses-TaskSwitch4-180110a.nwb,33,110,2570,4.896551724137931,38,49.74791914387635,29,1601043,80.0,25.0,1
116624c3-9961-45d2-b8ea-69c40d7a860d,000351,sub-HJ-FP-M3/sub-HJ-FP-M3_ses-Day35.nwb,25,49,554,3.3181818181818183,13,9.489669421487603,22,11552072,220.0,60.0,0
116633ee-4982-49aa-b5f2-a1ec326ae3c6,000563,sub-697303/sub-697303_ses-1309536438_probe-0_ecephys.nwb,27,55,937,3.772727272727273,14,15.08471074380165,22,1936762136,600.0,25.0,1
117a3d86-dc23-4a44-8b2b-0445a8b783d4,000467,sub-ant2-m4-d21-y2022/sub-ant2-m4-d21-y2022_ses-m4-d21-y2022-ant2-0-12x-4-methyl-3-heptanol-40-t164-z0um_ophys.nwb,22,48,624,4.176470588235294,13,14.615916955017303,17,84086336,660.0,160.0,0
117f2f19-be97-42e5-b18b-f0e09153f7ef,001169,sub-J009/sub-J009_ses-RWTautowait2-20210503-122424.nwb,32,116,2974,5.444444444444445,31,46.46913580246915,27,968073,80.0,25.0,1
1181f4b3-782b-4f6a-a84c-245af154fdb2,001847,sub-RD069/sub-RD069_ses-RD069-20241114-132924_behavior.nwb,32,121,3215,5.428571428571429,36,51.530612244897966,28,526152,25.0,25.0,1
1183f978-0573-4a9c-8d78-088bd73222f4,001205,sub-3080465092053494711/sub-3080465092053494711_ses-20220729T155121_ophys.nwb,27,41,539,4.0588235294117645,13,14.878892733564015,17,685295903,380.0,25.0,1
11863e7b-497a-4362-b6b7-4f5b42f0a4bd,000773,sub-ant2-m1-d17-y2023/sub-ant2-m1-d17-y2023_ses-m1-d17-y2023-ant2-0-03x-isopropanol-40-t151-z90um_ophys.nwb,22,48,624,4.176470588235294,13,14.615916955017303,17,84086336,640.0,160.0,0
118786a2-0cb5-411b-ac73-019b4d3ad849,000008,sub-mouse-HBTAE/sub-mouse-HBTAE_ses-20190725-sample-9_slice-20190725-slice-9_cell-20190725-sample-9_icephys.nwb,181,538,87573,4.96045197740113,80,65.58600657537744,177,9401550,18220.0,460.0,0
1195c0fc-f16b-47e6-8bb2-ac45c5dd8c5b,000399,sub-20/sub-20_ses-20210813_obj-126gdr7_ecephys.nwb,27,47,681,4.352941176470588,13,17.75778546712803,17,835144,120.0,60.0,0
1198014b-d859-4c7f-a592-bf2af236953f,001465,sub-1382207951/sub-1382207951_ses-1382320660_icephys.nwb,375,1536,640992,5.96505376344086,154,126.87781101861489,372,58371113,2020.0,100.0,0
119a43ae-ed15-43e7-ac3b-0cf771ababe2,001169,sub-S057/sub-S057_ses-RWTautowait2-20230307-105001.nwb,32,118,3087,5.518518518518518,32,48.32373113854595,27,1061498,60.0,25.0,1
119ae827-da5c-48da-9262-d4f08885fa37,001169,sub-G045/sub-G045_ses-RWTautowait2-20220118-162452.nwb,32,117,3004,5.481481481481482,31,46.397805212620035,27,960103,80.0,25.0,1
119ca7ef-1ac8-491f-bb12-afbfd87d597c,000020,sub-645665144/sub-645665144_ses-647045665_icephys.nwb,109,398,27308,5.330188679245283,36,29.10795656817372,106,13940033,20300.0,460.0,0
11a54eb2-1a9a-4e6f-b6c9-c089c57838eb,001634,sub-Bilbo/sub-Bilbo_ses-5_obj-xo4xdw_ecephys.nwb,252,77,23272,3.130434782608696,36,25.296030245746696,115,818416,60.0,25.0,1
11abaed2-b469-40fe-a736-036749824274,001550,sub-P078/sub-P078_ses-TaskSwitch4-180103a.nwb,35,112,2625,4.709677419354839,38,47.36732570239335,31,1257715,60.0,25.0,1
11bd5bf2-3f1b-4c76-ac52-56977b7c16f0,000728,sub-502206284/sub-502206284_ses-511440894-StimA_behavior+image+ophys.nwb,47,84,1733,3.5121951219512195,13,7.61570493753718,41,350304443,580.0,40.0,0
11c4396f-d6cb-4ba4-8747-72b203f92cdc,000467,sub-ant4-m4-d26-y2022/sub-ant4-m4-d26-y2022_ses-m4-d26-y2022-ant4-0-03x-4-methyl-3-hexanol-40-t244-z155um_ophys.nwb,22,48,624,4.176470588235294,13,14.615916955017303,17,84086336,520.0,140.0,0
11c607a3-b305-46f9-8a8b-7319ed4d4a8e,001847,sub-PB190/sub-PB190_ses-PB190-20240823-171248_behavior.nwb,30,114,2920,5.5,36,55.78846153846154,26,543584,25.0,25.0,1
11c811ec-041b-44b7-9f3e-a94fc5757996,000165,sub-Rolypoly/sub-Rolypoly_ses-Rolypoly03-HomeCage_behavior+ecephys.nwb,31,59,1006,4.285714285714286,14,21.63265306122449,21,250494704,1640.0,60.0,0
11c96a6c-c0f7-4a5c-ba1b-25ebe0261e46,001169,sub-M024/sub-M024_ses-RWTautowait2-20200806-111217.nwb,32,116,2923,5.444444444444445,30,44.54320987654322,27,775752,100.0,25.0,1
11da0cca-a9b4-494f-8164-feeafb32c6ed,000467,sub-ant4-m4-d26-y2022/sub-ant4-m4-d26-y2022_ses-m4-d26-y2022-ant4-0-03x-4-methyl-3-heptanone-40-t242-z15um_ophys.nwb,22,48,624,4.176470588235294,13,14.615916955017303,17,84086336,500.0,140.0,0
11df190e-9918-40f4-af70-c308ea557654,000971,sub-436-422/sub-436-422_ses-Opto-DMS-Inhibitory-NpHR-2020-11-05T12-56-38_behavior+ogen.nwb,31,57,739,3.2962962962962963,14,13.393689986282581,27,250752,60.0,25.0,1
11e63104-3860-4ce3-8592-bb09f1d8e2bb,001181,sub-m1615/sub-m1615_ses-20221009T145150Z_photometry.nwb,25,70,952,4.2727272727272725,21,23.289256198347097,22,492190,60.0,25.0,1
11ef175c-fa12-4497-96f3-ee3327e8457c,000008,sub-mouse-DYNRZ/sub-mouse-DYNRZ_ses-20180111-sample-5_slice-20180111-slice-5_cell-20180111-sample-5_icephys.nwb,181,538,87573,4.96045197740113,80,65.58600657537744,177,8568425,16940.0,460.0,0
11f1abaa-045c-48cb-b29f-d6c5245300e3,000971,sub-308-399/sub-308-399_ses-Opto-DLS-Excitatory-ChR2Scrambled-2020-09-08T11-34-38_ogen.nwb,30,56,729,3.3461538461538463,14,13.84171597633136,26,252865,60.0,60.0,0
11fa1cef-8d88-4bc9-99b1-0eeb320e588b,000336,sub-655580/sub-655580_ses-1245775426-acq-1245923074-denoised-movies_ophys.nwb,72,283,15946,5.5,30,39.43181818181818,66,39469895396,1480.0,25.0,1
11faa9a8-b478-4d7c-858c-47fb5f11f161,001868,sub-ICMS101/sub-ICMS101_ses-2023-11-03_behavior+ecephys+ophys.nwb,39,96,1502,4.28125,13,14.7646484375,32,34602985,120.0,25.0,1
11fb5c01-9fa3-4c15-9da9-fb554b6a3e13,001359,sub-1321888477/sub-1321888477_ses-1322759417_icephys.nwb,266,1060,276979,5.82509505703422,103,86.50933221529876,263,75934554,1520.0,25.0,1
11ff90f8-fca8-4a47-9d01-671086fa0474,001777,sub-4881/sub-4881_ses-20200729T162943_icephys.nwb,38,91,1496,4.264705882352941,13,7.42993079584775,34,29057952,140.0,25.0,1
1201f6d8-bf2c-475a-925a-873255f55c41,000336,sub-690226/sub-690226_ses-1314200210-acq-1314349931-raw-movies_image+ophys.nwb,89,449,49996,6.488095238095238,30,46.368905895691604,84,23785740304,1500.0,25.0,1
120501f7-0a80-40d5-9487-8fc31f595fdd,000467,sub-ant1-m4-d21-y2022/sub-ant1-m4-d21-y2022_ses-m4-d21-y2022-ant1-0-12x-6-methyl-5-hepten-2-one-40-t126-z155um_ophys.nwb,22,48,624,4.176470588235294,13,14.615916955017303,17,84086336,680.0,180.0,0
120d715a-41d7-4026-91d2-2cb01ad98ac3,001611,sub-25897/sub-25897_ses-20241107T120744_ecephys.nwb,25,52,649,4.105263157894737,13,13.988919667590027,19,21963364,100.0,25.0,1
1218feb1-8c3f-423e-8418-befb2bc85738,000246,sub-phpV14-03-H5/sub-phpV14-03-H5_ses-20241118_obj-yvb2wi_ophys.nwb,33,46,581,3.5217391304347827,13,12.162570888468805,23,12760256,60.0,25.0,1
121c3ebd-055c-481b-9ecd-26d5392483fc,000253,sub-642507/sub-642507_ses-1221092548_probe-1_ecephys.nwb,27,55,937,3.772727272727273,14,15.08471074380165,22,8070071215,6320.0,100.0,0
122ff931-aad6-4114-a496-3c99f2f199eb,001349,sub-C57-C2-1-AL/sub-C57-C2-1-AL_ses-20_ophys.nwb,32,64,1380,3.923076923076923,13,11.07100591715976,26,33650346,100.0,25.0,1
1230428f-78b1-453a-842a-800fa972af18,000713,sub-553964/sub-553964_ses-None_probe-1087871894_ecephys.nwb,36,62,1087,3.3,14,12.343333333333334,30,4509397616,3340.0,240.0,0
123f54d7-adf3-4042-ae27-1292699871eb,000467,sub-ant2-m4-d27-y2022/sub-ant2-m4-d27-y2022_ses-m4-d27-y2022-ant2-0-12x-4-methyl-3-heptanol-40-t196-z95um_ophys.nwb,22,48,624,4.176470588235294,13,14.615916955017303,17,84086336,500.0,120.0,0
123fe3fe-d402-4d5d-b993-a11c2a6b60df,001552,sub-JF-dLight-ramp2-M5/sub-JF-dLight-ramp2-M5_ses-Day16.nwb,24,49,497,3.4285714285714284,13,9.863945578231291,21,1391206,60.0,25.0,1
1240e4bd-e175-46ff-beac-ecb12a32ec8a,000959,sub-L/sub-L_ses-20190809_obj-qgo60o_behavior.nwb,40,261,23864,8.333333333333334,15,33.00000000000001,36,17564560,320.0,60.0,0
124b75e8-b65f-4a49-81dc-06b027fddc2e,000707,sub-Temp-pref-F26-B18-5dpf-02-unsorted-nac/sub-Temp-pref-F26-B18-5dpf-02-unsorted-nac_ses-20231017T134400_behavior.nwb,33,53,613,3.0357142857142856,13,8.391581632653063,28,8975986,320.0,25.0,1
1250a9cd-4597-4a00-bf55-db8109935cf1,000711,sub-548950/sub-548950_ses-20210114T112321_image+ophys.nwb,78,229,9548,4.342465753424658,24,25.896415837868265,73,468409608,640.0,25.0,1
1255daee-adf0-4c31-bdab-7d3215af4b83,000711,sub-453991/sub-453991_ses-20190911T121754_image.nwb,50,156,5473,4.478260869565218,24,34.72778827977316,46,196054773,280.0,25.0,1
126ef7d1-575b-449a-aaa2-4b05e4b5bc27,000035,sub-mouse-UEQOU/sub-mouse-UEQOU_ses-20200413-sample-15_slice-20200413-slice-2_cell-20200413-sample-15_icephys.nwb,183,543,89959,4.955307262569832,81,66.57900814581316,179,9085859,10660.0,240.0,0
1277657f-7057-4406-b38a-f83639459807,001169,sub-S019/sub-S019_ses-RWTautowait2-20210609-110521.nwb,32,116,2974,5.444444444444445,31,46.46913580246915,27,818725,80.0,25.0,1
12787a1b-3aa8-49ca-9d9e-cb91734a11af,000341,Human_persistent_RAF/sub-141125/sub-141125_ses-1411251rm-1-7-3_icephys.nwb,2900,12995,55948892,6.484628670120898,1439,1420.9910417878482,2895,562123628,79760.0,200.0,0
12787ac6-b561-4b56-8118-935e1dcb43e0,001455,sub-894285831/sub-894285831_ses-898658087_icephys.nwb,228,916,190367,5.84,85,77.55662222222217,225,59987527,1360.0,40.0,0
127c3d44-cd5b-4f42-bc49-ae1bed3322ce,000363,sub-484672/sub-484672_ses-20210318T171131_behavior+ecephys+ogen.nwb,54,157,3844,4.822222222222222,43,48.901728395061724,45,180847649,106440.0,300.0,0
129237a8-86b6-409f-8f28-80365dd5cf0f,000773,sub-ant2-m2-d24-y2023/sub-ant2-m2-d24-y2023_ses-m2-d24-y2023-ant2-0-48x-3-hexanone-40-t151-z90um_ophys.nwb,22,48,624,4.176470588235294,13,14.615916955017303,17,84086336,620.0,160.0,0
1295af11-3c72-4800-a580-0481d737ac50,001550,sub-P131/sub-P131_ses-TaskSwitch4-180905a.nwb,35,112,2625,4.709677419354839,38,47.36732570239335,31,1509647,100.0,25.0,1
129e3373-10f4-4234-a2e0-6df4b61b38bc,001177,sub-E5/sub-E5_ses-PPXopenField-E5-day4_ecephys.nwb,59,150,5706,3.8,33,20.959999999999994,55,46379377943,21140.0,160.0,0
12a03be7-9425-4e0c-b320-3f3687f83ccc,000467,sub-ant5-m10-d11-y2022/sub-ant5-m10-d11-y2022_ses-m10-d11-y2022-ant5-0-48x-ethanol-40-t205-z90um_ophys.nwb,22,48,624,4.176470588235294,13,14.615916955017303,17,84086336,680.0,180.0,0
12ada856-0a2e-455d-8726-e4555c19c05f,000988,sub-161851pp-cell4-try2-2P-brighter-ok/sub-161851pp-cell4-try2-2P-brighter-ok_ses-20230906T161851_image.nwb,36,55,754,4.090909090909091,13,13.809917355371901,22,203009758,340.0,25.0,1
12b190cf-0b40-45fb-8aff-21f688d1175e,001469,sub-Chronic-Implant-1/sub-Chronic-Implant-1_obj-1mol3hx_ecephys.nwb,22,50,766,4.235294117647059,13,16.179930795847753,17,591268128,1160.0,180.0,0
12b547a8-18ad-461c-beeb-c66fe13e622e,000932,sub-Pig4/sub-Pig4_ses-20221118T142224_ecephys.nwb,32,53,777,3.4444444444444446,13,13.1358024691358,27,83747696,300.0,60.0,0
12c12a84-a37c-481b-bc19-571581b7e4bc,001550,sub-P150/sub-P150_ses-TaskSwitch4-190817a.nwb,35,112,2625,4.709677419354839,38,47.36732570239335,31,1834230,80.0,25.0,1
12c5f1e7-001a-45bf-9476-93ce3d713884,001169,sub-G069/sub-G069_ses-RWTautowait2-20230221-113856.nwb,32,118,3087,5.518518518518518,32,48.32373113854595,27,1326182,80.0,25.0,1
12cb6d7c-03fb-4983-867f-54abd0c38aeb,000248,sub-625555/sub-625555_ses-1183070926_probe-2_ecephys.nwb,27,55,937,3.772727272727273,14,15.08471074380165,22,2315010918,1500.0,80.0,0
12cdbf89-9952-447a-8fe0-f0afc8ff237e,000409,sub-DY-013/sub-DY-013_ses-9a629642-3a9c-42ed-b70a-532db0e86199_desc-processed_behavior+ecephys.nwb,51,169,4508,4.933333333333334,32,37.70666666666667,45,501344234,2240.0,100.0,0
12d054bf-a7a9-4f66-b22f-c0f8d5a69471,001169,sub-C035/sub-C035_ses-RWTautowait2-20191217-114512.nwb,32,115,2844,5.407407407407407,29,42.7599451303155,27,1615977,1720.0,160.0,0
12d2eb7f-4a1c-42e6-ae5f-8a8d43e8f273,001359,sub-1369353330/sub-1369353330_ses-1369586261_icephys.nwb,263,1026,251351,5.696153846153846,96,77.50383136094672,260,36818675,460.0,25.0,1
12d89528-6aca-4386-a7b9-c3cce55a05a0,000773,sub-ant4-m1-d18-y2023/sub-ant4-m1-d18-y2023_ses-m1-d18-y2023-ant4-1x-paraffin-oil-40-t138-z5um_ophys.nwb,22,48,624,4.176470588235294,13,14.615916955017303,17,84086336,620.0,160.0,0
12d9733b-664f-4735-a9e3-e5f355392092,000728,sub-657880064/sub-657880064_ses-668528146-StimB_ophys.nwb,23,48,605,4.055555555555555,13,13.163580246913579,18,43841765015,15920.0,25.0,1
12e22c7a-45b0-4977-a3a5-cfa2db4a5c8c,000711,sub-456916/sub-456916_ses-20190528T121835_image.nwb,48,119,2682,3.7954545454545454,26,27.571797520661153,44,68553346,180.0,25.0,1
12ed0a50-a86e-49e6-b25f-e1dbc86cf563,000773,sub-ant4-m1-d18-y2023/sub-ant4-m1-d18-y2023_ses-m1-d18-y2023-ant4-0-48x-3-hexanone-40-t159-z65um_ophys.nwb,22,48,624,4.176470588235294,13,14.615916955017303,17,84086336,640.0,160.0,0
12ef5905-124f-4572-b413-2b284cc3e439,000467,sub-ant5-m4-d26-y2022/sub-ant5-m4-d26-y2022_ses-m4-d26-y2022-ant5-0-48x-4-methyl-3-hexanol-40-t291-z75um_ophys.nwb,22,48,624,4.176470588235294,13,14.615916955017303,17,84086336,520.0,140.0,0
12f1a039-98ee-49ec-b01e-162fd872f061,000959,sub-T/sub-T_ses-20220519_obj-19ob4gf_behavior.nwb,36,205,13336,7.5,14,31.25,32,17514832,280.0,60.0,0
12f5c039-dbca-4eae-8aca-d7614e1d95f3,001276,sub-P1-20240702-B3/sub-P1-20240702-B3_obj-1vh4bm0_image.nwb,17,38,431,4.153846153846154,13,13.668639053254442,13,472800670,260.0,25.0,1
12f77be0-812d-4353-8b66-a640b0ca2a06,000020,sub-626194701/sub-626194701_ses-636946141_icephys.nwb,175,639,78972,5.325581395348837,51,44.23120605732828,172,19374399,28940.0,500.0,0
12fa0b1a-1ab4-472f-b04a-3b73023f7e24,000773,sub-ant2-m1-d20-y2023/sub-ant2-m1-d20-y2023_ses-m1-d20-y2023-ant2-1x-paraffin-oil-40-t146-z25um_ophys.nwb,22,48,624,4.176470588235294,13,14.615916955017303,17,84086336,600.0,160.0,0
12fa0bcc-4416-4ed5-a1d0-608eee64120e,001361,sub-m17/sub-m17_ses-09_behavior+ophys.nwb,50,90,2822,3.1956521739130435,13,7.374763705103971,46,923367392,1440.0,60.0,0
12fa90f0-953d-4974-8afe-3b3a20130d0f,000773,sub-ant5-m1-d10-y2023/sub-ant5-m1-d10-y2023_ses-m1-d10-y2023-ant5-0-48x-ethanol-40-t182-z0um_ophys.nwb,22,48,624,4.176470588235294,13,14.615916955017303,17,84086336,640.0,160.0,0
12fce8b2-f668-4427-ba81-cac4eacee58c,001747,sub-chip19894/sub-chip19894_ses-recording058_ecephys.nwb,22,44,569,3.8823529411764706,13,12.927335640138407,17,10676047207,1600.0,25.0,1
131ce17f-23f5-43a1-8dc1-7e06bbcdb412,001634,sub-Bilbo/sub-Bilbo_ses-3_obj-y0cusz_behavior+ecephys.nwb,261,74,23853,3.0,38,24.24590163934426,122,3379928,100.0,25.0,1
1321c20e-db14-405f-9591-0583bbc92e39,000552,sub-e13-1f1/sub-e13-1f1_ses-e13-1f1-200307_behavior+ecephys.nwb,22,60,943,4.5,16,19.805555555555557,18,13966186,1360.0,220.0,0
132c1d1e-5fbd-4479-b6ba-574a2a5d2256,000773,sub-ant5-m1-d10-y2023/sub-ant5-m1-d10-y2023_ses-m1-d10-y2023-ant5-0-48x-propionic-acid-40-t187-z120um_ophys.nwb,22,48,624,4.176470588235294,13,14.615916955017303,17,84086336,640.0,160.0,0
132e1247-b5ca-40bc-b449-68f6253ddbb5,001634,sub-Bilbo/sub-Bilbo_ses-5_obj-1st4js0_behavior+ecephys.nwb,259,75,23423,2.9918032786885247,36,23.221244289169572,122,3895420,100.0,25.0,1
133693ad-2fcd-4d6f-adea-766bdf62e9cd,000773,sub-ant1-m1-d11-y2023/sub-ant1-m1-d11-y2023_ses-m1-d11-y2023-ant1-0-03x-3-hexanone-40-t131-z145um_ophys.nwb,22,48,624,4.176470588235294,13,14.615916955017303,17,84086336,680.0,180.0,0
133c5325-1462-4240-9039-9c3d9dcd72e8,000773,sub-ant2-m1-d11-y2023/sub-ant2-m1-d11-y2023_ses-m1-d11-y2023-ant2-0-03x-4-methyl-3-heptanone-40-t166-z130um_ophys.nwb,22,48,624,4.176470588235294,13,14.615916955017303,17,84086336,660.0,180.0,0
133d7083-7a89-4e2c-bc4e-4c4b6c772a1e,000773,sub-ant3-m1-d10-y2023/sub-ant3-m1-d10-y2023_ses-m1-d10-y2023-ant3-0-48x-propionic-acid-40-t136-z90um_ophys.nwb,22,48,624,4.176470588235294,13,14.615916955017303,17,84086336,660.0,180.0,0
133f9ac8-23f5-4070-bf82-5a4d94b2d331,001837,sub-G4-5/sub-G4-5_obj-1lbbdxb_ecephys.nwb,22,45,579,3.9411764705882355,13,12.643598615916957,17,198444,25.0,25.0,1
13410be2-6e04-4273-a1d7-4eca5ecae186,000773,sub-ant4-m1-d10-y2023/sub-ant4-m1-d10-y2023_ses-m1-d10-y2023-ant4-0-48x-4-methyl-3-heptanone-40-t158-z110um_ophys.nwb,22,48,624,4.176470588235294,13,14.615916955017303,17,84086336,640.0,160.0,0
13419004-970b-4db7-b668-fe9af9347b99,001550,sub-H113/sub-H113_ses-TaskSwitch4-181128a.nwb,33,110,2570,4.896551724137931,38,49.74791914387635,29,1137477,80.0,25.0,1
1342b967-0dd5-4021-8824-ca717e8f715a,001184,sub-69/sub-69_ses-session-hheise-M069-2021-03-01-01_behavior+image+ophys.nwb,43,78,1130,3.2051282051282053,13,8.470742932281393,39,468325756,1860.0,160.0,0
134f1caa-bdb4-4918-9132-2a94e947f90e,001634,sub-Frodo/sub-Frodo_ses-2_obj-pjmr7q_ecephys.nwb,253,64,23788,3.0526315789473686,38,25.681440443213305,114,617864,60.0,25.0,1
1350a827-f6c3-4c0a-9e5f-1b8e7ca01110,001474,sub-MPK184/sub-MPK184_ses-20240810T120000.nwb,21,45,466,3.823529411764706,13,11.321799307958477,17,11165696,120.0,25.0,1
1357e00c-e599-43a9-8717-280dc0e69d42,001169,sub-G082/sub-G082_ses-RWTautowait2-20221011-132020.nwb,32,117,3004,5.481481481481482,31,46.397805212620035,27,1208243,60.0,25.0,1
135affe9-4c1f-4c72-af0b-921117f139b0,001348,sub-1214579789/sub-1214579789_ses-1214627583_icephys.nwb,222,882,179381,5.771689497716895,80,68.11225787619105,219,84541779,2180.0,80.0,0
13601baf-008e-45bf-ad68-94e33376ecb7,000020,sub-836127723/sub-836127723_ses-839522679_icephys.nwb,235,992,218843,6.047413793103448,88,78.95895882877527,232,60443932,44880.0,360.0,0
13633f74-1437-4675-b0c6-1aab9055179a,000959,sub-L/sub-L_ses-20200206_obj-vilicv_behavior.nwb,38,233,18208,7.9411764705882355,14,32.2318339100346,34,17523256,280.0,60.0,0
136b8c94-2005-4b5f-8082-5c02ebec9baa,001169,sub-S033/sub-S033_ses-RWTautowait2-20211027-135442.nwb,32,117,3004,5.481481481481482,31,46.397805212620035,27,964257,100.0,25.0,1
1370ce6d-4708-4783-aaaf-1d7bb79dff02,001337,sub-241023-Fish90-GCaMP-HB-5dpf-FlowExperiment-warner-temp-stim-Z-3-0/sub-241023-Fish90-GCaMP-HB-5dpf-FlowExperiment-warner-temp-stim-Z-3-0_ses-20241206T165537_ophys.nwb,34,56,809,3.064516129032258,13,8.4474505723205,31,132458386,200.0,25.0,1
13727199-b7df-42cb-bf08-e8d2e48b7594,001169,sub-J010/sub-J010_ses-RWTautowait2-20210324-114834.nwb,32,116,2974,5.444444444444445,31,46.46913580246915,27,1468315,100.0,25.0,1
137dbb3a-ae62-4e48-a019-34ab2ce09c30,000552,sub-e15-9f1/sub-e15-9f1_ses-e15-9f1-200729_behavior+ecephys.nwb,39,92,1479,3.9411764705882355,16,14.937716262975776,34,129463219,2780.0,200.0,0
137ee9d1-57f0-469a-be50-939781f83123,000773,sub-ant6-m1-d10-y2023/sub-ant6-m1-d10-y2023_ses-m1-d10-y2023-ant6-0-48x-3-hexanone-40-t217-z75um_ophys.nwb,22,48,624,4.176470588235294,13,14.615916955017303,17,84086336,640.0,180.0,0
1384411c-7689-4796-96ef-e44f0f27666a,001033,sub-9-2/sub-9-2_ses-20kHz-spindle-stimulation-12V_image.nwb,17,38,431,4.153846153846154,13,13.668639053254442,13,663620,60.0,25.0,1
138a075a-56b8-4152-a9ef-86156e3469e0,001565,sub-sub-29/sub-sub-29_ses-20250831T190843_ophys.nwb,26,60,958,4.45,13,13.547500000000003,20,76495280,100.0,25.0,1
138d05ea-d0d4-4efa-9998-4f063523c1ac,001169,sub-J031/sub-J031_ses-RWTautowait2-20220412-140203.nwb,32,117,3004,5.481481481481482,31,46.397805212620035,27,909507,100.0,25.0,1
13916053-c3c9-42e4-87a2-4f6722cc4a8f,001455,sub-1037942147/sub-1037942147_ses-1038773407_icephys.nwb,281,1481,617543,7.172661870503597,116,109.11407277056051,278,135065910,2140.0,25.0,1
1397600d-0128-4c3e-96d4-be6c54458f80,000409,sub-PL050/sub-PL050_ses-98e0074c-706a-40e5-bbb5-223f97585a99_desc-processed_behavior+ecephys.nwb,96,289,24155,4.651685393258427,32,22.294407271809117,89,1975032434,3040.0,60.0,0
13978ea7-b22e-4ccc-a214-fc3b8e1163bd,001169,sub-J034/sub-J034_ses-RWTautowait2-20220511-152024.nwb,32,117,3004,5.481481481481482,31,46.397805212620035,27,1246274,100.0,25.0,1
139e4ded-f2d8-40e5-a666-5b0c274e9618,000773,sub-ant5-m1-d11-y2023/sub-ant5-m1-d11-y2023_ses-m1-d11-y2023-ant5-0-03x-4-methyl-3-heptanone-40-t223-z75um_ophys.nwb,22,48,624,4.176470588235294,13,14.615916955017303,17,84086336,640.0,160.0,0
13ab734b-3aa0-48a4-86a7-9ebea9398148,000462,sub-CFC19/sub-CFC19_ophys.nwb,24,47,597,3.736842105263158,13,12.614958448753464,19,272073360,380.0,80.0,0
13ae864a-b53e-4bfe-a8ee-1ffe46644723,001249,sub-Ejaculation-3/sub-Ejaculation-3_ses-20221207T222015_image.nwb,18,37,411,3.857142857142857,13,12.551020408163264,14,99850242888,24540.0,25.0,1
13b3be3d-aa68-4fbd-9678-7bc9faa9e6bb,001552,sub-JF-VR-FP-M2/sub-JF-VR-FP-M2_ses-Day8.nwb,20,42,448,3.8125,13,11.40234375,16,893484,60.0,25.0,1
13b5b884-57cc-43b6-ba2f-794617886e2a,000165,sub-Bashir/sub-Bashir_ses-Bashir05-HomeCage_behavior+ecephys.nwb,34,59,1006,4.0,14,20.0,24,259311456,2720.0,180.0,0
13b68133-d1c4-46f2-81c5-ab4cc804084c,000289,sub-15/sub-15_ses-20201208T000000_behavior+ophys.nwb,37,54,638,3.3214285714285716,13,10.646683673469388,28,8676002808,3000.0,25.0,1
13ba3eef-ca5c-4b3d-b816-3110e85e396b,000713,sub-531237/sub-531237_ses-20201008T104616_image.nwb,48,114,2391,3.6818181818181817,23,23.762396694214885,44,188127751,620.0,60.0,0
13babe4a-5e1a-48b3-91cc-d8a0b745d581,001634,sub-Bilbo/sub-Bilbo_ses-5_obj-1o00xf5_ecephys.nwb,254,67,23206,2.983050847457627,36,23.762424590634883,118,38232972,100.0,25.0,1
13bf73bc-1e28-432e-a695-0592b172a686,001550,sub-P055/sub-P055_ses-TaskSwitch4-170221a.nwb,35,112,2625,4.709677419354839,38,47.36732570239335,31,853277,60.0,25.0,1
13c186bf-fafb-4ef8-a5ec-101085b4098b,001550,sub-P150/sub-P150_ses-TaskSwitch4-190614a.nwb,35,112,2625,4.709677419354839,38,47.36732570239335,31,1369503,120.0,25.0,1
13cd5c47-8158-46c8-82ff-7e64915d37da,001865,sub-23332/sub-23332_ses-23332-2-1_behavior+ophys.nwb,38,77,1183,3.65625,13,11.4755859375,32,12767066,140.0,25.0,1
13cfc44a-4564-4aef-ac79-a9ae87667269,001836,sub-julio/sub-julio_ses-julio-20230806_obj-61pfmp_behavior.nwb,108,76,1751,2.6,65,49.06105263157894,95,66399016,80.0,25.0,1
13d09544-3a58-4e30-9de7-685cc81c9de6,001550,sub-P078/sub-P078_ses-TaskSwitch4-180111a.nwb,35,112,2625,4.709677419354839,38,47.36732570239335,31,1848953,160.0,25.0,1
13df9c61-8a98-4ce2-be34-49f9871a43e5,001550,sub-P150/sub-P150_ses-TaskSwitch4-180819a.nwb,35,112,2625,4.709677419354839,38,47.36732570239335,31,1463430,60.0,25.0,1
13e2f8d7-0279-4132-82db-f52eb4440d6c,000467,sub-ant3-m4-d27-y2022/sub-ant3-m4-d27-y2022_ses-m4-d27-y2022-ant3-1x-paraffin-oil-40-t122-z35um_ophys.nwb,22,48,624,4.176470588235294,13,14.615916955017303,17,84086336,480.0,120.0,0
13e9579e-e922-4255-b0e7-bb87d902ada9,001746,sub-Mfa220428/sub-Mfa220428_ses-sess-220428d1AS_obj-1l8p1j1_icephys.nwb,69,174,7889,4.816666666666666,23,16.18305555555555,60,9531712,920.0,100.0,0
13f12a49-75bd-43fb-83cf-1ad9cc55e6c2,000022,sub-813701555/sub-813701555_ses-835479236_probe-837761710_ecephys.nwb,26,52,791,3.590909090909091,14,14.878099173553721,22,2077208539,3340.0,80.0,0
13f3dffb-cf94-4b18-82eb-51c936ec83c7,000020,sub-679742038/sub-679742038_ses-679932370_icephys.nwb,226,864,154539,5.533632286995516,72,63.20851012487682,223,57942474,43340.0,420.0,0
13f7062e-bda9-423c-8e9f-032f10cfb8bd,000351,sub-HJ-FP-F1/sub-HJ-FP-F1_ses-Day40.nwb,25,49,554,3.3181818181818183,13,9.489669421487603,22,19850152,260.0,60.0,0
13f7b12d-a650-49d3-822e-a0bbdf8c3b1a,000020,sub-710327144/sub-710327144_ses-711838404_icephys.nwb,127,478,41996,5.475806451612903,49,39.71715660770033,124,44306645,29020.0,400.0,0
13fa3c8f-7ebd-4710-8924-a355bca4462a,000711,sub-453989/sub-453989_ses-20190805T133136_image.nwb,50,156,5473,4.478260869565218,24,34.72778827977316,46,196127930,440.0,25.0,1
1409cee2-08ff-44ec-8643-8232787c4e77,001550,sub-P059/sub-P059_ses-TaskSwitch4-180323a.nwb,35,112,2625,4.709677419354839,38,47.36732570239335,31,1247230,120.0,25.0,1
1410a49e-5c0f-4d6f-be85-cef95d0422da,000467,sub-ant3-m4-d21-y2022/sub-ant3-m4-d21-y2022_ses-m4-d21-y2022-ant3-1x-paraffin-oil-40-t132-z30um_ophys.nwb,22,48,624,4.176470588235294,13,14.615916955017303,17,84086336,680.0,160.0,0
1421b98f-35c6-44b4-be4f-93cf2adf1531,001034,sub-10-3/sub-10-3_ses-2kHz-sine-stimulation-6-5V_image.nwb,17,38,431,4.153846153846154,13,13.668639053254442,13,721302,80.0,25.0,1
1425fdf2-e973-43f0-bf47-4cf0c23361a2,001169,sub-S016/sub-S016_ses-RWTautowait2-20210325-102657.nwb,32,116,2974,5.444444444444445,31,46.46913580246915,27,1251201,80.0,25.0,1
1429305a-f5e8-4883-a0ab-699f4fe04411,000246,sub-AAV-CaMPARI1-C8/sub-AAV-CaMPARI1-C8_obj-1qpilp3_ophys.nwb,31,41,560,3.8421052631578947,13,14.027700831024932,19,8564888,25.0,25.0,1
142a6333-6c62-4d0e-a8d6-07697793e594,001634,sub-Frodo/sub-Frodo_ses-5_obj-czwbu1_ecephys.nwb,256,70,23417,2.975,36,23.524375000000003,120,38826782,100.0,25.0,1
142a7780-d6df-475c-a79c-213e5f0ac9df,000467,sub-ant1-m10-d11-y2022/sub-ant1-m10-d11-y2022_ses-m10-d11-y2022-ant1-0-48x-3-hexanone-40-t139-z110um_ophys.nwb,22,48,624,4.176470588235294,13,14.615916955017303,17,84086336,740.0,200.0,0
142da868-ca24-4090-ab5d-df3124ef3795,000232,sub-YT085/sub-YT085_ses-20191211T153227_behavior.nwb,2308,4635,22315081,3.0130208333333335,326,318.53542073567706,2304,29410519,820.0,60.0,0
1450774f-3fd1-418f-9a52-33820d6f58d3,000728,sub-603750239/sub-603750239_ses-617429820-StimC2_ophys.nwb,23,48,605,4.055555555555555,13,13.163580246913579,18,50059832694,19840.0,25.0,1
145ff21c-b186-425f-a0b3-e413a39bb242,001841,sub-subject-ID-ST427/sub-subject-ID-ST427_ses-20200117T150437_icephys.nwb,29,62,907,3.9166666666666665,13,9.409722222222223,24,1284493,25.0,25.0,1
1463bd8e-2f27-4df0-b2eb-26092f7575b4,000246,sub-phpV15-blind-02/sub-phpV15-blind-02_obj-feh350_ophys.nwb,33,46,581,3.5217391304347827,13,12.162570888468805,23,12760208,80.0,25.0,1
14651cf8-07a8-418f-aeb7-3d648c503015,000728,sub-576372685/sub-576372685_ses-596584192-StimA_ophys.nwb,23,48,605,4.055555555555555,13,13.163580246913579,18,42921052021,16340.0,25.0,1
14656420-b459-440b-8546-88393df13d26,000891,sub-FB2316/sub-FB2316_ses-FB2316-baseline_image.nwb,33,56,700,4.0,13,14.727272727272727,22,733949622,2260.0,180.0,0
1471b02e-8fdf-496b-9516-959c25a96850,000773,sub-ant3-m1-d10-y2023/sub-ant3-m1-d10-y2023_ses-m1-d10-y2023-ant3-0-48x-isopropanol-40-t126-z120um_ophys.nwb,22,48,624,4.176470588235294,13,14.615916955017303,17,84086336,660.0,180.0,0
14771180-33ec-462c-92e2-b365e39b0573,000688,sub-M/sub-M_ses-CO-20140217_behavior+ecephys.nwb,33,69,815,3.814814814814815,13,13.55829903978052,27,85730748,3380.0,760.0,0
14790c8b-e92b-4416-9ba9-b87f2434970a,001169,sub-S056/sub-S056_ses-RWTautowait2-20230623-112317.nwb,32,118,3087,5.518518518518518,32,48.32373113854595,27,1201206,100.0,25.0,1
147b4140-81db-4c44-8014-79315e8556c6,001836,sub-julio/sub-julio_ses-julio-20230809_obj-9ndkz9.nwb,103,84,1949,2.7777777777777777,65,53.68395061728392,90,712236,60.0,25.0,1
147c05f8-845a-4af2-b40d-41a923f810c7,000341,In_vivo/sub-1809131og/sub-1809131og_ses-1809131og-4-2-2_icephys.nwb,111,394,44487,5.60377358490566,59,36.333570665717346,106,73200248,740.0,25.0,1
147df308-01eb-4c09-902a-0d25897722ad,000467,sub-ant2-m4-d27-y2022/sub-ant2-m4-d27-y2022_ses-m4-d27-y2022-ant2-0-12x-4-methyl-3-heptanol-40-t191-z75um_ophys.nwb,22,48,624,4.176470588235294,13,14.615916955017303,17,84086336,500.0,120.0,0
1484b539-74b2-4252-bd75-c1bc895e41b4,000467,sub-ant2-m4-d20-y2022/sub-ant2-m4-d20-y2022_ses-m4-d20-y2022-ant2-0-03x-4-methyl-3-heptanone-40-t144-z145um_ophys.nwb,22,48,624,4.176470588235294,13,14.615916955017303,17,84086336,700.0,180.0,0
14853e54-f863-4467-a9ba-316cb4ff7aea,000728,sub-557841072/sub-557841072_ses-566523247-StimC2_behavior+image+ophys.nwb,56,11485,195173008,231.12,5812,1245808.5056000003,50,365029618,1180.0,25.0,1
1487d65f-2507-41dd-b22f-ad19edb31494,000959,sub-L/sub-L_ses-20190809_obj-10xur0s_behavior.nwb,29,116,3192,5.76,13,16.1824,25,9986640,320.0,60.0,0
148ab182-e413-4f5e-a27a-5ee7bf4dcab8,000688,sub-T/sub-T_ses-CO-20130819_behavior+ecephys.nwb,33,69,815,3.814814814814815,13,13.55829903978052,27,32052032,3980.0,1200.0,0
149832fd-8ffc-478a-912e-33c1bab4760f,001683,sub-BH642/sub-BH642_ses-20241217T183403_ecephys.nwb,28,52,725,4.2105263157894735,13,17.534626038781166,19,657917224,340.0,25.0,1
149e92a7-786f-4da6-bbc3-c3a5a76193c6,000688,sub-C/sub-C_ses-CO-20150713_behavior+ecephys.nwb,31,69,793,3.8461538461538463,13,14.053254437869821,26,75468072,3380.0,800.0,0
14a5a246-8171-4d06-b1ba-903e85143970,000467,sub-ant4-m4-d26-y2022/sub-ant4-m4-d26-y2022_ses-m4-d26-y2022-ant4-1x-isopropanol-40-t232-z75um_ophys.nwb,22,48,624,4.176470588235294,13,14.615916955017303,17,84086336,500.0,140.0,0
14ad2557-1fc8-4cba-b281-6d1028f26ec8,000405,sub-s2/sub-s2_ses-Cl-T3g-121118.nwb,21,65,1025,5.0,16,18.235294117647058,17,54635152,1120.0,180.0,0
14af54f7-467c-4a0f-96ac-33bf62c2d33f,001550,sub-P101/sub-P101_ses-TaskSwitch4-181210a.nwb,35,112,2625,4.709677419354839,38,47.36732570239335,31,1624212,80.0,25.0,1
14b5d2bd-710a-4c59-a9a1-11ac23a0da60,001550,sub-P007/sub-P007_ses-TaskSwitch4-161122a.nwb,33,110,2570,4.896551724137931,38,49.74791914387635,29,1476292,80.0,25.0,1
14bf8333-5a76-4933-ad77-58a703cf853a,001550,sub-P135/sub-P135_ses-TaskSwitch4-180822a.nwb,35,112,2625,4.709677419354839,38,47.36732570239335,31,1358890,60.0,25.0,1
14c9a373-8447-424c-884c-bc1de6ebc261,001169,sub-J048/sub-J048_ses-RWTautowait2-20220915-152306.nwb,32,117,3004,5.481481481481482,31,46.397805212620035,27,1507975,100.0,25.0,1
14ca57a3-bda1-4386-b40e-8adb5be8d856,001550,sub-P095/sub-P095_ses-TaskSwitch4-181202a.nwb,35,112,2625,4.709677419354839,38,47.36732570239335,31,1281830,80.0,25.0,1
14ce6596-f6d5-42a7-a103-1fb85fb560e3,001424,sub-794237/sub-794237_ses-20250508T145040_image+ophys.nwb,42,90,1591,3.888888888888889,13,9.320987654320987,36,2763502656,2020.0,320.0,0
14d10dd5-651b-48e1-9e76-8049480c8dec,000773,sub-ant5-m1-d10-y2023/sub-ant5-m1-d10-y2023_ses-m1-d10-y2023-ant5-0-48x-3-hexanone-40-t179-z115um_ophys.nwb,22,48,624,4.176470588235294,13,14.615916955017303,17,84086336,640.0,160.0,0
14d924f0-ef5e-4cdf-b24c-d75abd943920,000008,sub-mouse-JVEDB/sub-mouse-JVEDB_ses-20181211-sample-9_slice-20181211-slice-5_cell-20181211-sample-9_icephys.nwb,181,537,87527,4.954802259887006,80,65.46688371796097,177,9373474,14400.0,460.0,0
14e226d0-90ad-4a69-b4eb-82013dd2891d,000020,sub-666414077/sub-666414077_ses-667319610_icephys.nwb,84,308,15761,5.3580246913580245,36,26.377991159884168,81,13030922,17320.0,420.0,0
14e3e02c-69f8-46e4-bce7-de5554f775d0,000020,sub-750787689/sub-750787689_ses-755417515_icephys.nwb,114,460,39070,5.801801801801802,36,32.6634201769337,111,17392869,20080.0,380.0,0
14e44f01-1ab6-4f2f-97a5-3176f1820da8,000341,"Human_persistent_RAF/sub-161202/sub-161202_ses-1612023rm-4-1,2,3-3_icephys.nwb",2242,10034,33297242,6.480107286544479,1110,1092.0618528271125,2237,244247888,8200.0,25.0,1
14e64cef-1e15-4540-a329-4dbc93789c12,001550,sub-P100/sub-P100_ses-TaskSwitch4-171202a.nwb,35,112,2625,4.709677419354839,38,47.36732570239335,31,1119143,80.0,25.0,1
14e7c802-ce0c-471c-a737-1ba4bbfbdd44,001836,sub-eliot/sub-eliot_ses-eliot-20221023_obj-1qxf05q.nwb,71,84,1949,3.206896551724138,33,30.370986920332943,58,523210,80.0,25.0,1
14ebb164-d565-4ef2-92d6-9b80f03f4710,000020,sub-859736370/sub-859736370_ses-866307354_icephys.nwb,270,1192,311395,6.254681647940075,104,118.45948182749093,267,72699755,54620.0,340.0,0
14fbfd5d-2078-477e-bfec-a85879f8beb6,001552,sub-JF-FP-M4/sub-JF-FP-M4_ses-Day22.nwb,24,49,497,3.4285714285714284,13,9.863945578231291,21,1350710,60.0,25.0,1
14fc5310-78be-42ed-ae4a-042ec4983a7e,001634,sub-Frodo/sub-Frodo_ses-5_obj-ja06hk_ecephys.nwb,256,79,23510,3.0756302521008405,36,24.08671703975707,119,1149816,80.0,25.0,1
1505905b-fa26-4932-8045-ab03b628da76,000773,sub-ant4-m4-d6-y2023/sub-ant4-m4-d6-y2023_ses-m4-d6-y2023-ant4-0-48x-ethanol-40-t165-z45um_ophys.nwb,22,48,624,4.176470588235294,13,14.615916955017303,17,84086336,600.0,160.0,0
1509aa15-0aa0-4e57-9173-934e1da39953,000773,sub-ant3-m2-d24-y2023/sub-ant3-m2-d24-y2023_ses-m2-d24-y2023-ant3-0-48x-ethanol-40-t188-z140um_ophys.nwb,22,48,624,4.176470588235294,13,14.615916955017303,17,84086336,620.0,160.0,0
1510cc49-aaeb-4934-bcbf-4aeff4d6ca97,001169,sub-J016/sub-J016_ses-RWTautowait2-20210707-142745.nwb,32,116,2974,5.444444444444445,31,46.46913580246915,27,1179113,80.0,25.0,1
1511c7a0-0bf6-4714-beb3-a1490528ee59,001455,sub-885375536/sub-885375536_ses-889486632_icephys.nwb,154,630,85430,5.9072847682119205,54,49.315907197052766,151,21121408,680.0,25.0,1
15127a03-898e-434e-8f0f-d63e7fbc1eab,000988,sub-123658cell1vsteady1-488on-really/sub-123658cell1vsteady1-488on-really_ses-20230117T123658_image.nwb,39,61,910,3.96,13,14.198399999999998,25,409009298,480.0,25.0,1
15178707-1039-42b2-82dc-b4989b33e00b,001552,sub-JF-dLight-ramp2-M2/sub-JF-dLight-ramp2-M2_ses-Day12.nwb,24,49,497,3.4285714285714284,13,9.863945578231291,21,1443446,80.0,25.0,1
151dcbdf-1109-4d52-ac01-4a04efef66e4,000399,sub-1-7/sub-1-7_ses-20210216_obj-1yww5w6_ecephys.nwb,27,47,681,4.352941176470588,13,17.75778546712803,17,1308168,120.0,60.0,0
1520fb53-3092-4c99-bbcd-fdd0a0fcc8fb,001169,sub-G036/sub-G036_ses-RWTautowait2-20211202-121055.nwb,32,117,3004,5.481481481481482,31,46.397805212620035,27,1295438,60.0,25.0,1
152c8194-1369-416d-9046-01911efb3300,000020,sub-680831309/sub-680831309_ses-681837199_icephys.nwb,112,413,29725,5.36697247706422,36,29.700193586398456,109,13759725,20200.0,400.0,0
1533dd34-4459-4e39-9216-70d553afae86,001169,sub-L011/sub-L011_ses-RWTautowait2-20220421-154022.nwb,32,117,3004,5.481481481481482,31,46.397805212620035,27,1235413,100.0,25.0,1
15397905-76af-4f5d-a26c-1ab763d9e698,000563,sub-682745/sub-682745_ses-1290822286_probe-1_ecephys.nwb,27,55,937,3.772727272727273,14,15.08471074380165,22,1794340374,640.0,60.0,0
153d9565-9636-43c6-a6b5-e510ac1bca6b,001169,sub-G032/sub-G032_ses-RWTautowait2-20210702-172144.nwb,32,117,3004,5.481481481481482,31,46.397805212620035,27,1095910,80.0,25.0,1
153dafce-cb19-4d56-b186-07611b5afbad,001169,sub-J064/sub-J064_ses-RWTautowait2-20230414-102132.nwb,32,118,3087,5.518518518518518,32,48.32373113854595,27,1228310,60.0,25.0,1
153ddff1-fba0-4f8a-8623-19b1e48c82c8,000628,sub-Ye/sub-Ye_ses-20200618T182424_behavior.nwb,3080,9202,83997722,4.0003257328990225,3055,3033.199674160999,3070,104069087,800.0,120.0,0
15416d46-8d5d-4404-a5af-2b55dee2f9e5,000232,sub-YT085/sub-YT085_ses-20191213T133401_behavior.nwb,1958,3935,15994781,3.015353121801433,276,268.6568778947525,1954,24681989,1160.0,40.0,0
15471c0a-495a-4933-8dcb-3376ee7532ff,000773,sub-ant5-m1-d10-y2023/sub-ant5-m1-d10-y2023_ses-m1-d10-y2023-ant5-0-48x-3-hexanone-40-t186-z5um_ophys.nwb,22,48,624,4.176470588235294,13,14.615916955017303,17,84086336,660.0,160.0,0
154b5c2c-4073-44a3-a164-8192c7c1a9f2,001038,sub-Calb-C005/sub-Calb-C005_ses-20220921-0004.nwb,54,117,2524,4.095238095238095,16,13.990929705215418,42,24692383,160.0,25.0,1
154cf0b0-4eb2-4b29-9090-bbc94c73ec24,001550,sub-P189/sub-P189_ses-TaskSwitch6-201123a.nwb,33,110,2570,4.896551724137931,38,49.74791914387635,29,1270838,100.0,25.0,1
154e48dc-277b-4276-bc1c-750e2f933674,000628,sub-Pa/sub-Pa_ses-20210209T183455_behavior.nwb,2418,7216,51538538,4.0004152823920265,2393,2371.254567933852,2408,85268407,1160.0,100.0,0
154e9193-bac4-4122-a13b-38d78697c027,000711,sub-523922/sub-523922_ses-20200820T100000_image.nwb,50,156,5473,4.478260869565218,24,34.72778827977316,46,196063329,460.0,25.0,1
1551365c-92df-4a37-ba9e-5ed93e7ffe12,001169,sub-J023/sub-J023_ses-RWTautowait2-20211022-161615.nwb,32,116,2974,5.444444444444445,31,46.46913580246915,27,1304695,80.0,25.0,1
155299e5-eba2-4250-9c55-a438ecf96f94,001865,sub-27385/sub-27385_ses-27385-1-2_behavior+ophys.nwb,48,102,2238,3.6666666666666665,13,9.555555555555557,42,15585114,140.0,25.0,1
155883d2-5a92-48da-a518-149f2f737f7f,001281,sub-211214/sub-211214_ses-2112141lr-1-1-4_icephys.nwb,66,242,14234,5.770491803278689,22,14.668637463047572,61,32041592,5720.0,140.0,0
1560a3f6-6cc3-4c7a-b351-6fc46ecbc0f6,000008,sub-mouse-XECLH/sub-mouse-XECLH_ses-20180327-sample-6_slice-20180327-slice-6_cell-20180327-sample-6_icephys.nwb,181,538,87573,4.96045197740113,80,65.58600657537744,177,8651567,13520.0,440.0,0
156200f0-ae28-4787-9b27-c0768ddd4bf9,001550,sub-P101/sub-P101_ses-TaskSwitch4-180211a.nwb,35,114,2779,4.774193548387097,40,51.78772112382935,31,821214,25.0,25.0,1
1564c803-8220-4405-80bc-69388575fc63,001550,sub-H113/sub-H113_ses-TaskSwitch4-170910a.nwb,33,110,2570,4.896551724137931,38,49.74791914387635,29,1573730,120.0,25.0,1
15680b81-fa21-448a-9a12-567ea6101c3d,001169,sub-J004/sub-J004_ses-RWTautowait2-20200812-150954.nwb,32,116,2923,5.444444444444445,30,44.54320987654322,27,1179974,100.0,25.0,1
156c8420-46c4-4ffb-8b31-be0be86077df,001611,sub-25897/sub-25897_ses-20241111T181348_ecephys.nwb,25,52,649,4.105263157894737,13,13.988919667590027,19,12804700,100.0,25.0,1
156cfd77-794b-42d9-a98f-981dac7784ff,001836,sub-julio/sub-julio_ses-julio-20230802_obj-zft6cj_behavior.nwb,108,76,1751,2.6,65,49.06105263157894,95,49802384,100.0,25.0,1
15700823-31b5-4663-87ce-730740b1fb9a,000713,sub-536480/sub-536480_ses-20201119T233405.nwb,73,255,9592,5.419354838709677,32,43.53381893860562,62,3358358586,4580.0,60.0,0
158d4f87-d86b-4cc4-bddb-17bbe257ce17,001169,sub-S043/sub-S043_ses-RWTautowait2-20221205-145217.nwb,32,118,3087,5.518518518518518,32,48.32373113854595,27,1188621,100.0,25.0,1
15ad5df6-904b-49eb-b283-2b2086747c9f,001847,sub-RD045/sub-RD045_ses-RD045-20240306-191956_behavior+image+ophys.nwb,41,129,3333,4.805555555555555,34,40.71219135802468,36,71210303148,9880.0,25.0,1
15b00ff0-5f57-438d-87f3-b3a18e886e07,000988,sub-160754Plate4-Cell3-0-2-0-5/sub-160754Plate4-Cell3-0-2-0-5_ses-20240924T160754_image.nwb,30,41,457,3.888888888888889,13,13.87654320987654,18,473601656,280.0,25.0,1
15c01f69-3b09-4cc7-b515-0d91b14660c2,001620,sub-b640-3/sub-b640-3_ses-GFAP_ophys.nwb,24,49,608,3.8947368421052633,13,13.673130193905815,19,2408084,80.0,25.0,1
15cab0eb-cca0-4d20-aecf-c23754de6ef7,000711,sub-476970/sub-476970_ses-20191101T132832_image.nwb,50,156,5473,4.478260869565218,24,34.72778827977316,46,196059408,420.0,25.0,1
15d8891d-5a34-47c3-a1cb-c79970d510b0,001611,sub-26265/sub-26265_ses-20241224T160129_ecephys.nwb,25,52,649,4.105263157894737,13,13.988919667590027,19,11940536,140.0,25.0,1
15d9174e-68c4-46c2-a493-c598dccfed4e,000236,sub-Fish14-GCaMP-vlgut-MBd-5dpf-RandomWave/sub-Fish14-GCaMP-vlgut-MBd-5dpf-RandomWave_ses-20210830T162840_behavior+ophys.nwb,387,938,275232,4.4124293785310735,61,39.89204890037984,354,4676287388,39840.0,80.0,0
15d97611-b457-4f4e-98b0-3840bf043b4a,000946,sub-BH537/sub-BH537_ses-20240108T221542_ecephys.nwb,28,50,690,4.333333333333333,14,17.0,18,2001016,120.0,80.0,0
15e84ada-855f-41ce-8963-803dc3812a4f,001550,sub-P123/sub-P123_ses-TaskSwitch4-170812a.nwb,35,111,2551,4.67741935483871,37,45.25078043704474,31,1769434,80.0,25.0,1
15e92cbd-9ca8-4d78-a99a-916a48f3ecb6,001169,sub-M015/sub-M015_ses-RWTautowait2-20201014-134359.nwb,32,117,3004,5.481481481481482,31,46.397805212620035,27,1327391,80.0,25.0,1
15eec0d7-20d6-4381-9825-09db45acee9d,001836,sub-julio/sub-julio_ses-julio-20230808_obj-z5gqpb.nwb,103,74,1739,2.6666666666666665,65,51.844444444444456,90,2979776,80.0,25.0,1
15f29331-d822-4d42-bb72-3c5f63c45a7b,001169,sub-M033/sub-M033_ses-RWTautowait2-20210707-123130.nwb,32,117,3004,5.481481481481482,31,46.397805212620035,27,1176767,80.0,25.0,1
15f4dae7-d30f-48b4-88b9-d13c5d4fe863,001634,sub-Frodo/sub-Frodo_ses-5_obj-1y5rspx_ecephys.nwb,253,69,23370,3.043103448275862,36,24.368831747919153,116,725608,60.0,25.0,1
15fba25a-455f-402a-852b-9f7c7f3b7421,001169,sub-G067/sub-G067_ses-RWTautowait2-20220629-152148.nwb,32,117,3004,5.481481481481482,31,46.397805212620035,27,1342265,80.0,25.0,1
15fcf25c-6249-4bad-af55-ff62f63db64b,001753,sub-1461085915/sub-1461085915_ses-1463581489_icephys.nwb,291,1201,369151,5.986111111111111,116,97.82619598765433,288,59895378,3420.0,100.0,0
15fe2d47-ce2d-4d60-9745-b42baf1047d3,000959,sub-T/sub-T_ses-20220305_obj-1wogyyo_behavior.nwb,41,275,26986,8.513513513513514,16,33.330898466033595,37,17548400,260.0,60.0,0
16070556-ceba-4bf2-8210-96f12117d8c7,001550,sub-P116/sub-P116_ses-TaskSwitch4-180304a.nwb,35,112,2625,4.709677419354839,38,47.36732570239335,31,1298180,80.0,25.0,1
16081281-90b3-4e70-82ae-6cbdcaa34923,000728,sub-572569275/sub-572569275_ses-591430494-StimA_ophys.nwb,23,48,605,4.055555555555555,13,13.163580246913579,18,38902886646,15500.0,25.0,1
160d4c3a-3b5c-4b9d-b921-5df134029b0e,000711,sub-481295/sub-481295_ses-20191008T093451_image.nwb,50,156,5473,4.478260869565218,24,34.72778827977316,46,196050962,280.0,25.0,1
161606bd-2aed-4ccb-95b7-1ac411de7508,000467,sub-ant3-m10-d6-y2022/sub-ant3-m10-d6-y2022_ses-m10-d6-y2022-ant3-0-48x-isopropanol-40-t175-z90um_ophys.nwb,22,48,624,4.176470588235294,13,14.615916955017303,17,84086336,680.0,180.0,0
16190e84-a2a3-4e38-b00a-46da2506848d,000020,sub-682365750/sub-682365750_ses-687104265_icephys.nwb,88,327,17844,5.4,36,26.68705882352942,85,13621153,18120.0,400.0,0
162c883d-4f1f-4400-9c5a-3bb0c3ebaf8b,000773,sub-ant5-m4-d6-y2023/sub-ant5-m4-d6-y2023_ses-m4-d6-y2023-ant5-0-48x-isopropanol-40-t196-z55um_ophys.nwb,22,48,624,4.176470588235294,13,14.615916955017303,17,84086336,600.0,160.0,0
16378a70-a580-4e27-8290-ee85e7bb7adf,001611,sub-26349/sub-26349_ses-20250321T194917_ecephys.nwb,25,52,649,4.105263157894737,13,13.988919667590027,19,13639152,80.0,25.0,1
1637bb43-8338-4d69-8753-1edf042ce107,001169,sub-G070/sub-G070_ses-RWTautowait2-20221208-102901.nwb,32,118,3087,5.518518518518518,32,48.32373113854595,27,1365447,60.0,25.0,1
1638538f-1d2f-4358-acd7-19a058ae59ee,000467,sub-ant4-m4-d20-y2022/sub-ant4-m4-d20-y2022_ses-m4-d20-y2022-ant4-0-03x-4-methyl-3-heptanone-40-t203-z95um_ophys.nwb,22,48,624,4.176470588235294,13,14.615916955017303,17,84086336,680.0,180.0,0
163a9ec7-a9d3-4f10-8187-eb62d462d99c,001550,sub-P135/sub-P135_ses-TaskSwitch4-180821a.nwb,35,112,2625,4.709677419354839,38,47.36732570239335,31,1288248,100.0,25.0,1
163dea3e-2307-4363-9629-c9da1a3e15c6,001836,sub-lewis/sub-lewis_ses-lewis-20240106_obj-110idz3.nwb,103,77,1781,2.7,65,52.16555555555553,90,776512,80.0,25.0,1
163ec935-b32b-45a2-b6da-f150ed19c282,000773,sub-ant2-m2-d24-y2023/sub-ant2-m2-d24-y2023_ses-m2-d24-y2023-ant2-0-48x-4-methyl-3-heptanone-40-t155-z75um_ophys.nwb,22,48,624,4.176470588235294,13,14.615916955017303,17,84086336,620.0,160.0,0
1644ea9a-76e4-4d74-af97-81e5583c594e,000467,sub-ant2-m4-d26-y2022/sub-ant2-m4-d26-y2022_ses-m4-d26-y2022-ant2-0-48x-6-methyl-5-hepten-2-one-40-t181-z85um_ophys.nwb,22,48,624,4.176470588235294,13,14.615916955017303,17,84086336,680.0,180.0,0
165436be-560e-434a-841e-695acd428ecb,001475,sub-HSB-W20-17/sub-HSB-W20-17_ses-20250328_cell-as72_obj-1kc3n5a_icephys.nwb,54,138,4015,4.44,15,8.8864,50,5097176,640.0,80.0,0
1655aa60-daf4-4153-a1cb-998b4db169ec,001776,sub-M18G/sub-M18G_ses-20220426T111909_obj-1ik5ouw_icephys.nwb,160,573,94607,5.71523178807947,65,50.05797991316171,151,52025421,740.0,25.0,1
1656c4b5-7cc4-45b2-9ce9-eef68d9500c2,001746,sub-Mfa180920/sub-Mfa180920_ses-sess-180920d2_obj-y0hb00_icephys.nwb,123,336,34862,4.9035087719298245,50,38.84156663588798,114,44507656,1320.0,80.0,0
1657f46b-f443-4e76-b67e-154168919426,001550,sub-P189/sub-P189_ses-TaskSwitch6-190520a.nwb,33,111,2646,4.931034482758621,39,52.064209274673004,29,1398687,80.0,25.0,1
165fbc75-fe3b-4dcf-8ad2-e8f754be908e,000467,sub-ant3-m10-d11-y2022/sub-ant3-m10-d11-y2022_ses-m10-d11-y2022-ant3-1x-paraffin-oil-40-t167-z125um_ophys.nwb,22,48,624,4.176470588235294,13,14.615916955017303,17,84086336,700.0,180.0,0
166e4e67-e4c4-4cfa-9a15-26b4eafc3fcf,000773,sub-ant1-m1-d11-y2023/sub-ant1-m1-d11-y2023_ses-m1-d11-y2023-ant1-0-03x-isopropanol-40-t132-z55um_ophys.nwb,22,48,624,4.176470588235294,13,14.615916955017303,17,84086336,660.0,180.0,0
166f410d-2bc5-4b87-9972-2d0df866829b,001273,sub-2-20240119/sub-2-20240119_obj-1g8p86w_image.nwb,17,38,431,4.153846153846154,13,13.668639053254442,13,59459870,140.0,25.0,1
1670382d-1a59-47b2-9e05-1d81cdf941f8,001184,sub-41/sub-41_ses-session-hheise-M041-2020-08-18-01_behavior+image+ophys.nwb,43,77,1114,3.1794871794871793,13,8.352399737015123,39,707663360,1940.0,160.0,0
167d2f6b-3389-470f-a7fa-b86faf8e04cd,000467,sub-ant4-m4-d20-y2022/sub-ant4-m4-d20-y2022_ses-m4-d20-y2022-ant4-0-03x-6-methyl-5-hepten-2-one-40-t207-z50um_ophys.nwb,22,48,624,4.176470588235294,13,14.615916955017303,17,84086336,700.0,180.0,0
169986e1-9aaa-47e6-a822-464c36b88c5d,000467,sub-ant3-m4-d21-y2022/sub-ant3-m4-d21-y2022_ses-m4-d21-y2022-ant3-0-12x-6-methyl-5-hepten-2-one-40-t142-z20um_ophys.nwb,22,48,624,4.176470588235294,13,14.615916955017303,17,84086336,680.0,160.0,0
169bd120-c7cb-45cf-8fe2-236f32d7fcc9,001169,sub-G071/sub-G071_ses-RWTautowait2-20220721-154258.nwb,32,117,3004,5.481481481481482,31,46.397805212620035,27,1329046,80.0,25.0,1
16a02a53-9746-45a3-a212-8081ce6b6834,001169,sub-L004/sub-L004_ses-RWTautowait2-20220919-112626.nwb,32,117,3004,5.481481481481482,31,46.397805212620035,27,783794,60.0,25.0,1
16a2b2ee-ec91-49b2-8efb-03cc16deb118,001847,sub-RD039/sub-RD039_ses-RD039-20240306-142242_behavior.nwb,32,119,3077,5.357142857142857,34,47.301020408163254,28,543484,25.0,25.0,1
16b36d63-955f-4df3-a201-0fb3bfab382a,000773,sub-ant1-m4-d6-y2023/sub-ant1-m4-d6-y2023_ses-m4-d6-y2023-ant1-0-48x-propionic-acid-40-t143-z30um_ophys.nwb,22,48,624,4.176470588235294,13,14.615916955017303,17,84086336,620.0,160.0,0
16b54068-ef5e-4334-867f-c9c1cd1f6347,000951,sub-PDB-control-fly35/sub-PDB-control-fly35_ses-(-PDB-control-fly35-210727-1503--).nwb,18,33,433,3.8461538461538463,13,13.822485207100591,13,187360,420.0,160.0,0
16b7193d-b586-41d4-a08b-b49d432b4fbf,000570,sub-700619648/sub-700619648_ses-701071858_icephys.nwb,205,824,168770,5.866336633663367,78,59.68015390647974,202,15151172,16760.0,360.0,0
16bf4dca-b67f-468a-a450-db49103326d6,000678,sub-BW071/sub-BW071_ses-20220702T123044.nwb,29,70,949,4.083333333333333,20,21.743055555555557,24,16872208,320.0,60.0,0
16c35dd7-dfc4-4432-9e5d-802d9d9147cd,001550,sub-P131/sub-P131_ses-TaskSwitch4-180103a.nwb,35,112,2625,4.709677419354839,38,47.36732570239335,31,727059,25.0,25.0,1
16cd5ee3-16d0-4fce-b011-266416b09da4,000467,sub-ant3-m4-d26-y2022/sub-ant3-m4-d26-y2022_ses-m4-d26-y2022-ant3-0-48x-6-methyl-5-hepten-2-one-40-t216-z15um_ophys.nwb,22,48,624,4.176470588235294,13,14.615916955017303,17,84086336,520.0,140.0,0
16cdaea8-c77a-4976-9314-9f3a7ea911ee,001550,sub-P102/sub-P102_ses-TaskSwitch4-171026a.nwb,35,112,2625,4.709677419354839,38,47.36732570239335,31,1735706,100.0,25.0,1
16cf8d4e-2aeb-49c4-9c13-b1a9331e9c80,001097,sub-m928_ses-WT_7d_mating_d2_ecephys+behavior.nwb,30,56,657,3.625,13,10.817708333333334,24,4468987,25.0,25.0,1
16d89e6c-cca0-463f-af22-bd1017c446d2,000728,sub-496001358/sub-496001358_ses-502810282-StimB_behavior+image+ophys.nwb,47,200,33285,6.317073170731708,118,319.43604997025585,41,643357924,1340.0,25.0,1
16e09d4a-0611-4043-9972-1b78bbf27167,001836,sub-eliot/sub-eliot_ses-eliot-20221022_obj-1j2k9zk_behavior.nwb,72,71,1614,2.9491525423728815,33,26.69232979029014,59,65297928,60.0,25.0,1
16e10ca5-966d-47cc-9ee1-f4b7a3c9014f,001836,sub-julio/sub-julio_ses-julio-20230801_obj-apcfce.nwb,103,84,1949,2.7777777777777777,65,53.68395061728392,90,687174,80.0,25.0,1
16e239e3-34e2-4ffd-8243-9824561ff753,001169,sub-G054/sub-G054_ses-RWTautowait2-20211221-120628.nwb,32,117,3004,5.481481481481482,31,46.397805212620035,27,1051606,60.0,25.0,1
16e519cd-1a57-4692-9811-af49a30e3fbf,000535,sub-467422/sub-467422_ses-20190701T200429_behavior+ophys.nwb,32,49,593,3.1538461538461537,13,9.89940828402367,26,132350748,600.0,100.0,0
16f1bfde-daf2-4edf-bd51-4eed7adda0b4,001169,sub-L009/sub-L009_ses-RWTautowait2-20220803-102032.nwb,32,117,3004,5.481481481481482,31,46.397805212620035,27,1140355,80.0,25.0,1
16f1d6ae-e039-49b4-b208-9e70e965116a,000773,sub-ant2-m1-d11-y2023/sub-ant2-m1-d11-y2023_ses-m1-d11-y2023-ant2-0-03x-ethanol-40-t154-z115um_ophys.nwb,22,48,624,4.176470588235294,13,14.615916955017303,17,84086336,660.0,180.0,0
16fd10ea-9e50-4f28-9f52-1eed6c1e76a4,001676,sub-A0667/sub-A0667_ses-20230118T100934_behavior+ophys.nwb,35,66,895,3.433333333333333,13,10.245555555555557,30,107576136,220.0,25.0,1
17051912-6353-4437-b635-5a05998cd5ab,000246,sub-phpV14-blind-03/sub-phpV14-blind-03_ses-20240910_obj-1hbv36v_ophys.nwb,33,46,581,3.5217391304347827,13,12.162570888468805,23,12760208,60.0,25.0,1
170aae38-c700-4e82-b63c-606642d8bdf5,001169,sub-G036/sub-G036_ses-RWTautowait2-20211209-115754.nwb,32,117,3004,5.481481481481482,31,46.397805212620035,27,967993,80.0,25.0,1
170c3264-6079-4680-9c7a-b0cfb441f091,000769,sub-1283839697/sub-1283839697_ses-1284046852_icephys.nwb,169,643,89215,5.578313253012048,57,47.569168239221945,166,33485833,8920.0,180.0,0
170ee300-935f-43c5-bebb-2e82f29dd674,000773,sub-ant4-m1-d20-y2023/sub-ant4-m1-d20-y2023_ses-m1-d20-y2023-ant4-0-48x-ethylpyrazine-40-t197-z110um_ophys.nwb,22,48,624,4.176470588235294,13,14.615916955017303,17,84086336,600.0,160.0,0
170efdf4-4259-410f-9c45-4fe6d7f6d0ae,001177,sub-J0/sub-J0_ses-PPXopenField-J0-day1_ecephys.nwb,63,162,6426,3.8135593220338984,35,21.507612754955463,59,36921452684,18760.0,140.0,0
1719e94b-f64a-4a11-8cfa-ac99f6966057,000728,sub-643640190/sub-643640190_ses-653053920-StimC2_ophys.nwb,23,48,605,4.055555555555555,13,13.163580246913579,18,48254636953,19000.0,25.0,1
171d5b43-da47-408f-9d72-c5ad44d5ec29,000773,sub-ant1-m1-d17-y2023/sub-ant1-m1-d17-y2023_ses-m1-d17-y2023-ant1-0-03x-propionic-acid-40-t131-z60um_ophys.nwb,22,48,624,4.176470588235294,13,14.615916955017303,17,84086336,660.0,180.0,0
17210e80-ae00-45c9-bd4b-fc114e9b97ac,000773,sub-ant1-m1-d17-y2023/sub-ant1-m1-d17-y2023_ses-m1-d17-y2023-ant1-0-03x-3-hexanone-40-t144-z110um_ophys.nwb,22,48,624,4.176470588235294,13,14.615916955017303,17,84086336,660.0,180.0,0
17321371-9eee-429b-905e-4f8f3889f88d,000728,sub-549890582/sub-549890582_ses-562122508-StimA_ophys.nwb,23,48,605,4.055555555555555,13,13.163580246913579,18,38514457832,15320.0,40.0,0
1746dde6-851a-4d4a-bfb5-f3e3ef043419,000020,sub-922885324/sub-922885324_ses-926828388_icephys.nwb,153,599,74129,5.693333333333333,51,42.73262222222221,150,24206587,25480.0,340.0,0
1759221b-624a-4fb7-8992-208e8ca7b6a9,000728,sub-544888654/sub-544888654_ses-556344224-StimA_ophys.nwb,23,48,605,4.055555555555555,13,13.163580246913579,18,41147491581,15240.0,25.0,1
175b2c3d-ab14-4def-8947-e57e2c6a06f9,000467,sub-ant1-m4-d26-y2022/sub-ant1-m4-d26-y2022_ses-m4-d26-y2022-ant1-0-48x-6-methyl-5-hepten-2-one-40-t148-z110um_ophys.nwb,22,48,624,4.176470588235294,13,14.615916955017303,17,84086336,680.0,160.0,0
175c8478-27d5-4e76-bc29-b097b6b05d04,001465,sub-1409530413/sub-1409530413_ses-1409631735_icephys.nwb,254,990,227139,5.6892430278884465,92,78.24605958635576,251,76749580,1220.0,80.0,0
175d460a-7421-438c-a82d-c37f62525d06,001611,sub-26342/sub-26342_ses-20241127T131928_ecephys.nwb,25,52,649,4.105263157894737,13,13.988919667590027,19,13674592,120.0,25.0,1
17621467-b075-4e62-aa88-de3e52b83bed,000713,sub-536480/sub-536480_ses-20201023T124512_image.nwb,48,115,2402,3.7045454545454546,23,23.889979338842977,44,191430772,400.0,25.0,1
17631fc4-9ff9-4bba-b832-57e4ec4ba938,001550,sub-P059/sub-P059_ses-TaskSwitch4-160601a.nwb,35,113,2701,4.741935483870968,39,49.54630593132153,31,1123896,80.0,25.0,1
176e2251-5b21-4ea4-a7ef-e75c8b977844,001611,sub-24846/sub-24846_ses-20241125T174103_ecephys.nwb,25,52,649,4.105263157894737,13,13.988919667590027,19,12826636,100.0,25.0,1
1771be87-bcb7-499f-9af5-813792c6a99f,000713,sub-533537/sub-533537_ses-20200813T122917_image.nwb,48,118,2609,3.772727272727273,25,26.584710743801654,44,68032846,420.0,25.0,1
177547e1-b138-4298-9b6d-61b2964364b3,001169,sub-L008/sub-L008_ses-RWTautowait2-20211130-154722.nwb,32,116,2974,5.444444444444445,31,46.46913580246915,27,1029184,80.0,25.0,1
1786701c-de24-4251-a21f-1dc5daa4ab59,001348,sub-1343882723/sub-1343882723_ses-1343941361_icephys.nwb,344,1385,497767,5.914956011730205,144,131.03968834117356,341,69326877,1700.0,80.0,0
178ca492-4433-43d2-9ed1-fb7052cea5de,000467,sub-ant3-m4-d21-y2022/sub-ant3-m4-d21-y2022_ses-m4-d21-y2022-ant3-1x-paraffin-oil-40-t132-z20um_ophys.nwb,22,48,624,4.176470588235294,13,14.615916955017303,17,84086336,680.0,180.0,0
178f9133-bcf4-424e-98f5-24d45dbcf8a6,000467,sub-ant3-m2-d10-y2023/sub-ant3-m2-d10-y2023_ses-m2-d10-y2023-ant3-1x-paraffin-oil-40-t122-z25um_ophys.nwb,22,48,624,4.176470588235294,13,14.615916955017303,17,84086336,700.0,180.0,0
1793a8da-bb52-49ee-b4b5-73ddaec28df9,000711,sub-449441/sub-449441_ses-20190517T092832_image.nwb,50,156,5473,4.478260869565218,24,34.72778827977316,46,196135530,480.0,60.0,0
17990174-72d8-4ee2-b73a-66d10dc20f49,000246,sub-phpV14-04-H6/sub-phpV14-04-H6_ses-20241119_obj-1j6rlfx_ophys.nwb,33,46,581,3.5217391304347827,13,12.162570888468805,23,12762312,60.0,25.0,1
17a10162-9910-4847-a11a-3a5f52fabb2d,000246,sub-AAV-CaMPARI1-C8/sub-AAV-CaMPARI1-C8_obj-1ga96zq_ophys.nwb,31,41,560,3.8421052631578947,13,14.027700831024932,19,8564888,40.0,25.0,1
17a3ceae-5903-41ae-a271-ba63742610ba,001603,sub-M3S2/sub-M3S2_ses-20250924T012228_ecephys.nwb,22,46,608,4.0,13,13.411764705882353,17,28009870351,9440.0,25.0,1
17abef46-c353-4982-ac7b-e28ece0c3b41,001333,sub-healthy-simulated-lfp/sub-healthy-simulated-lfp_ses-78_ecephys.nwb,27,44,543,3.3636363636363638,13,11.59504132231405,22,822640,80.0,25.0,1
17b15c6a-0c0f-4dbf-b24a-a15d6814d535,001611,sub-26265/sub-26265_ses-20241223T061356_ecephys.nwb,25,52,649,4.105263157894737,13,13.988919667590027,19,15681852,100.0,25.0,1
17c50fa8-b7ca-485c-8f2f-e7f38fe2b3f1,000971,sub-286-409/sub-286-409_ses-Opto-DMS-Inhibitory-NpHR-2020-10-12T10-43-26_ogen.nwb,30,56,729,3.3461538461538463,14,13.84171597633136,26,246944,60.0,25.0,1
17c7f84f-5015-489f-8495-71a71aace623,001550,sub-P135/sub-P135_ses-TaskSwitch4-180907a.nwb,35,112,2625,4.709677419354839,38,47.36732570239335,31,1362096,60.0,25.0,1
17c923db-9f1a-4484-a230-4c231111d0e5,001051,sub-607660/sub-607660_ses-None_probe-17_ecephys.nwb,36,62,1087,3.3,14,12.343333333333334,30,3008245984,1220.0,60.0,0
17cbc284-ccc4-4367-8de9-bb0a2777a50a,001455,sub-859736274/sub-859736274_ses-866083509_icephys.nwb,126,498,50497,5.739837398373984,41,38.15995769713794,123,19200187,600.0,25.0,1
17ceee96-42cd-4a0d-8b4b-1771e5e2596a,000467,sub-ant2-m10-d11-y2022/sub-ant2-m10-d11-y2022_ses-m10-d11-y2022-ant2-0-48x-ethanol-40-t155-z85um_ophys.nwb,22,48,624,4.176470588235294,13,14.615916955017303,17,84086336,680.0,180.0,0
17d26a20-2532-434b-93af-645675f72f82,000008,sub-mouse-EEWII/sub-mouse-EEWII_ses-20180709-sample-3_slice-20180709-slice-3_cell-20180709-sample-3_icephys.nwb,181,538,87573,4.96045197740113,80,65.58600657537744,177,9362321,17020.0,460.0,0
17d5d88e-8fa9-48d1-b71b-9af4a99bd90b,001455,sub-640279015/sub-640279015_ses-642753100_icephys.nwb,85,293,15470,5.146341463414634,33,23.905413444378343,82,12130650,340.0,25.0,1
17e1b436-8ff4-40fb-89f3-c9c6ba515317,000467,sub-ant2-m4-d26-y2022/sub-ant2-m4-d26-y2022_ses-m4-d26-y2022-ant2-0-48x-4-methyl-3-heptanone-40-t189-z80um_ophys.nwb,22,48,624,4.176470588235294,13,14.615916955017303,17,84086336,660.0,180.0,0
17e395c7-c997-4951-8d9c-ef12e3a26745,001550,sub-P124/sub-P124_ses-TaskSwitch4-190105a.nwb,35,112,2625,4.709677419354839,38,47.36732570239335,31,1233990,80.0,25.0,1
17e57981-6b48-4865-a274-1789c7a41019,000713,sub-544838/sub-544838_ses-None_probe-1066004528_ecephys.nwb,36,62,1087,3.3,14,12.343333333333334,30,4584191996,3320.0,240.0,0
17f18bb3-cd28-4f26-8a66-d4da2720e2b2,001169,sub-J060/sub-J060_ses-RWTautowait2-20230217-151823.nwb,32,118,3087,5.518518518518518,32,48.32373113854595,27,1135287,60.0,25.0,1
17fafcca-9394-434b-bece-3692384cd26b,001550,sub-P007/sub-P007_ses-TaskSwitch2-151015a.nwb,33,109,2496,4.862068965517241,37,47.49821640903686,29,944999,60.0,25.0,1
18051e63-2452-4e9d-8a71-3d41ceef71dd,000988,sub-144218Plate3-Cell1-0-1-0-25/sub-144218Plate3-Cell1-0-1-0-25_ses-20240924T144218_image.nwb,30,41,457,3.888888888888889,13,13.87654320987654,18,473601656,280.0,25.0,1
180e595a-2eaa-4601-b8e2-fc4ab3250e1a,000728,sub-518756547/sub-518756547_ses-529770664-StimC_ophys.nwb,23,48,605,4.055555555555555,13,13.163580246913579,18,35751399310,14100.0,25.0,1
1810cd55-00d1-48ca-a023-486a466b12fb,001169,sub-G047/sub-G047_ses-RWTautowait2-20211015-160352.nwb,32,117,3004,5.481481481481482,31,46.397805212620035,27,804471,80.0,25.0,1
1816237e-0e3c-46bb-9222-2c3a6f013747,001038,sub-Raldh-1573/sub-Raldh-1573_ses-20201019-0001.nwb,54,118,2573,4.119047619047619,16,14.10487528344671,42,27176593,140.0,25.0,1
1816995e-34ce-4e4a-ad00-9df95b19d303,000713,sub-558306/sub-558306_ses-20210305T090851_image.nwb,48,115,2402,3.7045454545454546,23,23.889979338842977,44,191359797,300.0,25.0,1
1816c26b-b648-473f-9942-3d2f686696e4,001746,sub-Mfa220428/sub-Mfa220428_ses-sess-220419d1HS_obj-16k37y6_icephys.nwb,143,396,49847,4.917910447761194,60,48.120126977055,134,24572848,1180.0,80.0,0
18281944-cf96-47e0-892f-638927d7c8e8,001445,sub-G3-10/sub-G3-10_obj-z613yb_ecephys.nwb,22,45,579,3.9411764705882355,13,12.643598615916957,17,203556,25.0,25.0,1
1829fcd4-5191-4b16-a89e-be6819c7f88c,000773,sub-ant6-m1-d10-y2023/sub-ant6-m1-d10-y2023_ses-m1-d10-y2023-ant6-0-48x-isopropanol-40-t208-z0um_ophys.nwb,22,48,624,4.176470588235294,13,14.615916955017303,17,84086336,640.0,160.0,0
18335f88-51dd-4bb3-8407-415df5b31244,000773,sub-ant2-m1-d17-y2023/sub-ant2-m1-d17-y2023_ses-m1-d17-y2023-ant2-0-03x-ethanol-40-t154-z75um_ophys.nwb,22,48,624,4.176470588235294,13,14.615916955017303,17,84086336,620.0,160.0,0
18362b16-4376-402b-b575-7e3c1f695d53,000773,sub-ant1-m1-d11-y2023/sub-ant1-m1-d11-y2023_ses-m1-d11-y2023-ant1-0-03x-4-methyl-3-heptanol-40-t141-z130um_ophys.nwb,22,48,624,4.176470588235294,13,14.615916955017303,17,84086336,640.0,180.0,0
183b685c-c1c9-44d9-8cb6-4787ab29023a,001625,sub-1439593019/sub-1439593019_ses-1439809167_icephys.nwb,247,952,211639,5.668032786885246,92,79.49225678581027,244,63653365,1220.0,25.0,1
183bce35-21da-48a4-8ce3-078a4a79d0bd,000239,sub-MX190103/sub-MX190103_ses-20190420T160753.nwb,18,63,1228,6.153846153846154,29,58.13017751479289,13,388144,100.0,60.0,0
1840adac-4efb-40c8-b143-3d6189c1d2b3,001832,sub-test-animal02-slice02-roi04/sub-test-animal02-slice02-roi04_ses-MB++AChFP++pan++PD++none++WT++20250424182242_ophys.nwb,41,92,1470,4.088235294117647,13,11.609861591695504,34,7183099,100.0,25.0,1
184362d0-5042-416f-8786-ac63cba6c9b0,000020,sub-729729920/sub-729729920_ses-732764684_icephys.nwb,119,450,36681,5.491379310344827,39,33.025787752675384,116,17158746,21520.0,380.0,0
1844133d-8226-45af-800e-8fc4f87d94cb,001284,sub-P1-20241002-A3/sub-P1-20241002-A3_obj-1mglt5k_image.nwb,18,38,441,4.230769230769231,13,13.869822485207099,13,757331874,380.0,60.0,0
184a07ea-f858-41d4-9ef2-66f1dcaf5549,000713,sub-540536/sub-540536_ses-20201202T143956_image.nwb,48,115,2402,3.7045454545454546,23,23.889979338842977,44,191352098,420.0,25.0,1
184ad3b4-dcec-498c-84ed-911b211fe99a,001780,sub-409828/sub-409828_ses-790027620_ophys.nwb,102,5606,36030552,61.87096774193548,3601,163114.06937218175,93,2122509825,1620.0,25.0,1
18509a1b-ba54-4d72-b889-b92461419032,000336,sub-661749/sub-661749_ses-1262935233-acq-1263112008_ophys.nwb,76,410,48355,7.0285714285714285,30,52.82775510204082,70,108481797,1500.0,25.0,1
185f1167-6bc7-4578-b621-5b6a18ecea82,001169,sub-L008/sub-L008_ses-RWTautowait2-20211213-152826.nwb,32,116,2974,5.444444444444445,31,46.46913580246915,27,1436822,80.0,25.0,1
186540e7-d8ce-4c0d-8d95-eabc4cab362c,000773,sub-ant3-m1-d17-y2023/sub-ant3-m1-d17-y2023_ses-m1-d17-y2023-ant3-0-03x-ethanol-40-t200-z135um_ophys.nwb,22,48,624,4.176470588235294,13,14.615916955017303,17,84086336,640.0,160.0,0
1868b6d8-7026-4333-a5ff-ace28fd1b88f,001169,sub-G008/sub-G008_ses-RWTautowait2-20200421-125508.nwb,32,116,2923,5.444444444444445,30,44.54320987654322,27,984152,80.0,25.0,1
1875116a-7d7a-42b4-9859-2fbe05a35d55,000021,sub-733457986/sub-733457986_ses-757216464_probe-769322755_ecephys.nwb,26,52,791,3.590909090909091,14,14.878099173553721,22,1779762548,4880.0,100.0,0
1880f46b-77d0-4aa9-9c32-20923e00340d,000773,sub-ant6-m1-d10-y2023/sub-ant6-m1-d10-y2023_ses-m1-d10-y2023-ant6-0-48x-isopropanol-40-t208-z115um_ophys.nwb,22,48,624,4.176470588235294,13,14.615916955017303,17,84086336,660.0,180.0,0
18826628-71b4-49e4-9daf-30ed3c0fb61e,000467,sub-ant2-m4-d26-y2022/sub-ant2-m4-d26-y2022_ses-m4-d26-y2022-ant2-0-03x-6-methyl-5-hepten-2-one-40-t170-z120um_ophys.nwb,22,48,624,4.176470588235294,13,14.615916955017303,17,84086336,680.0,180.0,0
189342e5-95fa-46dc-a598-eaaebf5e5ada,000713,sub-560356/sub-560356_ses-None_probe-1094071978_ecephys.nwb,36,62,1087,3.3,14,12.343333333333334,30,4947587768,3980.0,260.0,0
18936886-71d4-40e3-849a-d51707e3ecbc,000971,sub-89-247/sub-89-247_ses-FP-PR-2019-02-21T09-35-32_behavior.nwb,26,52,651,3.5,13,13.886363636363637,22,236016,60.0,25.0,1
18a3297d-ecb6-4da1-a182-49b2ae242359,000711,sub-541329/sub-541329_ses-20201124T131427_image.nwb,50,156,5473,4.478260869565218,24,34.72778827977316,46,196096124,280.0,25.0,1
18b39e00-0389-4880-a30e-da418e96e6dd,001607,sub-Frodo/sub-Frodo_ses-2_obj-16dnzzw_ecephys.nwb,255,69,23966,3.060344827586207,38,25.539461950059447,116,724064,60.0,25.0,1
18c38676-03c4-48b4-b4cc-2bc34266f50a,001550,sub-P124/sub-P124_ses-TaskSwitch4-180716a.nwb,35,112,2625,4.709677419354839,38,47.36732570239335,31,1216181,80.0,25.0,1
18c8a395-4552-409b-9045-d079afdb2763,001550,sub-P120/sub-P120_ses-TaskSwitch4-180124a.nwb,35,112,2625,4.709677419354839,38,47.36732570239335,31,1339715,80.0,25.0,1
18ca8283-8b6a-4675-b2dd-a6234eb3445d,000628,sub-Ot/sub-Ot_ses-20200419T075337.nwb,26,39,494,4.266666666666667,13,17.662222222222226,15,1966410,280.0,120.0,0
18cd9e22-8007-4df4-a8d9-44cfec58dfb1,001452,sub-15/sub-15_ses-20250516T214734_icephys.nwb,61,153,8258,4.553571428571429,41,27.46141581632653,56,3573376,260.0,25.0,1
18ce4f3f-69e8-48fb-b186-1341bc6b34c4,001550,sub-P078/sub-P078_ses-TaskSwitch4-161103a.nwb,35,112,2625,4.709677419354839,38,47.36732570239335,31,883615,60.0,25.0,1
18d07e38-deaf-4882-adc2-0fda4c1f4ac1,001702,sub-FAD--L-CA2-20X-SF2/sub-FAD--L-CA2-20X-SF2_obj-d3rfus.nwb,16,37,446,4.7272727272727275,13,15.47107438016529,11,185480,60.0,25.0,1
18d30b9b-a7f0-464e-9200-e1d1e1d3a4c5,001550,sub-P007/sub-P007_ses-TaskSwitch4-160224a.nwb,33,110,2570,4.896551724137931,38,49.74791914387635,29,1149379,100.0,25.0,1
18db7b69-9d84-4b00-b0c3-b3b7696bd8b1,000773,sub-ant1-m2-d24-y2023/sub-ant1-m2-d24-y2023_ses-m2-d24-y2023-ant1-0-48x-ethanol-40-t139-z110um_ophys.nwb,22,48,624,4.176470588235294,13,14.615916955017303,17,84086336,600.0,160.0,0
18e48898-db51-4d26-a1b4-7189c6ad0970,001475,sub-HSB-W20-17/sub-HSB-W20-17_ses-20250324_cell-ar69_obj-1bu12wv_icephys.nwb,64,168,6490,4.533333333333333,20,11.782222222222224,60,3526600,600.0,80.0,0
18e5059b-c1a5-48d6-8bbc-f1a20b02c11b,001169,sub-G070/sub-G070_ses-RWTautowait2-20220908-154839.nwb,32,117,3004,5.481481481481482,31,46.397805212620035,27,1082182,80.0,25.0,1
18ea9733-da57-454c-b4d8-5bff7d9b7090,001746,sub-Mfa220407/sub-Mfa220407_ses-sess-220407d2_obj-jv9gqr_icephys.nwb,117,318,30893,4.898148148148148,47,36.10999657064472,108,19289704,760.0,80.0,0
18ed975a-9a3e-41b0-9f28-94fe71e5216b,001169,sub-L024/sub-L024_ses-RWTautowait2-20230509-103651.nwb,32,118,3087,5.518518518518518,32,48.32373113854595,27,1007269,80.0,25.0,1
18ef907c-f69a-41cb-97a2-a61a08c50599,001465,sub-1421583644/sub-1421583644_ses-1421704703_icephys.nwb,234,909,191830,5.675324675324675,84,68.81666385562488,231,54389721,1160.0,80.0,0
18efee01-0301-4f53-855d-e9a415d73289,001452,sub-61/sub-61_ses-20250516T215302_icephys.nwb,30,60,911,4.0,13,8.88,25,994872,80.0,25.0,1
18fc4d2d-d87c-48f4-abda-d5db15e2ed65,000713,sub-560356/sub-560356_ses-20210223T113253_image.nwb,48,115,2402,3.7045454545454546,23,23.889979338842977,44,188103619,320.0,25.0,1
18ffa9f6-52f1-4d51-a1c1-308701e11d6c,000678,sub-BW046/sub-BW046_ses-20211114T142759.nwb,29,70,949,4.083333333333333,20,21.743055555555557,24,15389944,260.0,25.0,1
190990a1-be46-4c94-a884-49a993bea967,000773,sub-ant2-m1-d20-y2023/sub-ant2-m1-d20-y2023_ses-m1-d20-y2023-ant2-0-48x-isopropanol-40-t166-z55um_ophys.nwb,22,48,624,4.176470588235294,13,14.615916955017303,17,84086336,600.0,160.0,0
190a0b89-6e78-48ff-81f8-24b94b826a7f,001702,sub-3xTG-SF4/sub-3xTG-SF4_ses-20230101T120000_obj-1pq5nwk.nwb,16,37,446,4.7272727272727275,13,15.47107438016529,11,185480,60.0,25.0,1
190bf4b8-d243-42f3-bffc-b15b6bb07e64,001611,sub-26303/sub-26303_ses-20250320T011346_ecephys.nwb,25,52,649,4.105263157894737,13,13.988919667590027,19,18754920,80.0,25.0,1
190c3c13-38da-4eab-aa6e-814067cda32c,001169,sub-G031/sub-G031_ses-RWTautowait2-20210820-161215.nwb,32,117,3004,5.481481481481482,31,46.397805212620035,27,1011908,60.0,25.0,1
190c9240-dc3f-4bd6-89aa-370d8dd38056,001169,sub-M036/sub-M036_ses-RWTautowait2-20210526-141327.nwb,32,116,2974,5.444444444444445,31,46.46913580246915,27,1294824,80.0,25.0,1
190f7d16-af82-40b3-a410-70e51b9ff00c,000289,sub-58/sub-58_ses-20220203T134033_behavior+ophys.nwb,37,54,638,3.3214285714285716,13,10.646683673469388,28,14318059976,3240.0,25.0,1
191e27b8-2b3f-4445-8d35-c55fe12e6e7f,000773,sub-ant2-m1-d17-y2023/sub-ant2-m1-d17-y2023_ses-m1-d17-y2023-ant2-0-03x-3-hexanone-40-t181-z110um_ophys.nwb,22,48,624,4.176470588235294,13,14.615916955017303,17,84086336,640.0,160.0,0
192628eb-35ab-4c1c-9083-56552719226a,000467,sub-ant1-m10-d11-y2022/sub-ant1-m10-d11-y2022_ses-m10-d11-y2022-ant1-0-48x-ethanol-40-t124-z95um_ophys.nwb,22,48,624,4.176470588235294,13,14.615916955017303,17,84086336,740.0,200.0,0
192772ca-d4ad-4247-a625-49a1e69c5e34,001169,sub-G074/sub-G074_ses-RWTautowait2-20220630-134810.nwb,32,117,3004,5.481481481481482,31,46.397805212620035,27,1093843,80.0,25.0,1
1927fb9b-6545-49fa-958c-b236e7157dee,001837,sub-G4-2/sub-G4-2_obj-u99sd7_ecephys.nwb,22,45,579,3.9411764705882355,13,12.643598615916957,17,198444,25.0,25.0,1
192bb6ec-22d5-45f2-b9e7-699fce7cef26,001048,sub-Cell12/sub-Cell12_ses-session-12_image.nwb,17,38,431,4.153846153846154,13,13.668639053254442,13,684378309,420.0,25.0,1
1930b135-3eff-404a-b180-2ce9ef801d34,000713,sub-544838/sub-544838_ses-20201124T220751.nwb,73,255,9592,5.419354838709677,32,43.53381893860562,62,2858388272,3380.0,25.0,1
193240c3-fbcf-4263-aae7-e57e66e1aa4c,001169,sub-G044/sub-G044_ses-RWTautowait2-20220202-134830.nwb,32,117,3004,5.481481481481482,31,46.397805212620035,27,795243,60.0,25.0,1
1933dd0e-cd15-499f-bc72-db9661de9cfc,001836,sub-lewis/sub-lewis_ses-lewis-20240109_obj-110hnz8.nwb,103,77,1781,2.7,65,52.16555555555553,90,1104368,80.0,25.0,1
193e81a5-a799-4b13-b32c-c7c78c7b7a86,001461,sub-770196/sub-770196_ses-multiplane-ophys-770196-2025-03-21-14-14-24_ophys.nwb,146,324,29936,3.9285714285714284,13,9.606009070294784,126,1598986452,1660.0,80.0,0
19430f4b-9fda-4492-bac3-47c5ca072fa3,001455,sub-644988704/sub-644988704_ses-645530099_icephys.nwb,105,371,25904,5.235294117647059,36,28.532871972318333,102,13566788,480.0,25.0,1
19443051-093d-4b9d-96c4-a302fc2c1e44,000971,sub-112-283/sub-112-283_ses-FP-PS-2019-06-18T10-36-28_behavior.nwb,26,52,651,3.5,13,13.886363636363637,22,236016,80.0,60.0,0
1950739a-3a31-4d0f-869f-c3c53cecc52c,000711,sub-546605/sub-546605_ses-20201130T091604_image.nwb,50,156,5473,4.478260869565218,24,34.72778827977316,46,196068498,340.0,25.0,1
19525b90-3a94-45c1-829d-c01fec0f3ad0,000220,sub-20190214003/sub-20190214003_icephys.nwb,394,1158,454055,4.915384615384616,184,162.30822485207094,390,62183840,9780.0,80.0,0
19538888-3759-4d34-975e-ba23136df668,001841,sub-subject-ID-ST453/sub-subject-ID-ST453_ses-20200331T151106_icephys.nwb,87,230,13320,4.554216867469879,30,18.4398316156191,83,1466411,80.0,25.0,1
195b309a-3698-44ec-b9ac-6203b531d449,000467,sub-ant2-m4-d26-y2022/sub-ant2-m4-d26-y2022_ses-m4-d26-y2022-ant2-0-48x-4-methyl-3-heptanone-40-t184-z85um_ophys.nwb,22,48,624,4.176470588235294,13,14.615916955017303,17,84086336,700.0,180.0,0
195e556c-7924-417d-885a-5217456c7e2f,001348,sub-1347447837/sub-1347447837_ses-1363888215_icephys.nwb,209,836,167527,5.830097087378641,78,63.60705533037984,206,49715699,1240.0,80.0,0
195eeaf4-e335-48dd-95cf-b33303f375eb,001620,sub-b519-6/sub-b519-6_ses-NeuN_ophys.nwb,24,49,608,3.8947368421052633,13,13.673130193905815,19,2408084,80.0,25.0,1
195f275c-87fa-48eb-9297-1244507a24c8,001841,sub-subject-ID-ST408/sub-subject-ID-ST408_ses-20191009T162613_icephys.nwb,29,62,907,3.9166666666666665,13,9.409722222222223,24,1310435,25.0,25.0,1
19630fa6-c3e3-45f8-8b65-0cf6d445b961,000246,sub-PHP-V16-K7/sub-PHP-V16-K7_obj-1so5zjz_ophys.nwb,31,41,560,3.8421052631578947,13,14.027700831024932,19,8564888,25.0,25.0,1
19645084-c499-415f-996c-557ed052f91c,001169,sub-S024/sub-S024_ses-RWTautowait2-20210727-155625.nwb,32,117,3004,5.481481481481482,31,46.397805212620035,27,1199589,60.0,25.0,1
196492eb-95a8-412a-b96f-76d8170258b2,000579,sub-10/sub-10_ses-mouse-10-session-date-2017-10-10-area-visA-L23-multi-plane-imaging_behavior+ophys.nwb,85,193,12100,4.164383561643835,17,15.53462188027773,73,410560147,7420.0,200.0,0
1968105b-d817-46b0-bcc6-0eb7e089ae75,001169,sub-J079/sub-J079_ses-RWTautowait2-20230623-112819.nwb,32,118,3087,5.518518518518518,32,48.32373113854595,27,948986,120.0,25.0,1
196ed8a9-a17a-4287-82d6-8507d1f631de,000467,sub-ant2-m4-d26-y2022/sub-ant2-m4-d26-y2022_ses-m4-d26-y2022-ant2-0-03x-4-methyl-3-heptanone-40-t173-z140um_ophys.nwb,22,48,624,4.176470588235294,13,14.615916955017303,17,84086336,700.0,180.0,0
1971c03b-fe96-4239-b3b5-cc83fd6f8451,001455,sub-985736037/sub-985736037_ses-992220486_icephys.nwb,232,949,211001,5.91703056768559,87,73.49093266718788,229,26164403,620.0,25.0,1
19726a55-fff7-48b8-a16a-d9f4c459b188,001169,sub-J048/sub-J048_ses-RWTautowait2-20221019-150915.nwb,32,118,3087,5.518518518518518,32,48.32373113854595,27,1426028,80.0,25.0,1
1977a4d6-f783-46f7-afc6-cf7e71094af0,000951,sub-LC10ad-fly12/sub-LC10ad-fly12_ses-(-LC10ad-fly12-210927-1410--).nwb,18,33,433,3.8461538461538463,13,13.822485207100591,13,187360,440.0,160.0,0
1979be0e-85ad-48f5-97bf-e5fa7b6f0ad1,000773,sub-ant1-m1-d11-y2023/sub-ant1-m1-d11-y2023_ses-m1-d11-y2023-ant1-0-03x-isopropanol-40-t146-z120um_ophys.nwb,22,48,624,4.176470588235294,13,14.615916955017303,17,84086336,660.0,160.0,0
197a76c6-8a94-4df7-8235-7c76edd26d60,000713,sub-562033/sub-562033_ses-20210304T101049_image.nwb,48,118,2609,3.772727272727273,25,26.584710743801654,44,68041378,280.0,60.0,0
197b3b57-9fb9-4bd0-9c01-4e84bebe4797,000971,sub-417-404/sub-417-404_ses-Opto-DLS-Excitatory-EYFP-2020-09-09T12-33-00_behavior+ogen.nwb,31,58,761,3.3333333333333335,15,14.22222222222222,27,257187,80.0,60.0,0
1980267d-c4e7-455a-aff5-7204738a3fe3,000467,sub-ant3-m4-d26-y2022/sub-ant3-m4-d26-y2022_ses-m4-d26-y2022-ant3-0-48x-4-methyl-3-heptanol-40-t219-z150um_ophys.nwb,22,48,624,4.176470588235294,13,14.615916955017303,17,84086336,600.0,160.0,0
19829e38-5421-4cab-b918-11739964d4bf,001841,sub-subject-ID-ST438/sub-subject-ID-ST438_ses-20200228T145845_icephys.nwb,87,230,13320,4.554216867469879,30,18.4398316156191,83,1406743,25.0,25.0,1
19837402-3d66-471d-8b65-ae8f49331aab,001169,sub-G089/sub-G089_ses-RWTautowait2-20221007-145010.nwb,32,117,3004,5.481481481481482,31,46.397805212620035,27,1424797,80.0,25.0,1
19842749-7a69-489a-bc57-ca5dc47b72cd,001271,sub-18-20240801/sub-18-20240801_obj-bqps6i_image.nwb,17,38,431,4.153846153846154,13,13.668639053254442,13,705941,80.0,25.0,1
1987b110-838d-4531-92b8-4b02f35fd126,000008,sub-mouse-SOYWW/sub-mouse-SOYWW_ses-20190606-sample-3_slice-20190606-slice-3_cell-20190606-sample-3_icephys.nwb,181,538,87573,4.96045197740113,80,65.58600657537744,177,8795642,14140.0,440.0,0
198e5281-a5ea-43e4-a92f-d5b8b7fdae8a,001550,sub-P167/sub-P167_ses-TaskSwitch4-180804a.nwb,35,111,2551,4.67741935483871,37,45.25078043704474,31,1204284,80.0,25.0,1
1991873b-c367-4e19-a77e-d6ccb2b74196,000773,sub-ant4-m1-d18-y2023/sub-ant4-m1-d18-y2023_ses-m1-d18-y2023-ant4-0-48x-4-methyl-3-heptanol-40-t156-z20um_ophys.nwb,22,48,624,4.176470588235294,13,14.615916955017303,17,84086336,620.0,160.0,0
1992b334-f14d-4f6a-9bdd-9922df204483,000467,sub-ant2-m10-d11-y2022/sub-ant2-m10-d11-y2022_ses-m10-d11-y2022-ant2-0-48x-ethylpyrazine-40-t163-z10um_ophys.nwb,22,48,624,4.176470588235294,13,14.615916955017303,17,84086336,700.0,180.0,0
1995b29f-32ce-4e74-b498-4f1e17ae2d52,000008,sub-mouse-PSDCQ/sub-mouse-PSDCQ_ses-20180829-sample-8_slice-20180829-slice-8_cell-20180829-sample-8_icephys.nwb,181,538,87573,4.96045197740113,80,65.58600657537744,177,9008855,14560.0,440.0,0
1995d964-1763-4c5e-9645-fc64f3b9282f,001550,sub-P100/sub-P100_ses-TaskSwitch4-181116a.nwb,35,112,2625,4.709677419354839,38,47.36732570239335,31,1504762,120.0,25.0,1
1996f8c8-376d-4568-b04c-99c963050f3a,001455,sub-959090086/sub-959090086_ses-965598466_icephys.nwb,132,479,47282,5.372093023255814,41,34.83829096809086,129,19342779,320.0,25.0,1
199709e8-a418-457c-be0d-09ba6ace1a01,000020,sub-938461934/sub-938461934_ses-941981583_icephys.nwb,194,752,120475,5.633507853403142,65,52.99657355883885,191,27315482,30200.0,340.0,0
199aecac-b521-462f-aa53-b15cfe15d702,000773,sub-ant4-m1-d11-y2023/sub-ant4-m1-d11-y2023_ses-m1-d11-y2023-ant4-0-03x-4-methyl-3-heptanol-40-t199-z145um_ophys.nwb,22,48,624,4.176470588235294,13,14.615916955017303,17,84086336,640.0,160.0,0
19ad8063-e009-4e10-9055-2151a16d32b4,001634,sub-Frodo/sub-Frodo_ses-4_obj-1d8dws6_ecephys.nwb,254,78,24032,3.1565217391304348,38,26.56680529300567,115,775448,80.0,25.0,1
19b0f7c0-9305-4db1-9e1f-6ae1a1b8eb1e,001550,sub-P013/sub-P013_ses-TaskSwitch3-151025a.nwb,33,109,2496,4.862068965517241,37,47.49821640903686,29,1518114,25.0,25.0,1
19b8a0b1-ba05-4ce1-bfd7-39f7b77152fc,001550,sub-P150/sub-P150_ses-TaskSwitch4-190323a.nwb,35,112,2625,4.709677419354839,38,47.36732570239335,31,1287280,60.0,25.0,1
19bb9fcd-0e21-4e1e-940e-79eef4a473c6,000971,sub-88-239/sub-88-239_ses-FP-DPR-2019-02-25T11-31-14_behavior.nwb,26,52,651,3.5,13,13.886363636363637,22,238064,520.0,160.0,0
19bc3c64-97de-47d7-8fed-583c276ddc7e,001611,sub-26303/sub-26303_ses-20250320T063306_ecephys.nwb,25,52,649,4.105263157894737,13,13.988919667590027,19,18562416,120.0,25.0,1
19ca0b38-b5c0-49ce-8814-8006ceac9f96,000022,sub-817060743/sub-817060743_ses-839068429_probe-868929138_ecephys.nwb,26,52,791,3.590909090909091,14,14.878099173553721,22,1713517571,3000.0,80.0,0
19ca9157-5075-492e-91d4-e60a3b79e6f7,001702,sub-5xFAD+-6M-Fig1/sub-5xFAD+-6M-Fig1_ses-20240211T120000_obj-111j9du.nwb,16,37,446,4.7272727272727275,13,15.47107438016529,11,185480,25.0,25.0,1
19d11ea9-09a2-46e5-bd37-391833568651,001550,sub-P135/sub-P135_ses-TaskSwitch4-180304a.nwb,35,112,2625,4.709677419354839,38,47.36732570239335,31,1305351,60.0,25.0,1
19d16f55-b938-46d5-9a98-6123c94f3c91,001169,sub-L029/sub-L029_ses-RWTautowait2-20230518-095558.nwb,32,118,3087,5.518518518518518,32,48.32373113854595,27,1090838,100.0,25.0,1
19d64ef1-53af-4432-ae13-62f556136d92,001611,sub-24846/sub-24846_ses-20241125T211647_ecephys.nwb,25,52,649,4.105263157894737,13,13.988919667590027,19,11349876,80.0,25.0,1
19d73ac7-4ef4-4066-a286-5069102910ab,001871,sub-20241230-smoke-1a-vial2-vflipTrue-old-opto-0f488bdc/sub-20241230-smoke-1a-vial2-vflipTrue-old-opto-0f488bdc_ses-20241230-smoke-1a-vial2-vflipTrue-old-opto-0f488bdc_behavior.nwb,931,1955,5029419,3.112189859762675,819,727.7846086888718,927,11942504,180.0,25.0,1
19ddcdc2-9b7b-451b-96f4-e69b7b340276,001361,sub-m13/sub-m13_ses-02_behavior+ophys.nwb,46,80,1970,3.119047619047619,13,8.200113378684808,42,409507324,1000.0,60.0,0
19e03276-eaba-4588-a03f-888500775336,001550,sub-P095/sub-P095_ses-ProAnti3Marino-170410a.nwb,33,93,1584,4.310344827586207,21,20.558858501783593,29,507802,25.0,25.0,1
19e9c49a-cfc4-43e1-bb97-7e016ed0e1bb,001169,sub-S025/sub-S025_ses-RWTautowait2-20210603-132134.nwb,32,117,3004,5.481481481481482,31,46.397805212620035,27,946672,80.0,25.0,1
19ffa0fc-6c21-4769-9e71-44aab5fbc500,001688,sub-Godzilla/sub-Godzilla_ses-20221116-5-godzilla-speed10-incline00_behavior+ecephys.nwb,46,104,4809,4.162162162162162,20,14.568298027757486,37,80033448,1980.0,160.0,0
1a0551d5-d597-481a-be8a-cc2170b45f8d,001169,sub-S029/sub-S029_ses-RWTautowait2-20210923-095659.nwb,32,117,3004,5.481481481481482,31,46.397805212620035,27,907711,60.0,25.0,1
1a07593c-8da0-42e7-8158-5e6d83d15e46,001169,sub-M025/sub-M025_ses-RWTautowait2-20201111-104137.nwb,32,117,3004,5.481481481481482,31,46.397805212620035,27,1027874,60.0,25.0,1
1a0a3fb8-b94f-45d7-ad87-dc3a9dec9690,000467,sub-ant2-m4-d20-y2022/sub-ant2-m4-d20-y2022_ses-m4-d20-y2022-ant2-1x-paraffin-oil-40-t127-z20um_ophys.nwb,22,48,624,4.176470588235294,13,14.615916955017303,17,84086336,680.0,180.0,0
1a0d0e3a-3d66-4451-90f9-e32ee466af93,001169,sub-S057/sub-S057_ses-RWTautowait2-20230428-101504.nwb,32,118,3087,5.518518518518518,32,48.32373113854595,27,982235,60.0,25.0,1
1a0fdcd9-d958-401d-be4b-336f4e58423d,001474,sub-MPK184/sub-MPK184_ses-20240729T120000.nwb,21,45,466,3.823529411764706,13,11.321799307958477,17,11183640,140.0,25.0,1
1a106b3b-a5f8-4cb7-9ab1-f3351d388aea,000467,sub-ant3-m4-d26-y2022/sub-ant3-m4-d26-y2022_ses-m4-d26-y2022-ant3-1x-paraffin-oil-40-t195-z5um_ophys.nwb,22,48,624,4.176470588235294,13,14.615916955017303,17,84086336,520.0,140.0,0
1a181330-4336-4115-afa0-f5d25f67b1ce,000773,sub-ant1-m1-d11-y2023/sub-ant1-m1-d11-y2023_ses-m1-d11-y2023-ant1-0-03x-3-hexanone-40-t131-z155um_ophys.nwb,22,48,624,4.176470588235294,13,14.615916955017303,17,84086336,660.0,180.0,0
1a18c54b-c4fc-4f3f-819c-df911acd2861,001607,sub-Bilbo/sub-Bilbo_ses-6_obj-7tqgzv_ecephys.nwb,253,72,23250,3.0689655172413794,36,24.478002378121293,116,1413497,60.0,25.0,1
1a1d8710-b296-4f80-b72d-d1b0f6c23ade,001545,sub-NRG-VV318/sub-NRG-VV318_ses-Recordings-from-animal-NRG-VV318-on-29-Sep-2022_obj-1iked2a_icephys.nwb,64,218,11040,5.818181818181818,19,14.876033057851247,55,6382832,300.0,25.0,1
1a1e30fc-bd65-40dd-9db4-cea1d49e54a8,001634,sub-Bilbo/sub-Bilbo_ses-5_obj-1hjgrto_ecephys.nwb,251,64,23194,3.0350877192982457,36,24.48999692212988,114,614856,60.0,25.0,1
1a1ebbe1-0498-4e54-9b18-177e8c2722b1,000020,sub-670690010/sub-670690010_ses-674556464_icephys.nwb,131,500,46868,5.5390625,49,40.63909912109375,128,45948734,31380.0,400.0,0
1a255089-d1d2-47a4-befb-dec71a9488fb,001550,sub-P187/sub-P187_ses-TaskSwitch6-200224b.nwb,33,110,2570,4.896551724137931,38,49.74791914387635,29,885406,60.0,25.0,1
1a2814ba-5e47-4f62-9123-b5abe01809aa,001169,sub-J001/sub-J001_ses-RWTautowait2-20201002-153957.nwb,32,117,3004,5.481481481481482,31,46.397805212620035,27,1005884,80.0,25.0,1
1a29a25b-fbd0-49fa-aff7-dc298b09b3bc,000773,sub-ant4-m1-d10-y2023/sub-ant4-m1-d10-y2023_ses-m1-d10-y2023-ant4-0-48x-ethanol-40-t155-z160um_ophys.nwb,22,48,624,4.176470588235294,13,14.615916955017303,17,84086336,660.0,180.0,0
1a2ef7c8-6a66-441f-9869-3ebc61608ef4,000971,sub-448-419/sub-448-419_ses-Opto-DMS-Excitatory-ChR2-2020-11-04T12-19-03_behavior+ogen.nwb,31,57,739,3.2962962962962963,14,13.393689986282581,27,248560,60.0,25.0,1
1a2f2bbd-7ccc-4073-b817-3ea8606a0019,001414,sub-Ca7/sub-Ca7_ses-20250110-7-bPAC-awake-rec1_ophys.nwb,27,45,590,4.294117647058823,13,16.913494809688583,17,673687378,300.0,25.0,1
1a3079ea-7727-4f87-8d41-ba8cb6493810,000773,sub-ant1-m1-d20-y2023/sub-ant1-m1-d20-y2023_ses-m1-d20-y2023-ant1-0-48x-3-hexanone-40-t123-z115um_ophys.nwb,22,48,624,4.176470588235294,13,14.615916955017303,17,84086336,640.0,160.0,0
1a30adaa-5554-4717-812e-46cff1750805,001169,sub-J016/sub-J016_ses-RWTautowait2-20211005-141532.nwb,32,116,2974,5.444444444444445,31,46.46913580246915,27,1271997,80.0,25.0,1
1a3a32dd-c723-40df-a18d-2dfda8c78683,000713,sub-540536/sub-540536_ses-20201123T152808_image.nwb,48,115,2402,3.7045454545454546,23,23.889979338842977,44,191453129,520.0,25.0,1
1a40d1d8-8a5d-4a28-be07-847e925cae32,000628,sub-Ye/sub-Ye_ses-20191102T130104_behavior.nwb,9055,27127,733868597,4.000110558319514,9030,9008.067772237642,9045,317866746,8740.0,120.0,0
1a45e6b3-6d0d-407f-9445-2a0982b661d4,000363,sub-480134/sub-480134_ses-20210107T120825_behavior+ecephys+ogen.nwb,54,152,3644,4.711111111111111,38,40.96098765432099,45,339738759,145680.0,340.0,0
1a46c374-fe9b-4314-b428-100e89e4d30c,001169,sub-S041/sub-S041_ses-RWTautowait2-20221025-120728.nwb,32,117,3004,5.481481481481482,31,46.397805212620035,27,974018,100.0,25.0,1
1a4a64fb-d17b-4b73-8f53-7980bd7087d3,001038,sub-Anxa-J079/sub-Anxa-J079_ses-20220419-0004.nwb,49,102,2105,4.108108108108108,16,14.258582907231554,37,14867431,160.0,25.0,1
1a4a94f8-0383-4e54-b7f0-47a2fbb000b0,001550,sub-P074/sub-P074_ses-TaskSwitch4-180129a.nwb,35,112,2625,4.709677419354839,38,47.36732570239335,31,963096,80.0,25.0,1
1a531861-1202-4251-8edb-bf1855779a46,001550,sub-P189/sub-P189_ses-TaskSwitch6-210405a.nwb,33,110,2570,4.896551724137931,38,49.74791914387635,29,1523772,60.0,25.0,1
1a668378-2a82-4c06-b69e-ded04fd3dc99,000766,sub-Calcacre/sub-Calcacre_ses-20210405T153000_obj-1ty8laq.nwb,17,35,401,3.923076923076923,13,13.609467455621298,13,194824,100.0,60.0,0
1a66bde5-594c-4df9-ae7e-d1c3593c10f8,001836,sub-molly/sub-molly_ses-molly-20220418_obj-130sc1a_behavior.nwb,104,70,1570,2.6043956043956045,65,50.83250815118948,91,50178400,80.0,25.0,1
1a6afb60-ede6-46bc-9e7b-a0bfa549c910,000959,sub-T/sub-T_ses-20220209_obj-18kj5a_behavior.nwb,42,289,30304,8.68421052631579,17,33.63711911357342,38,17517048,280.0,60.0,0
1a6ca139-c6d7-428a-ba5c-a96df00ff8a7,001550,sub-P059/sub-P059_ses-TaskSwitch4-170805a.nwb,35,112,2625,4.709677419354839,38,47.36732570239335,31,1873934,80.0,25.0,1
1a7bc0c6-7e1d-4e66-baa4-6f5ebd059055,001169,sub-G078/sub-G078_ses-RWTautowait2-20220520-155542.nwb,32,117,3004,5.481481481481482,31,46.397805212620035,27,1274156,60.0,25.0,1
1a826162-62b2-4b97-974e-e65f7d1daa5a,000971,sub-286-409/sub-286-409_ses-Opto-DMS-Inhibitory-NpHR-2020-10-07T10-39-21_ogen.nwb,31,57,737,3.2962962962962963,14,13.615912208504804,27,248424,80.0,60.0,0
1a8b727a-c169-4be9-a351-b3fd9944602c,001169,sub-G099/sub-G099_ses-RWTautowait2-20230323-151447.nwb,32,118,3087,5.518518518518518,32,48.32373113854595,27,1108447,80.0,25.0,1
1a8fcbdf-cff7-421f-ad50-eaa6fdd3c26f,001836,sub-lewis/sub-lewis_ses-lewis-20240105_obj-gjhs05.nwb,99,68,1558,2.6744186046511627,65,53.8474851270957,86,48628520,100.0,25.0,1
1a908eaa-eaab-4070-b7f4-0a582764bf98,000336,sub-631188/sub-631188_ses-1212553658-acq-1212705246-denoised-movies_ophys.nwb,80,433,49783,7.027027027027027,30,50.37764791818846,74,22347906297,1400.0,25.0,1
1aa14262-39a3-4486-a16f-0250482215d1,001550,sub-P055/sub-P055_ses-TaskSwitch4-161116a.nwb,35,112,2625,4.709677419354839,38,47.36732570239335,31,919111,80.0,25.0,1
1aa5b8a9-83f6-4e1b-9aa4-3612c5c7b630,000467,sub-ant1-m4-d26-y2022/sub-ant1-m4-d26-y2022_ses-m4-d26-y2022-ant1-0-03x-4-methyl-3-heptanone-40-t134-z60um_ophys.nwb,22,48,624,4.176470588235294,13,14.615916955017303,17,84086336,660.0,160.0,0
1aa6254c-63df-4ea7-8a71-cedd19385ef7,000773,sub-ant4-m1-d20-y2023/sub-ant4-m1-d20-y2023_ses-m1-d20-y2023-ant4-0-48x-ethanol-40-t195-z100um_ophys.nwb,22,48,624,4.176470588235294,13,14.615916955017303,17,84086336,600.0,160.0,0
1aa9001a-3550-4b26-b7a3-c8b5e88361db,001550,sub-P072/sub-P072_ses-TaskSwitch4-171106a.nwb,35,112,2625,4.709677419354839,38,47.36732570239335,31,1885601,80.0,25.0,1
1aac3cf6-53bc-4912-bb8e-3dab78629221,001550,sub-P101/sub-P101_ses-TaskSwitch4-170909a.nwb,35,112,2625,4.709677419354839,38,47.36732570239335,31,1204266,80.0,25.0,1
1aae0ecb-6733-4a44-b79e-6bc7e535305a,000728,sub-646855414/sub-646855414_ses-657391625-StimA_ophys.nwb,23,48,605,4.055555555555555,13,13.163580246913579,18,42831127601,16080.0,25.0,1
1aae99e4-7b30-44c8-aace-7890c3127802,000971,sub-299-405/sub-299-405_ses-Opto-DLS-Excitatory-ChR2-2020-09-15T12-14-29_ogen.nwb,30,56,729,3.3461538461538463,14,13.84171597633136,26,249422,80.0,60.0,0
1ab598be-70ae-44bf-a8d4-9e654e96d726,001550,sub-P167/sub-P167_ses-TaskSwitch4-181023a.nwb,35,112,2625,4.709677419354839,38,47.36732570239335,31,737567,60.0,25.0,1
1aba8671-4bd7-478e-8e87-324d7698eb0c,001611,sub-25897/sub-25897_ses-20241109T024501_ecephys.nwb,25,52,649,4.105263157894737,13,13.988919667590027,19,31058688,120.0,25.0,1
1ac6147a-8e90-45fa-96c5-4e79674cca6f,001550,sub-P135/sub-P135_ses-TaskSwitch4-190626a.nwb,35,112,2625,4.709677419354839,38,47.36732570239335,31,1053111,60.0,25.0,1
1ac73240-f078-42e1-bee3-622ee7d36934,001169,sub-S028/sub-S028_ses-RWTautowait2-20210720-103401.nwb,32,116,2974,5.444444444444445,31,46.46913580246915,27,1319295,80.0,25.0,1
1ac8ec6e-d6e3-48c6-aebb-9dcff0a111fb,001550,sub-P055/sub-P055_ses-TaskSwitch4-170914a.nwb,35,112,2625,4.709677419354839,38,47.36732570239335,31,1570669,80.0,25.0,1
1acac8fb-d810-4caf-81db-7d848d90674f,001169,sub-G088/sub-G088_ses-RWTautowait2-20221207-152725.nwb,32,118,3087,5.518518518518518,32,48.32373113854595,27,1560304,60.0,25.0,1
1acda188-eec2-493b-b27a-34a60b0a8be3,001051,sub-615048/sub-615048_ses-None_probe-210_ecephys.nwb,36,62,1087,3.3,14,12.343333333333334,30,3042167704,1360.0,25.0,1
1ad89777-a296-40d2-be59-3ee8297f5834,001518,sub-CHO-20250124-c10/sub-CHO-20250124-c10_obj-12ymrmm_image.nwb,17,38,431,4.153846153846154,13,13.668639053254442,13,36854237,100.0,25.0,1
1ad8a921-c3e9-40dc-867d-43d1106735d0,001871,sub-20241222-smoke-2a-vial2-vflipTrue-old-opto-e8b337e1/sub-20241222-smoke-2a-vial2-vflipTrue-old-opto-e8b337e1_ses-20241222-smoke-2a-vial2-vflipTrue-old-opto-e8b337e1_behavior.nwb,741,1556,3148362,3.1153324287652646,648,572.1481638311465,737,16646888,180.0,25.0,1
1ae0fea6-9624-456d-a8bc-5734657e510d,000711,sub-453911/sub-453911_ses-20190605T085016_image.nwb,50,156,5473,4.478260869565218,24,34.72778827977316,46,196141644,360.0,60.0,0
1af2b309-ee35-4704-baca-1e8fb45e2974,000773,sub-ant1-m2-d24-y2023/sub-ant1-m2-d24-y2023_ses-m2-d24-y2023-ant1-1x-paraffin-oil-40-t122-z50um_ophys.nwb,22,48,624,4.176470588235294,13,14.615916955017303,17,84086336,600.0,160.0,0
1af48d44-db61-4c2d-a2c5-70413142e17e,000467,sub-ant2-m4-d26-y2022/sub-ant2-m4-d26-y2022_ses-m4-d26-y2022-ant2-0-48x-4-methyl-3-heptanol-40-t182-z100um_ophys.nwb,22,48,624,4.176470588235294,13,14.615916955017303,17,84086336,680.0,180.0,0
1af669f4-7d34-45ea-a096-327b737583e0,000773,sub-ant1-m1-d20-y2023/sub-ant1-m1-d20-y2023_ses-m1-d20-y2023-ant1-0-48x-ethylpyrazine-40-t134-z50um_ophys.nwb,22,48,624,4.176470588235294,13,14.615916955017303,17,84086336,620.0,160.0,0
1afb6161-1ffc-4d0b-8861-c21e0af04325,000467,sub-ant1-m10-d6-y2022/sub-ant1-m10-d6-y2022_ses-m10-d6-y2022-ant1-1x-paraffin-oil-40-t125-z95um_ophys.nwb,22,48,624,4.176470588235294,13,14.615916955017303,17,84086336,720.0,180.0,0
1afbccdb-bc6e-4b4f-97ec-1f4b65ea9f13,001455,sub-977022362/sub-977022362_ses-983638223_icephys.nwb,142,548,61752,5.640287769784172,47,41.69794524092955,139,20093671,460.0,25.0,1
1afca59e-e18b-4b82-a3cc-26b7d1ac1314,000020,sub-737382236/sub-737382236_ses-742009593_icephys.nwb,136,551,59036,5.827067669172933,44,37.87235004805245,133,19502093,22180.0,380.0,0
1affad22-82b9-4195-bf9b-c9cc6281be53,001634,sub-Frodo/sub-Frodo_ses-5_obj-2do73y_ecephys.nwb,256,79,23510,3.0756302521008405,36,24.08671703975707,119,861064,80.0,25.0,1
1b02688c-1bdf-4457-8b49-8d59c7819580,001550,sub-P124/sub-P124_ses-TaskSwitch6-190903a.nwb,52,131,3972,4.536585365853658,42,46.39500297441998,41,1091970,60.0,25.0,1
1b064b6d-fe03-44bf-a759-6e72fdd45a33,000773,sub-ant1-m4-d6-y2023/sub-ant1-m4-d6-y2023_ses-m4-d6-y2023-ant1-0-48x-4-methyl-3-heptanone-40-t128-z5um_ophys.nwb,22,48,624,4.176470588235294,13,14.615916955017303,17,84086336,600.0,160.0,0
1b084ef9-5e75-4dd2-a752-5f4631344284,000467,sub-ant2-m10-d11-y2022/sub-ant2-m10-d11-y2022_ses-m10-d11-y2022-ant2-1x-paraffin-oil-40-t144-z30um_ophys.nwb,22,48,624,4.176470588235294,13,14.615916955017303,17,84086336,680.0,180.0,0
1b14abd8-19a4-4082-bf0c-14252bc0044c,000467,sub-ant4-m4-d20-y2022/sub-ant4-m4-d20-y2022_ses-m4-d20-y2022-ant4-0-03x-6-methyl-5-hepten-2-one-40-t197-z20um_ophys.nwb,22,48,624,4.176470588235294,13,14.615916955017303,17,84086336,680.0,180.0,0
1b15e8c6-7b7a-45e0-82a6-8e138766e420,000253,sub-645495/sub-645495_ses-1224930300_probe-0_ecephys.nwb,27,55,937,3.772727272727273,14,15.08471074380165,22,6941975332,5980.0,80.0,0
1b1fe7aa-21ab-4b16-843e-75ec2e2227f9,001847,sub-PB179/sub-PB179_ses-PB179-20240516-140203_behavior.nwb,30,114,2920,5.5,36,55.78846153846154,26,573772,25.0,25.0,1
1b208521-72c1-46f6-aaa0-47d15ffb726f,000769,sub-1260954683/sub-1260954683_ses-1261065013_icephys.nwb,334,1339,457582,5.882175226586103,137,122.99820191491496,331,64023020,30820.0,180.0,0
1b21456b-6d9e-4a37-a473-6348d1d80c34,001184,sub-114/sub-114_ses-session-hheise-M114-2022-08-21-01_behavior+image+ophys.nwb,43,78,1130,3.2051282051282053,13,8.470742932281393,39,408483784,1880.0,160.0,0
1b216055-69af-4afd-834b-7f68f129da62,001064,sub-XC-XT-CT-13554216195738934009/sub-XC-XT-CT-13554216195738934009_ses-20230303T144733.nwb,18,21,164,6.333333333333333,13,21.555555555555557,6,679928,60.0,25.0,1
1b2f7406-b4be-4f36-8689-f36203adde9e,001550,sub-P131/sub-P131_ses-TaskSwitch4-181113a.nwb,35,112,2625,4.709677419354839,38,47.36732570239335,31,1582952,100.0,25.0,1
1b336290-142e-403a-9dc6-0b8060005cf3,000467,sub-ant2-m10-d11-y2022/sub-ant2-m10-d11-y2022_ses-m10-d11-y2022-ant2-0-48x-isopropanol-40-t160-z145um_ophys.nwb,22,48,624,4.176470588235294,13,14.615916955017303,17,84086336,680.0,180.0,0
1b360a4b-6dcb-4c42-81d2-8d7d0872e5b5,000467,sub-ant3-m4-d26-y2022/sub-ant3-m4-d26-y2022_ses-m4-d26-y2022-ant3-0-48x-4-methyl-3-hexanol-40-t212-z10um_ophys.nwb,22,48,624,4.176470588235294,13,14.615916955017303,17,84086336,580.0,140.0,0
1b36b2bc-deec-4ec8-a02d-8d51b8b71694,000467,sub-ant2-m4-d26-y2022/sub-ant2-m4-d26-y2022_ses-m4-d26-y2022-ant2-0-48x-4-methyl-3-heptanol-40-t192-z140um_ophys.nwb,22,48,624,4.176470588235294,13,14.615916955017303,17,84086336,660.0,180.0,0
1b3a529f-b302-47a4-b86e-0734e63e6cfe,001465,sub-1404981156/sub-1404981156_ses-1406060603_icephys.nwb,299,1208,377563,5.902027027027027,120,99.51404994521546,296,55976431,1280.0,80.0,0
1b3c1b31-618e-4ab1-9159-3e8dccbf808e,000467,sub-ant3-m4-d21-y2022/sub-ant3-m4-d21-y2022_ses-m4-d21-y2022-ant3-0-48x-4-methyl-3-heptanone-40-t161-z100um_ophys.nwb,22,48,624,4.176470588235294,13,14.615916955017303,17,84086336,680.0,160.0,0
1b3c6c72-583c-41a3-9da5-8a8673e9c42f,000711,sub-467302/sub-467302_ses-20190903T115840_image.nwb,50,156,5473,4.478260869565218,24,34.72778827977316,46,196131042,340.0,25.0,1
1b41969f-3435-40ec-99c7-af6f928c167a,001169,sub-M055/sub-M055_ses-RWTautowait2-20230608-150541.nwb,32,117,3057,5.481481481481482,32,48.397805212620035,27,1250181,80.0,25.0,1
1b4446e1-f8a6-4155-92de-6bff10746c45,001837,sub-G4-1/sub-G4-1_obj-hzoqri_ecephys.nwb,22,45,579,3.9411764705882355,13,12.643598615916957,17,198444,25.0,25.0,1
1b5107e1-b050-4546-92ae-fad39e6c2a30,000363,sub-480133/sub-480133_ses-20210103T133044_behavior+ecephys+ogen.nwb,54,157,3844,4.822222222222222,43,48.901728395061724,45,253701386,202120.0,320.0,0
1b54919e-3b89-4c87-b577-6b8073e4dadb,001414,sub-whisk-alb2/sub-whisk-alb2_ses-20250123-2-ctrl-KX-ROI2-whisker2min_ophys.nwb,32,49,624,3.8181818181818183,13,14.148760330578511,22,652648640,300.0,25.0,1
1b589146-d737-4e72-9a32-57340d26bea1,001169,sub-S056/sub-S056_ses-RWTautowait2-20230421-135830.nwb,32,118,3087,5.518518518518518,32,48.32373113854595,27,1051133,100.0,25.0,1
1b6063e6-58a8-4fcc-a794-99a9521e7e65,001550,sub-P074/sub-P074_ses-TaskSwitch4-170417a.nwb,35,112,2625,4.709677419354839,38,47.36732570239335,31,1305618,60.0,25.0,1
1b695b8c-6920-4422-8d4d-7497ab52e2ca,001038,sub-Dat-F554/sub-Dat-F554_ses-20210901-0003.nwb,54,117,2524,4.095238095238095,16,13.990929705215418,42,29344465,180.0,25.0,1
1b6e5a1a-1d04-4f44-bca5-2bdd950bd797,000773,sub-ant2-m2-d24-y2023/sub-ant2-m2-d24-y2023_ses-m2-d24-y2023-ant2-0-48x-ethanol-40-t149-z5um_ophys.nwb,22,48,624,4.176470588235294,13,14.615916955017303,17,84086336,620.0,160.0,0
1b74bf4b-5b8e-4a73-b2d2-0b121a43e320,000773,sub-ant1-m2-d24-y2023/sub-ant1-m2-d24-y2023_ses-m2-d24-y2023-ant1-0-48x-isopropanol-40-t130-z140um_ophys.nwb,22,48,624,4.176470588235294,13,14.615916955017303,17,84086336,620.0,160.0,0
1b75759c-434b-43b9-8982-9775a448764e,001550,sub-P189/sub-P189_ses-TaskSwitch6-190801a.nwb,33,110,2570,4.896551724137931,38,49.74791914387635,29,1630411,100.0,25.0,1
1b76a81c-fffe-46da-a84e-ad970ddc6b7c,001169,sub-G097/sub-G097_ses-RWTautowait2-20230523-144721.nwb,32,118,3087,5.518518518518518,32,48.32373113854595,27,1388784,100.0,25.0,1
1b79bf79-f6c6-4762-ae79-e51dd250ce1b,001836,sub-klein/sub-klein_ses-klein-20231101_obj-12n2q1u.nwb,103,84,1949,2.7777777777777777,65,53.68395061728392,90,4295228,60.0,25.0,1
1b7b4280-6a51-4886-83fd-e13628eaf98e,001169,sub-G037/sub-G037_ses-RWTautowait2-20210312-134753.nwb,32,117,3004,5.481481481481482,31,46.397805212620035,27,973881,80.0,25.0,1
1b831403-937b-4204-b909-43e471681b0f,001051,sub-637488/sub-637488_ses-None_probe-485_ecephys.nwb,36,62,1087,3.3,14,12.343333333333334,30,2758930112,1100.0,25.0,1
1b83cc76-0112-411d-a982-e985330dfaef,001550,sub-P120/sub-P120_ses-TaskSwitch4-190129a.nwb,35,112,2625,4.709677419354839,38,47.36732570239335,31,1144809,80.0,25.0,1
1b8b7225-cefe-4e41-a431-d90c32cd0109,000971,sub-111-285/sub-111-285_ses-FP-PR-2019-07-24T09-59-26_behavior.nwb,26,52,651,3.5,13,13.886363636363637,22,234888,80.0,60.0,0
1b8caa2c-49c9-4b91-96d6-6f0063b66aeb,001051,sub-633232/sub-633232_ses-None_probe-406_ecephys.nwb,36,62,1087,3.3,14,12.343333333333334,30,2994861328,1120.0,25.0,1
1b8dc946-e037-459d-a5df-fdac7b94bbad,000336,sub-644972/sub-644972_ses-1237558566-acq-1237712750_ophys.nwb,59,238,12973,5.574074074074074,30,44.17043895747597,54,89477736,840.0,25.0,1
1b90c365-3cb4-4e56-9541-a36296b9d94c,001847,sub-PB194/sub-PB194_ses-PB194-20241108-113401_behavior+image+ophys.nwb,37,124,3240,5.0625,36,48.74609375,32,40904574756,5700.0,25.0,1
1b9372d7-be36-4677-8ab3-08c7c5f0b03c,001550,sub-P189/sub-P189_ses-TaskSwitch6-190608a.nwb,33,110,2570,4.896551724137931,38,49.74791914387635,29,827290,60.0,25.0,1
1b96eb89-8f62-4279-95e8-68d68fc87454,001455,sub-974588699/sub-974588699_ses-976964173_icephys.nwb,142,558,64964,5.712230215827338,47,41.21215258009419,139,21841698,360.0,25.0,1
1ba442a9-d263-4cd4-9a2e-66862f8f1222,000711,sub-477202/sub-477202_ses-20190913T151041_image.nwb,48,116,2469,3.727272727272727,23,24.743801652892568,44,188679525,300.0,25.0,1
1ba53c04-95f9-445a-b652-aebd4eaa1244,001169,sub-G021/sub-G021_ses-RWTautowait2-20201110-135525.nwb,32,117,3004,5.481481481481482,31,46.397805212620035,27,910755,80.0,25.0,1
1baae2bf-c66f-43b2-a1c2-4612acc9bc53,000239,sub-MX190401/sub-MX190401_ses-20191013T123453_behavior.nwb,2744,5479,30640842,3.000729927007299,226,218.9583936277906,2740,70107706,2680.0,80.0,0
1bac855e-957a-49f0-a194-e2773a2f3405,000971,sub-80-236/sub-80-236_ses-FP-PR-2019-01-22T13-15-56_behavior.nwb,27,53,661,3.4347826086956523,13,13.637051039697546,23,243456,60.0,60.0,0
1bafb0d4-c07c-418e-b0e4-ac0ca8ca89b9,000008,sub-mouse-XKIBL/sub-mouse-XKIBL_ses-20190731-sample-1_slice-20190731-slice-1_cell-20190731-sample-1_icephys.nwb,181,538,87573,4.96045197740113,80,65.58600657537744,177,9535281,14740.0,420.0,0
1bb2d68f-6e73-48a5-a9a9-06d3b52e2f07,001550,sub-P131/sub-P131_ses-TaskSwitch4-171027a.nwb,35,112,2625,4.709677419354839,38,47.36732570239335,31,1050748,100.0,25.0,1
1bbd4ee9-363c-4bcc-ad4c-632436a573a9,000713,sub-571520/sub-571520_ses-20210423T145431_image.nwb,48,118,2609,3.772727272727273,25,26.584710743801654,44,51440334,160.0,25.0,1
1bbf6217-fde2-41d8-845c-d46213defa0a,001169,sub-G021/sub-G021_ses-RWTautowait2-20200928-104414.nwb,32,117,3004,5.481481481481482,31,46.397805212620035,27,724884,60.0,25.0,1
1bc409cd-5e97-4692-a3cd-d2b552e6ec3d,000467,sub-ant1-m4-d26-y2022/sub-ant1-m4-d26-y2022_ses-m4-d26-y2022-ant1-0-03x-4-methyl-3-heptanone-40-t134-z40um_ophys.nwb,22,48,624,4.176470588235294,13,14.615916955017303,17,84086336,660.0,160.0,0
1bdc9e60-c208-42d8-a112-ddf16df9a6cd,000713,sub-563323/sub-563323_ses-20210406T091957_image.nwb,48,114,2391,3.6818181818181817,23,23.762396694214885,44,188052138,340.0,25.0,1
1bdd672c-fd4b-4743-aed3-43f0eda3c48a,000773,sub-ant5-m1-d11-y2023/sub-ant5-m1-d11-y2023_ses-m1-d11-y2023-ant5-0-03x-3-hexanone-40-t207-z155um_ophys.nwb,22,48,624,4.176470588235294,13,14.615916955017303,17,84086336,620.0,160.0,0
1bde6c99-c04e-4a6d-874c-4314963247d9,001777,sub-4982/sub-4982_ses-20200917T163137_obj-1v4xbx4_icephys.nwb,122,343,47127,4.829059829059829,100,79.98787347505291,117,48514696,840.0,25.0,1
1bdf3be3-4566-49f0-a45d-987ece83f20b,000711,sub-449653/sub-449653_ses-20190522T091230_obj-188hzrg_image+ophys.nwb,78,229,9548,4.342465753424658,24,25.896415837868265,73,239018860,640.0,25.0,1
1bdfc7c2-07f5-48f9-adc9-1c4be66fc310,000773,sub-ant4-m1-d11-y2023/sub-ant4-m1-d11-y2023_ses-m1-d11-y2023-ant4-0-03x-ethanol-40-t198-z50um_ophys.nwb,22,48,624,4.176470588235294,13,14.615916955017303,17,84086336,640.0,160.0,0
1be4334e-2c53-4783-889d-388425a2e14f,000971,sub-267-476/sub-267-476_ses-Opto-DMS-Inhibitory-EYFP-2021-10-05T14-18-47_ogen.nwb,30,57,751,3.3846153846153846,15,14.698224852071005,26,244952,80.0,60.0,0
1be54f26-a1fc-464e-96e4-ee9c095f0533,000711,sub-476970/sub-476970_ses-20190828T145057_image.nwb,48,119,2682,3.7954545454545454,26,27.571797520661153,44,66763175,160.0,25.0,1
1be71112-8316-4051-813b-26bdf5066a9b,001776,sub-A12W/sub-A12W_ses-20210804T210615_icephys.nwb,156,558,89037,5.714285714285714,63,48.299319727891145,147,23388677,520.0,25.0,1
1beda15c-3b78-4c90-8e45-113fdd773fc6,001550,sub-P116/sub-P116_ses-TaskSwitch4-171026a.nwb,35,112,2625,4.709677419354839,38,47.36732570239335,31,1011459,80.0,25.0,1
1bef6889-4322-4e1c-b85a-95d96d1ec4a4,000959,sub-T/sub-T_ses-20220203_obj-1ltcyak_behavior.nwb,41,275,26986,8.513513513513514,16,33.330898466033595,37,17614376,280.0,60.0,0
1bf68ca6-e6c0-4a59-b8dc-fa8f45608e1c,000467,sub-ant4-m4-d20-y2022/sub-ant4-m4-d20-y2022_ses-m4-d20-y2022-ant4-0-03x-4-methyl-3-hexanol-40-t200-z70um_ophys.nwb,22,48,624,4.176470588235294,13,14.615916955017303,17,84086336,660.0,160.0,0
1bfb0457-e541-4b9d-bef7-606783ea0394,000713,sub-585326/sub-585326_ses-20210913T140923_image.nwb,48,114,2391,3.6818181818181817,23,23.762396694214885,44,188112578,300.0,25.0,1
1c0303b4-7cd4-4b47-a415-0e6c7622bdff,000713,sub-548717/sub-548717_ses-None_probe-1079262979_ecephys.nwb,36,62,1087,3.3,14,12.343333333333334,30,4627061496,3380.0,240.0,0
1c0495ef-6c1a-4511-be08-ead37b6f2064,001550,sub-P167/sub-P167_ses-TaskSwitch4-200219a.nwb,35,110,2521,4.645161290322581,37,45.261186264308,31,549860,60.0,25.0,1
1c137882-895f-44b4-a641-9f5f481b5c72,001636,sub-Leu/sub-Leu_ses-Leu++l6702++PreMPTP++Depth21690um++19921004_behavior+ecephys.nwb,49,153,6100,5.857142857142857,19,34.57959183673469,35,1087716,740.0,120.0,0
1c169a71-ee10-42a4-82b3-736aae366b73,000773,sub-ant4-m4-d6-y2023/sub-ant4-m4-d6-y2023_ses-m4-d6-y2023-ant4-0-48x-ethylpyrazine-40-t171-z10um_ophys.nwb,22,48,624,4.176470588235294,13,14.615916955017303,17,84086336,600.0,160.0,0
1c194393-5287-4f04-acee-69783e76370b,001832,sub-test-animal02-slice04-roi02/sub-test-animal02-slice04-roi02_ses-MB++AChFP++pan++PD++none++WT++20250424200507_ophys.nwb,41,92,1470,4.088235294117647,13,11.609861591695504,34,7846233,60.0,25.0,1
1c1ffc14-1324-471d-9c46-a63a8fbb532a,001361,sub-m12/sub-m12_ses-09_behavior+ophys.nwb,46,80,1970,3.119047619047619,13,8.200113378684808,42,402205612,1000.0,80.0,0
1c2bba12-152e-465a-925f-48c13eea8157,001465,sub-1409530413/sub-1409530413_ses-1409659118_icephys.nwb,234,919,195652,5.7186147186147185,84,69.92515132774875,231,69630703,1200.0,80.0,0
1c304f18-ab5b-4ffd-b856-98360ff12855,000773,sub-ant1-m1-d20-y2023/sub-ant1-m1-d20-y2023_ses-m1-d20-y2023-ant1-0-48x-4-methyl-3-heptanone-40-t133-z155um_ophys.nwb,22,48,624,4.176470588235294,13,14.615916955017303,17,84086336,620.0,160.0,0
1c38c764-a3ec-430d-9882-6407e0161f2d,000699,sub-Temp-pref-F20-B20-6dpf-12-unsorted-nac/sub-Temp-pref-F20-B20-6dpf-12-unsorted-nac_ses-20230803T113000_behavior.nwb,33,53,613,3.0357142857142856,13,8.391581632653063,28,9297039,180.0,25.0,1
1c3eb19d-e027-40c1-b797-27801d0ff4d9,001333,sub-parkinson-simulated-lfp/sub-parkinson-simulated-lfp_ses-66_ecephys.nwb,27,44,543,3.3636363636363638,13,11.59504132231405,22,727440,80.0,25.0,1
1c40a9ea-ebb6-436d-86c6-7cc0e37a60fe,000467,sub-ant2-m4-d20-y2022/sub-ant2-m4-d20-y2022_ses-m4-d20-y2022-ant2-0-12x-4-methyl-3-heptanone-40-t160-z65um_ophys.nwb,22,48,624,4.176470588235294,13,14.615916955017303,17,84086336,680.0,180.0,0
1c43cb87-bee7-4b54-b511-342782c1240a,000773,sub-ant3-m1-d17-y2023/sub-ant3-m1-d17-y2023_ses-m1-d17-y2023-ant3-0-03x-propionic-acid-40-t206-z150um_ophys.nwb,22,48,624,4.176470588235294,13,14.615916955017303,17,84086336,640.0,160.0,0
1c453d59-53d3-413b-8427-f6383f325dba,000289,sub-36/sub-36_ses-20210922T144719_behavior+ophys.nwb,36,50,626,3.3846153846153846,13,11.236686390532546,26,4337099968,1380.0,25.0,1
1c502cdb-dc3f-4a0f-9833-46884d06c30c,001789,sub-rat-08Aug23/sub-rat-08Aug23_ses-E_icephys.nwb,26,57,620,4.045454545454546,13,10.043388429752067,22,29023752,220.0,25.0,1
1c545ab5-310a-4c65-9379-eba16b348026,000246,sub-CaMPARI1-Q142V-C202A/sub-CaMPARI1-Q142V-C202A_ses-flourescence-recording_ophys.nwb,17,31,374,3.6153846153846154,13,13.775147928994084,13,188856,560.0,200.0,0
1c582f2e-9066-4dc4-8c8d-a79ed1e84fa2,000711,sub-449653/sub-449653_ses-20190517T095849_obj-1ngt25v_image+ophys.nwb,75,225,9298,4.428571428571429,24,26.73061224489796,70,258015882,540.0,25.0,1
1c5db667-5739-4829-bb6a-a836f68664a0,001169,sub-J014/sub-J014_ses-RWTautowait2-20210225-151116.nwb,32,116,2974,5.444444444444445,31,46.46913580246915,27,938299,60.0,25.0,1
1c6218c1-e492-4368-9e27-1c596aab30db,001550,sub-P100/sub-P100_ses-TaskSwitch4-180411a.nwb,35,112,2625,4.709677419354839,38,47.36732570239335,31,1886918,120.0,25.0,1
1c64ee77-6f35-4eb6-a343-fdf5378fd073,000020,sub-721974688/sub-721974688_ses-726357241_icephys.nwb,212,858,166722,5.856459330143541,77,66.04638172203018,209,46346033,37360.0,380.0,0
1c69ebc4-4277-4e11-9971-3009cd7efdc4,000773,sub-ant1-m2-d24-y2023/sub-ant1-m2-d24-y2023_ses-m2-d24-y2023-ant1-0-48x-propionic-acid-40-t129-z80um_ophys.nwb,22,48,624,4.176470588235294,13,14.615916955017303,17,84086336,620.0,160.0,0
1c6f3eb1-5ca5-4d29-b3f2-99e1b8567006,000467,sub-ant2-m4-d21-y2022/sub-ant2-m4-d21-y2022_ses-m4-d21-y2022-ant2-0-12x-4-methyl-3-heptanol-40-t169-z70um_ophys.nwb,22,48,624,4.176470588235294,13,14.615916955017303,17,84086336,680.0,160.0,0
1c7500c5-2df4-4631-92ce-d8bcce013a38,000728,sub-577808199/sub-577808199_ses-592655327-StimC2_ophys.nwb,23,48,605,4.055555555555555,13,13.163580246913579,18,38210463025,14060.0,25.0,1
1c896e0d-a8cc-459d-a1ea-c8ca7472915a,000688,sub-C/sub-C_ses-CO-20131204_behavior+ecephys.nwb,31,69,793,3.8461538461538463,13,14.053254437869821,26,30927952,4060.0,920.0,0
1c91898c-c45b-495e-a67d-959ad54b47c0,001181,sub-m1615/sub-m1615_ses-20220928T124616Z_photometry.nwb,25,70,952,4.2727272727272725,21,23.289256198347097,22,748943,80.0,25.0,1
1c918cc4-a545-4176-ac8b-aaa840f8f02e,001260,sub-708078/sub-708078_ses-708078-20231002-probe0_ecephys.nwb,40,94,1196,4.0606060606060606,19,21.208448117539028,33,890451503,1600.0,180.0,0
1c92db06-1adb-4c45-a6b1-d6814c6fcd3a,001836,sub-molly/sub-molly_ses-molly-20220419_obj-1vak8ll.nwb,99,68,1558,2.6744186046511627,65,53.8474851270957,86,46692880,60.0,25.0,1
1c9411ed-1474-44b8-ac18-09e66e7ce1dd,001169,sub-J072/sub-J072_ses-RWTautowait2-20230502-160218.nwb,32,118,3087,5.518518518518518,32,48.32373113854595,27,1549568,60.0,25.0,1
1c9453e2-8793-481c-8d56-f64ca820ee2c,001550,sub-P135/sub-P135_ses-TaskSwitch4-180809a.nwb,35,112,2625,4.709677419354839,38,47.36732570239335,31,1318592,120.0,25.0,1
1c94bd36-d886-428d-ac74-bb10c8ba53a5,000008,sub-mouse-YVQMA/sub-mouse-YVQMA_ses-20190501-sample-4_slice-20190501-slice-4_cell-20190501-sample-4_icephys.nwb,181,538,87573,4.96045197740113,80,65.58600657537745,177,9617897,16060.0,440.0,0
1ca14608-507c-4192-ad23-f3b20b41a763,001465,sub-1382207951/sub-1382207951_ses-1382325115_icephys.nwb,212,842,162155,5.770334928229665,76,65.17213433758386,209,55843101,1480.0,100.0,0
1ca17ee7-c035-4b76-be00-5baf362aaff5,001455,sub-761832010/sub-761832010_ses-764495087_icephys.nwb,219,890,178499,5.875,80,70.33159722222223,216,26069930,540.0,25.0,1
1ca9b180-69f6-4d1f-b2ac-09da019f408e,000467,sub-ant1-m4-d26-y2022/sub-ant1-m4-d26-y2022_ses-m4-d26-y2022-ant1-0-48x-4-methyl-3-hexanol-40-t147-z155um_ophys.nwb,22,48,624,4.176470588235294,13,14.615916955017303,17,84086336,640.0,160.0,0
1cac57ad-180f-4af1-bb39-f9638be3fadb,001169,sub-S026/sub-S026_ses-RWTautowait2-20211117-151253.nwb,32,117,3004,5.481481481481482,31,46.397805212620035,27,1234247,60.0,25.0,1
1caefd2e-df13-49e2-ab2a-ebe50128fec0,001611,sub-25897/sub-25897_ses-20241111T110230_ecephys.nwb,25,52,649,4.105263157894737,13,13.988919667590027,19,12962588,100.0,25.0,1
1caf3170-1abe-4cb1-9467-c2d524b74b45,001074,sub-250924-SL1ZS6-wells001/sub-250924-SL1ZS6-wells001_ses-ch0-means-movie-nobg-cnmf-mr-raw_ophys.nwb,29,51,766,3.5217391304347827,13,10.162570888468805,23,6626192549,800.0,25.0,1
1cb72a27-f7e0-48d9-85d7-893cc8d128fd,001169,sub-J066/sub-J066_ses-RWTautowait2-20230426-112521.nwb,32,118,3087,5.518518518518518,32,48.32373113854595,27,1298981,60.0,25.0,1
1cbe0d3a-10e5-4cbf-ab97-d464eea8e71b,000728,sub-518632289/sub-518632289_ses-531134090-StimA_behavior+image+ophys.nwb,47,84,1733,3.5121951219512195,13,7.61570493753718,41,344061600,580.0,25.0,1
1cc019dd-17dd-44e9-a9fc-0184f60cd240,001169,sub-G071/sub-G071_ses-RWTautowait2-20220727-152309.nwb,32,117,3004,5.481481481481482,31,46.397805212620035,27,1225657,100.0,25.0,1
1cc1115b-4bc5-4c9f-a856-acd2c88a9863,001461,sub-770196/sub-770196_ses-multiplane-ophys-770196-2025-03-20-14-10-25_ophys.nwb,148,326,30005,3.8984375,13,9.54437255859375,128,1673306784,1820.0,25.0,1
1cc2c4d3-8e14-4d14-95c1-a41ed8c937b5,001445,sub-G3-10/sub-G3-10_obj-67mvra_ecephys.nwb,22,45,579,3.9411764705882355,13,12.643598615916957,17,203556,25.0,25.0,1
1cc7c957-0a2e-4b85-8ea9-5f890a1ddd52,001611,sub-25897/sub-25897_ses-20241113T123653_ecephys.nwb,25,52,649,4.105263157894737,13,13.988919667590027,19,13989836,120.0,25.0,1
1ccac1eb-8580-4f3a-8480-61ad59d12bdc,000951,sub-LC10ad-fly11/sub-LC10ad-fly11_ses-(-LC10ad-fly11-210927-1335--).nwb,18,33,433,3.8461538461538463,13,13.822485207100591,13,187360,440.0,180.0,0
1cd14c28-880d-4729-9e52-6034e012142c,000971,sub-266-477/sub-266-477_ses-Opto-DMS-Inhibitory-NpHR-2021-10-25T10-44-17_behavior+ogen.nwb,31,57,739,3.2962962962962963,14,13.393689986282581,27,250752,60.0,40.0,0
1cd26770-59a7-4e66-b523-7ab3ca7a38eb,001051,sub-623319/sub-623319_ses-None_probe-619_ecephys.nwb,36,62,1087,3.3,14,12.343333333333334,30,2770709696,1080.0,25.0,1
1cd740ef-1a07-48e2-9dc3-d661266e5778,000246,sub-PHP-V15-L13/sub-PHP-V15-L13_obj-1sdmyo6_ophys.nwb,31,41,560,3.8421052631578947,13,14.027700831024932,19,8564888,25.0,25.0,1
1ce7f185-0098-456a-afa8-797a36b20946,001281,sub-150414/sub-150414_ses-1504141mg-1-3-1_icephys.nwb,58,206,9806,5.660377358490566,18,12.224279102883592,53,13508736,5040.0,160.0,0
1cf0e04a-60d4-4940-914c-0b43ddeca77d,001880,sub-iuvE14-cagCre-ef1aDIOchr2-8/sub-iuvE14-cagCre-ef1aDIOchr2-8_ses-iuvE14-cagCre-ef1aDIOchr2-8-231129_behavior+ecephys.nwb,49,101,2490,3.7045454545454546,16,15.571797520661153,44,103788880,120.0,25.0,1
1cfd25ef-9407-4680-a740-d5080541d384,001611,sub-29641/sub-29641_ses-20250321T225913_ecephys.nwb,25,52,649,4.105263157894737,13,13.988919667590027,19,15456416,100.0,25.0,1
1d0248ee-c82a-4fc7-a833-d895967b48f2,001550,sub-P187/sub-P187_ses-TaskSwitch6-210106a.nwb,33,112,2724,4.9655172413793105,40,54.44708680142688,29,1131525,60.0,25.0,1
1d096fff-57f0-4e32-8456-4a6f5f178198,000467,sub-ant3-m4-d27-y2022/sub-ant3-m4-d27-y2022_ses-m4-d27-y2022-ant3-0-12x-4-methyl-3-heptanol-40-t151-z145um_ophys.nwb,22,48,624,4.176470588235294,13,14.615916955017303,17,84086336,480.0,120.0,0
1d0d9ffe-87a9-40c6-b2f1-d9cd607db04f,001169,sub-J025/sub-J025_ses-RWTautowait2-20211220-140607.nwb,32,117,3004,5.481481481481482,31,46.397805212620035,27,1133403,100.0,25.0,1
1d146340-fae4-4aa5-9554-1a878ab67f7f,001692,sub-AD2/sub-AD2_ses-240417_ophys.nwb,63,106,3045,4.365853658536586,18,14.963712076145148,41,22005021206,3240.0,25.0,1
1d14f0bc-ee95-4670-b243-94aa96e0bc5b,001169,sub-L001/sub-L001_ses-RWTautowait2-20221019-102849.nwb,32,117,3004,5.481481481481482,31,46.397805212620035,27,917325,80.0,25.0,1
1d1a2418-583d-4d09-a6f4-39572d0f5e5f,001550,sub-P078/sub-P078_ses-TaskSwitch4-161023a.nwb,35,112,2625,4.709677419354839,38,47.36732570239335,31,966132,60.0,25.0,1
1d1a9068-bdfe-4988-9413-e9255cd061b5,000728,sub-603701499/sub-603701499_ses-623587006-StimA_behavior+image+ophys.nwb,47,84,1733,3.5121951219512195,13,7.61570493753718,41,623295610,520.0,25.0,1
1d1ca3b8-cb54-4657-b9bf-794f81b8b9af,000351,sub-HJ-FP-datHT-stGtACR-M7/sub-HJ-FP-datHT-stGtACR-M7_ses-Day13.nwb,25,49,554,3.3181818181818183,13,9.489669421487603,22,18752568,480.0,60.0,0
1d27587f-18e0-495f-bae3-ff53e078955f,001634,sub-Frodo/sub-Frodo_ses-5_obj-1rhvxsn_ecephys.nwb,252,78,23436,3.139130434782609,36,25.389338374291118,115,1025728,80.0,25.0,1
1d377593-51d4-4684-86d1-dc455c2434e5,000467,sub-ant1-m4-d26-y2022/sub-ant1-m4-d26-y2022_ses-m4-d26-y2022-ant1-0-48x-6-methyl-5-hepten-2-one-40-t143-z140um_ophys.nwb,22,48,624,4.176470588235294,13,14.615916955017303,17,84086336,660.0,160.0,0
1d3c9964-1101-4e46-a1c7-ad7abc8c1e85,001205,sub-13092894705007538170/sub-13092894705007538170_ses-20220710T223651_ophys.nwb,27,41,539,4.0588235294117645,13,14.878892733564015,17,316927799,280.0,25.0,1
1d3ce4a5-6502-43af-858c-474f4ab4325e,000020,sub-693264805/sub-693264805_ses-694847649_icephys.nwb,103,385,25900,5.44,36,28.506400000000014,100,13826252,18660.0,400.0,0
1d454637-688f-410e-9e33-e952d9914eb5,000773,sub-ant1-m1-d20-y2023/sub-ant1-m1-d20-y2023_ses-m1-d20-y2023-ant1-0-48x-4-methyl-3-heptanol-40-t131-z65um_ophys.nwb,22,48,624,4.176470588235294,13,14.615916955017303,17,84086336,620.0,160.0,0
1d462a10-9ef8-4d2f-9a95-79adf4b64233,000707,sub-Temp-pref-F26-B18-5dpf-05-unsorted-nac/sub-Temp-pref-F26-B18-5dpf-05-unsorted-nac_ses-20231017T151900_behavior.nwb,33,53,613,3.0357142857142856,13,8.391581632653063,28,8340591,200.0,25.0,1
1d465e63-0ab2-4fce-b5c7-b1e213979ecb,001634,sub-Frodo/sub-Frodo_ses-2_obj-198i9vz_behavior+ecephys.nwb,261,74,23853,3.0,38,24.24590163934426,122,3061584,100.0,25.0,1
1d4e8046-f112-4c27-b2f7-11204250f878,001169,sub-C015/sub-C015_ses-RWTautowait2-20200106-094448.nwb,32,115,2844,5.407407407407407,29,42.7599451303155,27,860345,1480.0,160.0,0
1d53e01c-cda7-483a-914c-279b85193061,000728,sub-558007145/sub-558007145_ses-569792817-StimA_ophys.nwb,23,48,605,4.055555555555555,13,13.163580246913579,18,43010075717,16820.0,25.0,1
1d559e84-eeee-4db9-ade7-1cb4df3cb2b1,001683,sub-BH648/sub-BH648_ses-20250213T162147_ecephys.nwb,28,52,725,4.2105263157894735,13,17.534626038781166,19,626590696,320.0,25.0,1
1d6122a1-dd90-43b2-85cd-2bd716143f36,000946,sub-BH537/sub-BH537_ses-20240109T140700_ecephys.nwb,28,50,690,4.333333333333333,14,17.0,18,1602312,120.0,80.0,0
1d618ee0-cab8-41b7-98c9-65fbdc1baddb,000773,sub-ant5-m1-d11-y2023/sub-ant5-m1-d11-y2023_ses-m1-d11-y2023-ant5-0-03x-4-methyl-3-heptanone-40-t223-z25um_ophys.nwb,22,48,624,4.176470588235294,13,14.615916955017303,17,84086336,640.0,160.0,0
1d65be88-8bb7-4cfc-823f-a68bbd3b6e1c,001611,sub-25273/sub-25273_ses-20250428T143556_ecephys.nwb,25,52,649,4.105263157894737,13,13.988919667590027,19,15999440,80.0,25.0,1
1d66b5cb-865d-40e7-8099-38dc9f4ec855,000773,sub-ant1-m1-d20-y2023/sub-ant1-m1-d20-y2023_ses-m1-d20-y2023-ant1-0-48x-ethanol-40-t144-z115um_ophys.nwb,22,48,624,4.176470588235294,13,14.615916955017303,17,84086336,620.0,160.0,0
1d6aa724-d56a-4753-9c9f-1f0e78281b09,000467,sub-ant3-m4-d26-y2022/sub-ant3-m4-d26-y2022_ses-m4-d26-y2022-ant3-0-48x-4-methyl-3-heptanone-40-t220-z90um_ophys.nwb,22,48,624,4.176470588235294,13,14.615916955017303,17,84086336,560.0,140.0,0
1d70280a-fc02-4cbc-a79d-b4470073f8df,000773,sub-ant3-m1-d10-y2023/sub-ant3-m1-d10-y2023_ses-m1-d10-y2023-ant3-0-48x-3-hexanone-40-t139-z60um_ophys.nwb,22,48,624,4.176470588235294,13,14.615916955017303,17,84086336,660.0,180.0,0
1d75de12-a1ea-46ff-a9ad-0045113b1fba,000959,sub-L/sub-L_ses-20190924_obj-q9d67h_behavior.nwb,41,275,26986,8.513513513513514,16,33.330898466033595,37,17641520,320.0,60.0,0
1d7687e2-a853-4b01-a0de-d5ee6569bce0,000467,sub-ant1-m10-d6-y2022/sub-ant1-m10-d6-y2022_ses-m10-d6-y2022-ant1-0-48x-ethylpyrazine-40-t136-z145um_ophys.nwb,22,48,624,4.176470588235294,13,14.615916955017303,17,84086336,700.0,180.0,0
1d810973-6014-4ff9-9cd7-46c0c9d45944,000773,sub-ant1-m2-d24-y2023/sub-ant1-m2-d24-y2023_ses-m2-d24-y2023-ant1-0-48x-isopropanol-40-t123-z80um_ophys.nwb,22,48,624,4.176470588235294,13,14.615916955017303,17,84086336,620.0,160.0,0
1d88e084-17cf-4f06-b424-05500b79aebf,000246,sub-phpV14-03-H5/sub-phpV14-03-H5_ses-20241118_obj-1ndflf7_ophys.nwb,33,46,581,3.5217391304347827,13,12.162570888468805,23,12760256,80.0,25.0,1
1d8c90e7-1101-4800-88b5-d4a6680ff313,000467,sub-ant3-m4-d27-y2022/sub-ant3-m4-d27-y2022_ses-m4-d27-y2022-ant3-0-0075x-4-methyl-3-hexanol-40-t132-z135um_ophys.nwb,22,48,624,4.176470588235294,13,14.615916955017303,17,84086336,480.0,120.0,0
1d91a0c7-aee4-4c48-899e-295434beba69,001550,sub-P127/sub-P127_ses-TaskSwitch4-181027a.nwb,35,112,2625,4.709677419354839,38,47.36732570239335,31,1379197,60.0,25.0,1
1d949d4c-fe53-4eca-b599-1d0a53f1e722,001169,sub-S023/sub-S023_ses-RWTautowait2-20211129-101255.nwb,32,117,3004,5.481481481481482,31,46.397805212620035,27,1023316,60.0,25.0,1
1d94d894-0f16-42ac-adfc-2140b8c64677,001550,sub-P135/sub-P135_ses-TaskSwitch4-190228a.nwb,35,112,2625,4.709677419354839,38,47.36732570239335,31,1311690,60.0,25.0,1
1da2a4d8-f1fd-4cfe-968f-be50f43dec64,000467,sub-ant4-m4-d26-y2022/sub-ant4-m4-d26-y2022_ses-m4-d26-y2022-ant4-0-03x-6-methyl-5-hepten-2-one-40-t238-z25um_ophys.nwb,22,48,624,4.176470588235294,13,14.615916955017303,17,84086336,500.0,140.0,0
1daacb93-ecf6-4ffa-9da6-c6c801f2d9b2,000336,sub-621603/sub-621603_ses-1196185776-acq-1196255529-raw-movies_ophys.nwb,69,394,47144,7.3125,30,54.24609375,64,22289260212,1560.0,25.0,1
1daf99bf-e399-48ad-9704-5365870f0702,001515,sub-CHO-20230508-c3/sub-CHO-20230508-c3_obj-6hcs1l_image.nwb,17,38,431,4.153846153846154,13,13.668639053254442,13,26053076,80.0,25.0,1
1db17759-31b8-4aad-9fd0-ac608af8380b,000008,sub-mouse-PYCYR/sub-mouse-PYCYR_ses-20180718-sample-2_slice-20180718-slice-2_cell-20180718-sample-2_icephys.nwb,181,538,87573,4.96045197740113,80,65.58600657537744,177,9292294,15940.0,440.0,0
1db7ea6b-c663-4331-a61d-a7cefd511e88,000711,sub-467302/sub-467302_ses-20190916T091554_image.nwb,50,156,5473,4.478260869565218,24,34.72778827977316,46,196075434,360.0,60.0,0
1dbd67c4-fd00-407f-90a2-6e4a10e2b5d4,000336,sub-634402/sub-634402_ses-1202621185-acq-1203058431_ophys.nwb,65,254,14137,5.491525423728813,30,42.86009767308244,59,120578036,1340.0,25.0,1
1dbf452d-f1d2-486a-b963-1b5a8afcc410,001169,sub-M046/sub-M046_ses-RWTautowait2-20230227-094332.nwb,32,117,3057,5.481481481481482,32,48.397805212620035,27,1079572,140.0,25.0,1
1dd338ea-77c8-4691-a648-b3ef96b10f88,000020,sub-656436840/sub-656436840_ses-656859134_icephys.nwb,215,867,170130,5.839622641509434,78,66.70069419722321,212,49849369,40300.0,420.0,0
1dd56c8c-3c7d-4a10-9562-27206e45ac08,001517,sub-CHO-20250228-c11/sub-CHO-20250228-c11_obj-4y6uf2_image.nwb,17,38,431,4.153846153846154,13,13.668639053254442,13,34147500,80.0,25.0,1
1dd6672d-b9c0-44d1-801d-33cd2fe9b3c7,000467,sub-ant2-m4-d27-y2022/sub-ant2-m4-d27-y2022_ses-m4-d27-y2022-ant2-0-12x-4-methyl-3-hexanol-40-t184-z55um_ophys.nwb,22,48,624,4.176470588235294,13,14.615916955017303,17,84086336,500.0,120.0,0
1de889c9-e742-43d1-b159-12f0d04cd66e,000971,sub-343-483/sub-343-483_ses-Opto-DMS-Inhibitory-NpHRScrambled-2021-10-29T13-55-01_ogen.nwb,30,56,729,3.3461538461538463,14,13.84171597633136,26,246728,60.0,25.0,1
1e166f2d-8869-4742-b153-b3eb6774d718,000766,sub-Calcacre/sub-Calcacre_ses-20210401T153000_obj-t260d7.nwb,17,35,401,3.923076923076923,13,13.609467455621298,13,192088,100.0,60.0,0
1e19f169-8ff3-4a0b-835f-c7d473b69a2f,000713,sub-576324/sub-576324_ses-None_probe-1118438794_ecephys.nwb,36,62,1087,3.3,14,12.343333333333334,30,4040622832,3100.0,240.0,0
1e25202c-fef4-4801-a71f-58a97aa4cde9,000246,sub-phpV14-3/sub-phpV14-3_ses-20230914_obj-16p0k4l_ophys.nwb,33,46,581,3.5217391304347827,13,12.162570888468805,23,5232599856,2160.0,25.0,1
1e26f0ed-caf7-4e3f-ae3d-e4f94effbb29,001169,sub-M043/sub-M043_ses-RWTautowait2-20220707-153719.nwb,32,116,2974,5.444444444444445,31,46.46913580246915,27,1585440,100.0,25.0,1
1e2a8338-0bd3-4f59-bcad-6336c4374930,001169,sub-G089/sub-G089_ses-RWTautowait2-20230130-155255.nwb,32,118,3087,5.518518518518518,32,48.32373113854595,27,1466383,100.0,25.0,1
1e2b3c44-d69f-4447-a967-9c2cffc3f4b8,000467,sub-ant2-m4-d20-y2022/sub-ant2-m4-d20-y2022_ses-m4-d20-y2022-ant2-0-03x-4-methyl-3-heptanone-40-t134-z40um_ophys.nwb,22,48,624,4.176470588235294,13,14.615916955017303,17,84086336,680.0,180.0,0
1e2e714b-c8e2-4b64-8ad1-332fbc20d339,001169,sub-G040/sub-G040_ses-RWTautowait2-20210701-121328.nwb,32,117,3004,5.481481481481482,31,46.397805212620035,27,1415631,80.0,25.0,1
1e329961-4b6b-4af5-9067-d927d994af45,001550,sub-P101/sub-P101_ses-TaskSwitch4-180221a.nwb,35,112,2625,4.709677419354839,38,47.36732570239335,31,715860,25.0,25.0,1
1e3a1457-4207-4680-85d8-fa31d3dce1a0,001611,sub-29641/sub-29641_ses-20250331T145126_ecephys.nwb,25,52,649,4.105263157894737,13,13.988919667590027,19,13328556,100.0,25.0,1
1e3a60a9-b80d-4adc-a2b9-e6fc891b95ce,001634,sub-Frodo/sub-Frodo_ses-5_obj-1jis9bt_ecephys.nwb,252,72,23379,3.0869565217391304,36,24.670699432892246,115,911208,80.0,25.0,1
1e43e07d-e8a2-4a6b-a439-e17fa2169415,001634,sub-Frodo/sub-Frodo_ses-5_obj-1lmhn6j_ecephys.nwb,256,79,23510,3.0756302521008405,36,24.08671703975707,119,7570904,80.0,25.0,1
1e4851e1-1404-447b-9f5c-f346ec0b1a2d,001836,sub-eliot/sub-eliot_ses-eliot-20221019_obj-cq3c3m.nwb,67,69,1602,3.0925925925925926,33,29.158093278463646,54,2359960,25.0,25.0,1
1e4fc599-9e8e-45b0-9361-a75e800f1362,001169,sub-J057/sub-J057_ses-RWTautowait2-20221214-114430.nwb,32,117,3004,5.481481481481482,31,46.397805212620035,27,1250444,60.0,25.0,1
1e5d7c8a-9fc2-477e-8c93-11fc6a1ab2f6,001550,sub-P150/sub-P150_ses-TaskSwitch4-200110a.nwb,35,112,2625,4.709677419354839,38,47.36732570239335,31,1814530,80.0,25.0,1
1e5eab2e-d9f6-4101-bac1-8dff2f9156df,001281,sub-150630/sub-150630_ses-1506301og-1-4-2_icephys.nwb,62,224,11912,5.719298245614035,20,13.394890735610957,57,14988104,5200.0,160.0,0
1e600035-9cb4-4802-b1db-815ccb4baad2,001552,sub-JF-VR-FP-F8/sub-JF-VR-FP-F8_ses-Day14.nwb,20,42,448,3.8125,13,11.40234375,16,1753057,60.0,25.0,1
1e657bae-ba0e-4f8b-9d44-c0174cff9207,001611,sub-26271/sub-26271_ses-20250401T194127_ecephys.nwb,25,52,649,4.105263157894737,13,13.988919667590027,19,16309556,160.0,25.0,1
1e69a2d3-4739-4e43-8d40-c1f5541326af,000971,sub-281-402/sub-281-402_ses-Opto-DMS-Excitatory-ChR2-2020-10-05T11-05-58_behavior+ogen.nwb,30,56,731,3.3461538461538463,14,13.687869822485206,26,254017,60.0,60.0,0
1e6c85ea-878c-4f0c-868f-6c61608d77cf,001777,sub-5110/sub-5110_ses-20201020T123852_icephys.nwb,81,222,18216,4.7894736842105265,61,44.745152354570656,76,29655560,660.0,25.0,1
1e6d0e84-620f-43f9-b13a-9ba0ecf32a1e,000889,sub-la-replay-02-6dpf-0118-nac-het-#2024-1-18/sub-la-replay-02-6dpf-0118-nac-het-#2024-1-18_ses-20240118T172200_behavior.nwb,30,48,515,2.8518518518518516,13,8.718792866941017,27,34175446,220.0,25.0,1
1e6dbbe4-9834-46e5-a671-5040f561b687,000773,sub-ant2-m1-d11-y2023/sub-ant2-m1-d11-y2023_ses-m1-d11-y2023-ant2-0-03x-propionic-acid-40-t165-z60um_ophys.nwb,22,48,624,4.176470588235294,13,14.615916955017303,17,84086336,660.0,180.0,0
1e707aa5-df70-4611-9785-ef929a749761,001169,sub-S019/sub-S019_ses-RWTautowait2-20210519-115112.nwb,32,116,2974,5.444444444444445,31,46.46913580246915,27,1273534,60.0,25.0,1
1e721b67-03c4-4fed-90e4-09c83e8b5933,001169,sub-J001/sub-J001_ses-RWTautowait2-20200918-144105.nwb,32,117,3004,5.481481481481482,31,46.397805212620035,27,1302065,80.0,25.0,1
1e726303-26eb-4e3c-b247-4b7749fdadd7,000020,sub-746220091/sub-746220091_ses-753677836_icephys.nwb,208,855,154866,5.897560975609756,73,61.80901844140396,205,31986204,34820.0,380.0,0
1e77f4aa-96b5-4ffb-8daa-1c1885ba1ca6,000631,"sub-600ns-4kV-0,8MHz-UP-10-5-21-BPAE-06/sub-600ns-4kV-0,8MHz-UP-10-5-21-BPAE-06_ses-600ns-4kV-0-8MHz single pulse trains_image.nwb",17,36,413,4.0,13,13.692307692307692,13,1937377133,1180.0,60.0,0
1e7b1830-7297-4353-9b2a-9373a78373be,001550,sub-P116/sub-P116_ses-TaskSwitch4-170830a.nwb,35,112,2625,4.709677419354839,38,47.36732570239335,31,1426969,60.0,25.0,1
1e7f00c2-ac1c-48f4-a9dc-554ecdd5597f,001832,sub-m26211001/sub-m26211001_ses-20260211T132137_icephys.nwb,37,103,2273,4.545454545454546,13,9.338842975206612,33,2647152,160.0,25.0,1
1e85d973-b08e-4de2-a436-694cc2eccea0,001634,sub-Bilbo/sub-Bilbo_ses-5_obj-c3qk8c_behavior+ecephys.nwb,256,70,23376,3.0,36,23.798319327731093,119,2214120,60.0,25.0,1
1e87032e-64e2-418a-8389-06082bb97c1c,000467,sub-ant1-m4-d26-y2022/sub-ant1-m4-d26-y2022_ses-m4-d26-y2022-ant1-0-03x-4-methyl-3-heptanone-40-t134-z160um_ophys.nwb,22,48,624,4.176470588235294,13,14.615916955017303,17,84086336,660.0,160.0,0
1e8c6e5f-4d73-4f2c-b304-b12ab20b6c04,001169,sub-J069/sub-J069_ses-RWTautowait2-20230626-094609.nwb,32,118,3087,5.518518518518518,32,48.32373113854595,27,1274393,100.0,25.0,1
1e9309c5-c8c7-4ee0-9dbe-4b7b777a89c5,000971,sub-260-478/sub-260-478_ses-Opto-DMS-Inhibitory-NpHRScrambled-2021-11-08T12-21-23_behavior+ogen.nwb,31,57,739,3.2962962962962963,14,13.393689986282581,27,250752,80.0,60.0,0
1e9727b4-fb83-4d70-a0a5-a5bca543e432,001169,sub-C035/sub-C035_ses-RWTautowait2-20200109-114027.nwb,32,115,2844,5.407407407407407,29,42.7599451303155,27,1581916,1940.0,180.0,0
1e9c6d0d-4346-4463-9d1b-5e2b4d40226f,001550,sub-P127/sub-P127_ses-TaskSwitch4-171101a.nwb,35,112,2625,4.709677419354839,38,47.36732570239335,31,1216406,60.0,25.0,1
1ea5212a-d511-46b2-9cda-7befbc1c8b5c,000773,sub-ant4-m1-d10-y2023/sub-ant4-m1-d10-y2023_ses-m1-d10-y2023-ant4-0-48x-4-methyl-3-heptanone-40-t158-z40um_ophys.nwb,22,48,624,4.176470588235294,13,14.615916955017303,17,84086336,660.0,160.0,0
1ea7670c-6167-4de0-b90e-bbdd63efef15,000467,sub-ant4-m4-d20-y2022/sub-ant4-m4-d20-y2022_ses-m4-d20-y2022-ant4-0-03x-6-methyl-5-hepten-2-one-40-t207-z5um_ophys.nwb,22,48,624,4.176470588235294,13,14.615916955017303,17,84086336,680.0,180.0,0
1ea8349e-3126-43a9-86b0-c4b5d3b3d672,000952,sub-161/sub-161_ses-20200923.nwb,18,33,385,3.5714285714285716,13,12.959183673469388,14,523524188,320.0,25.0,1
1eaa94d0-ed92-4f01-9115-180039e1acc0,000711,sub-467953/sub-467953_ses-20190807T132514_image.nwb,48,116,2469,3.727272727272727,23,24.743801652892568,44,188652518,240.0,25.0,1
1eaad775-98fb-4575-b023-a3b1f129a534,000467,sub-ant2-m4-d20-y2022/sub-ant2-m4-d20-y2022_ses-m4-d20-y2022-ant2-0-12x-4-methyl-3-heptanone-40-t155-z80um_ophys.nwb,22,48,624,4.176470588235294,13,14.615916955017303,17,84086336,680.0,180.0,0
1eae7805-1121-4557-b87e-113b28bbef10,001836,sub-julio/sub-julio_ses-julio-20230806_obj-13v12cf_behavior.nwb,108,76,1751,2.6,65,49.06105263157894,95,4859656,80.0,25.0,1
1eb07576-5c15-43c7-9345-66b608d3fa52,000773,sub-ant4-m1-d10-y2023/sub-ant4-m1-d10-y2023_ses-m1-d10-y2023-ant4-0-48x-4-methyl-3-heptanol-40-t161-z150um_ophys.nwb,22,48,624,4.176470588235294,13,14.615916955017303,17,84086336,660.0,160.0,0
1eb2de75-ea31-43e7-90bc-099c17e082cf,001701,sub-Curie/sub-Curie_ses-Curie-DY03-g1_behavior+ecephys.nwb,35,64,850,3.4482758620689653,13,10.868014268727707,29,62016750,680.0,80.0,0
1eb771bd-1eee-4afa-b868-08c05ec53fc6,001550,sub-P130/sub-P130_ses-TaskSwitch4-171112a.nwb,35,112,2625,4.709677419354839,38,47.36732570239335,31,868809,40.0,25.0,1
1ec6a626-07ae-4f3c-8245-2ef1d01195e8,000711,sub-484408/sub-484408_ses-20191016T123145_image.nwb,48,119,2682,3.7954545454545454,26,27.571797520661153,44,68646570,220.0,25.0,1
1ecca780-9a40-4e53-8058-bc50dbdb1870,001455,sub-894285831/sub-894285831_ses-898485410_icephys.nwb,267,1486,575852,7.481060606060606,111,123.39358069329663,264,50968940,1380.0,25.0,1
1ed054e9-18e9-4099-b8b2-2092413ea260,000773,sub-ant2-m2-d24-y2023/sub-ant2-m2-d24-y2023_ses-m2-d24-y2023-ant2-0-48x-ethanol-40-t149-z155um_ophys.nwb,22,48,624,4.176470588235294,13,14.615916955017303,17,84086336,620.0,160.0,0
1ed3b843-c781-4288-91e1-f4b4351cb7a9,001361,sub-m3/sub-m3_ses-07_behavior+ophys.nwb,46,80,1970,3.119047619047619,13,8.200113378684808,42,760294340,1200.0,60.0,0
1ede0410-58b6-46a6-b42e-f7710a5ed30b,000773,sub-ant1-m1-d20-y2023/sub-ant1-m1-d20-y2023_ses-m1-d20-y2023-ant1-0-48x-isopropanol-40-t135-z115um_ophys.nwb,22,48,624,4.176470588235294,13,14.615916955017303,17,84086336,620.0,160.0,0
1ee33ca6-9c3e-4339-8678-15ab207a5610,000773,sub-ant4-m1-d18-y2023/sub-ant4-m1-d18-y2023_ses-m1-d18-y2023-ant4-0-48x-4-methyl-3-heptanone-40-t147-z135um_ophys.nwb,22,48,624,4.176470588235294,13,14.615916955017303,17,84086336,620.0,160.0,0
1ee40837-1b3c-4de4-9045-7b1e200c382d,001348,sub-1271976045/sub-1271976045_ses-1272072522_icephys.nwb,196,753,125789,5.61139896373057,67,54.880077317511876,193,58649798,1240.0,80.0,0
1ee91b02-f6c2-47d4-8fb1-e77a79f7e2bb,000773,sub-ant3-m1-d10-y2023/sub-ant3-m1-d10-y2023_ses-m1-d10-y2023-ant3-0-48x-isopropanol-40-t133-z135um_ophys.nwb,22,48,624,4.176470588235294,13,14.615916955017303,17,84086336,660.0,180.0,0
1eeaa3a7-757c-4c2e-b27a-0360cfb4bc6d,000467,sub-ant1-m10-d6-y2022/sub-ant1-m10-d6-y2022_ses-m10-d6-y2022-ant1-0-48x-isopropanol-40-t138-z45um_ophys.nwb,22,48,624,4.176470588235294,13,14.615916955017303,17,84086336,720.0,180.0,0
1eecfaaf-f2d9-4574-b2e9-8a00cf17af05,001611,sub-26296/sub-26296_ses-20250305T220902_ecephys.nwb,25,52,649,4.105263157894737,13,13.988919667590027,19,25008816,100.0,25.0,1
1ef016aa-0fe3-44af-b2c3-fa1d5bd5cf1d,000773,sub-ant4-m1-d11-y2023/sub-ant4-m1-d11-y2023_ses-m1-d11-y2023-ant4-0-03x-propionic-acid-40-t187-z140um_ophys.nwb,22,48,624,4.176470588235294,13,14.615916955017303,17,84086336,660.0,160.0,0
1efdceed-92e8-46c9-982d-d71aa50b15cd,000467,sub-ant1-m4-d27-y2022/sub-ant1-m4-d27-y2022_ses-m4-d27-y2022-ant1-0-0075x-4-methyl-3-heptanol-40-t133-z90um_ophys.nwb,22,48,624,4.176470588235294,13,14.615916955017303,17,84086336,480.0,140.0,0
1efe268e-8181-4afc-867c-3d86b1f0c574,000020,sub-868713220/sub-868713220_ses-874321329_icephys.nwb,283,1115,259105,5.671428571428572,95,84.36346938775509,280,63673117,50920.0,360.0,0
1f07010b-afc4-4e8f-9cbc-836edb517a40,000409,sub-ZFM-01592/sub-ZFM-01592_ses-746d1902-fa59-4cab-b0aa-013be36060d5_desc-processed_behavior+ecephys.nwb,87,263,16795,4.65,32,23.8275,80,2092582360,3120.0,80.0,0
1f0fa6b6-a102-44e7-b70b-ae5ab27ffe3a,000711,sub-544965/sub-544965_ses-20210120T095756_obj-1ak0doa_image+ophys.nwb,78,229,9548,4.342465753424658,24,25.896415837868265,73,232058344,400.0,25.0,1
1f1a3153-07d3-4334-a683-e602a78b9a6a,000569,sub-1256313642/sub-1256313642_ses-1257787146_icephys.nwb,181,698,110924,5.668539325842697,65,53.44631359676809,178,45649794,11940.0,220.0,0
1f1a3a55-1229-4ba5-8a18-2e44f78f0699,000467,sub-ant2-m4-d26-y2022/sub-ant2-m4-d26-y2022_ses-m4-d26-y2022-ant2-0-03x-4-methyl-3-heptanone-40-t173-z0um_ophys.nwb,22,48,624,4.176470588235294,13,14.615916955017303,17,84086336,700.0,180.0,0
1f1b980e-a0f9-4d6f-bc1b-99f03f428905,000773,sub-ant5-m4-d6-y2023/sub-ant5-m4-d6-y2023_ses-m4-d6-y2023-ant5-0-48x-ethanol-40-t179-z160um_ophys.nwb,22,48,624,4.176470588235294,13,14.615916955017303,17,84086336,600.0,160.0,0
1f1ee494-3af0-4f44-8264-3f157d3e4354,000711,sub-482853/sub-482853_ses-20191101T145310_obj-v1n9ot_image+ophys.nwb,78,229,9548,4.342465753424658,24,25.896415837868265,73,250084869,640.0,25.0,1
1f21ed85-8abe-41ac-935d-11662aef8a1b,000336,sub-621602/sub-621602_ses-1193555033-acq-1193675759_ophys.nwb,67,257,14389,5.409836065573771,30,42.01236226820747,61,219674409,1000.0,25.0,1
1f286a4f-dc4a-449a-9f78-874aad2c5e86,000773,sub-ant1-m1-d17-y2023/sub-ant1-m1-d17-y2023_ses-m1-d17-y2023-ant1-0-03x-isopropanol-40-t134-z60um_ophys.nwb,22,48,624,4.176470588235294,13,14.615916955017303,17,84086336,620.0,160.0,0
1f2b0f5d-9ab9-4521-b713-3d8836e963ec,001550,sub-P120/sub-P120_ses-TaskSwitch4-171012a.nwb,35,112,2625,4.709677419354839,38,47.36732570239335,31,1369926,80.0,25.0,1
1f354bb3-3ca9-4fe4-92fb-90da459354fc,001169,sub-G082/sub-G082_ses-RWTautowait2-20221020-141431.nwb,32,117,3004,5.481481481481482,31,46.397805212620035,27,950127,120.0,25.0,1
1f354d85-da23-441f-ae1e-84c48e028553,001169,sub-M037/sub-M037_ses-RWTautowait2-20210910-131534.nwb,32,116,2974,5.444444444444445,31,46.46913580246915,27,1155736,80.0,25.0,1
1f3579d1-d892-4348-9c71-37aadf659934,000713,sub-563326/sub-563326_ses-20210226T145714_image.nwb,48,118,2609,3.772727272727273,25,26.584710743801654,44,51478293,160.0,25.0,1
1f39cca3-750b-4c6e-9b99-2aabdf262f5f,001169,sub-J062/sub-J062_ses-RWTautowait2-20230413-120315.nwb,32,117,3004,5.481481481481482,31,46.397805212620035,27,1443074,80.0,25.0,1
1f3e8b0f-1331-4612-8bd1-b3e2a08d1d9b,001611,sub-29641/sub-29641_ses-20250322T052725_ecephys.nwb,25,52,649,4.105263157894737,13,13.988919667590027,19,21336104,80.0,25.0,1
1f4612b3-34b8-4c3e-a217-cbf1562f3d48,001550,sub-P167/sub-P167_ses-TaskSwitch4-190409a.nwb,35,112,2625,4.709677419354839,38,47.36732570239335,31,1250501,60.0,25.0,1
1f48d3a3-859a-4431-950f-2ac96964583a,001611,sub-26303/sub-26303_ses-20250320T034907_ecephys.nwb,25,52,649,4.105263157894737,13,13.988919667590027,19,18633680,100.0,25.0,1
1f5731f2-db1c-4f61-ba88-ad8d3e18eba3,001676,sub-A0662/sub-A0662_ses-20221024T091449_behavior+ophys.nwb,35,66,895,3.433333333333333,13,10.245555555555557,30,84315968,180.0,25.0,1
1f5f2594-a558-45c1-8122-20c5f978fc6b,001837,sub-G4-3/sub-G4-3_obj-1c899za_ecephys.nwb,22,45,579,3.9411764705882355,13,12.643598615916957,17,198444,25.0,25.0,1
1f60f629-9769-4169-84c9-cb15233f4405,001169,sub-S023/sub-S023_ses-RWTautowait2-20210727-155636.nwb,32,117,3004,5.481481481481482,31,46.397805212620035,27,1319771,80.0,25.0,1
1f6970a8-29d0-4379-8c3a-d317fbd4d1f0,000628,sub-Pa/sub-Pa_ses-20200120T144436_behavior.nwb,4863,14551,210656693,4.000206058108387,4838,4816.126313577981,4853,193314567,3460.0,120.0,0
1f6a2896-528a-4864-9942-76d5826dd835,000971,sub-Male-DMS-DAT-DAT-IRES-Cre-het/sub-Male-DMS-DAT-DAT-IRES-Cre-het_ses-20220207T000000.nwb,21,44,567,3.764705882352941,13,13.591695501730104,17,226572,80.0,60.0,0
1f7175d5-18b8-4e0d-b251-eafbf28aeb08,000351,sub-HJ-FP-M6/sub-HJ-FP-M6_ses-Day47-extinction.nwb,25,49,554,3.3181818181818183,13,9.489669421487603,22,17738072,220.0,60.0,0
1f73c217-7e63-4667-abd5-8e6b3717a601,000617,sub-690567/sub-690567_ses-1309864499-acq-1309952303_ophys.nwb,71,219,7554,4.484848484848484,17,19.795224977043166,66,645381703,960.0,25.0,1
1f76d357-5419-49af-85ea-af396929e248,001474,sub-MPK181/sub-MPK181_ses-20240910T120000.nwb,21,45,466,3.823529411764706,13,11.321799307958477,17,11292408,120.0,25.0,1
1f783ed1-19b1-4846-b89a-c595e0c8761d,001550,sub-P007/sub-P007_ses-PBups-150509a.nwb,33,90,1470,4.206896551724138,18,17.405469678953622,29,720543,100.0,25.0,1
1f7feb74-db2e-4936-b7cb-1ea66ea8c068,000631,sub-600ns-5kV-1HzUP-7-31-21-BPAE-18/sub-600ns-5kV-1HzUP-7-31-21-BPAE-18_ses-600ns-5kV-1Hz single pulse trains_image.nwb,17,36,413,4.0,13,13.692307692307692,13,1045946044,1060.0,60.0,0
1f80073c-d9b9-4289-aba0-938c0711dca5,000535,sub-465226/sub-465226_ses-20190625T201821_behavior+ophys.nwb,32,49,593,3.1538461538461537,13,9.89940828402367,26,90883636,460.0,100.0,0
1f88cebb-c4b4-4f3b-8f1d-a49590480a0f,000713,sub-577287/sub-577287_ses-None_probe-1124399243_ecephys.nwb,36,62,1087,3.3,14,12.343333333333334,30,3687752612,3140.0,240.0,0
1f8de369-e896-417d-8f79-983f9c65b2f0,001517,sub-CHO-20250228-c3/sub-CHO-20250228-c3_obj-1xavvjo_image.nwb,17,38,431,4.153846153846154,13,13.668639053254442,13,34332308,100.0,25.0,1
1f909244-6733-4962-a875-924e341fe322,001169,sub-S045/sub-S045_ses-RWTautowait2-20230124-102538.nwb,32,117,3004,5.481481481481482,31,46.397805212620035,27,1215914,80.0,25.0,1
1f9506fe-7590-4b69-ade6-31ac1361d48c,000617,sub-677038/sub-677038_ses-1282925933-acq-1283044671-raw-movies_ophys.nwb,60,167,5466,4.277777777777778,17,22.12654320987654,54,21160999755,8340.0,25.0,1
1f983e20-4309-4206-9f0a-4df9b9af7355,000617,sub-683238/sub-683238_ses-1290764951-acq-1290925546-raw-movies_ophys.nwb,60,167,5466,4.277777777777778,17,22.12654320987654,54,21079647393,8300.0,25.0,1
1f9ab9b7-03c3-4e86-b4b2-c51ef270cc1d,000467,sub-ant2-m4-d21-y2022/sub-ant2-m4-d21-y2022_ses-m4-d21-y2022-ant2-0-48x-4-methyl-3-heptanone-40-t180-z160um_ophys.nwb,22,48,624,4.176470588235294,13,14.615916955017303,17,84086336,660.0,160.0,0
1f9e55b6-04b7-4a57-9b29-98743bfd61e3,001550,sub-P078/sub-P078_ses-TaskSwitch4-170611a.nwb,35,112,2625,4.709677419354839,38,47.36732570239335,31,1104589,80.0,25.0,1
1fa2527d-cacd-423b-90b4-a589d1e96e05,000467,sub-ant5-m4-d26-y2022/sub-ant5-m4-d26-y2022_ses-m4-d26-y2022-ant5-0-03x-4-methyl-3-heptanol-40-t282-z95um_ophys.nwb,22,48,624,4.176470588235294,13,14.615916955017303,17,84086336,520.0,140.0,0
1fb6600f-ff72-4252-b8b3-20ff807464bd,001169,sub-M011/sub-M011_ses-RWTautowait2-20200108-133149.nwb,32,115,2844,5.407407407407407,29,42.7599451303155,27,1293038,1600.0,160.0,0
1fbb1bcf-2503-4b51-be01-e10e335898b4,000467,sub-ant3-m2-d10-y2023/sub-ant3-m2-d10-y2023_ses-m2-d10-y2023-ant3-1x-paraffin-oil-40-t122-z65um_ophys.nwb,22,48,624,4.176470588235294,13,14.615916955017303,17,84086336,660.0,180.0,0
1fc0a9f7-4c3e-49d7-b913-c90c3b7c0eca,000363,sub-480133/sub-480133_ses-20201224T122322_behavior+ecephys.nwb,50,160,3947,4.930232558139535,43,50.43699296917252,43,243949139838,75780.0,340.0,0
1fc7c4ac-92a5-46a7-8cdb-ae3ac470a547,001205,sub-10284146420429186715/sub-10284146420429186715_ses-20220707T191702_ophys.nwb,27,41,539,4.0588235294117645,13,14.878892733564015,17,367460126,440.0,25.0,1
1fc85c4c-7b30-47a0-9f1e-11fc387a535c,000467,sub-ant2-m4-d21-y2022/sub-ant2-m4-d21-y2022_ses-m4-d21-y2022-ant2-0-12x-4-methyl-3-hexanol-40-t167-z55um_ophys.nwb,22,48,624,4.176470588235294,13,14.615916955017303,17,84086336,660.0,160.0,0
1fcb6b1a-72a4-4134-a9ba-d38ace02d06b,001169,sub-L010/sub-L010_ses-RWTautowait2-20220823-103349.nwb,32,117,3004,5.481481481481482,31,46.397805212620035,27,883597,60.0,25.0,1
1fcca5be-efbb-46fc-83ab-9648831e1db9,001474,sub-MPK144/sub-MPK144_ses-20240318T120000.nwb,21,45,466,3.823529411764706,13,11.321799307958477,17,7540456,120.0,25.0,1
1fd72657-8a88-4d78-b135-266bb7fbeac5,001636,sub-Venus/sub-Venus_ses-Venus++v3108++PreMPTP++Depth18300um++19990629_behavior+ecephys.nwb,58,184,6609,5.444444444444445,19,29.002469135802468,45,11570409,900.0,120.0,0
1fdce866-c263-4dd2-a0e1-800ab7705879,001748,sub-1404831086/sub-1404831086_ses-1410123885_icephys.nwb,286,1167,354923,5.939929328621908,114,92.25434204447554,283,69251128,1440.0,25.0,1
1fe1eb7c-c3c1-4cf8-a865-8bee35b053cb,001169,sub-L013/sub-L013_ses-RWTautowait2-20220915-112457.nwb,32,117,3004,5.481481481481482,31,46.397805212620035,27,805480,60.0,25.0,1
1fe79f61-396c-42e1-bf89-05ed10bbc3c8,000688,sub-C/sub-C_ses-CO-20150706_behavior+ecephys.nwb,31,69,793,3.8461538461538463,13,14.053254437869821,26,69291724,7400.0,1240.0,0
1ff35427-7c4b-4645-899e-d4486a4517af,000773,sub-ant2-m1-d17-y2023/sub-ant2-m1-d17-y2023_ses-m1-d17-y2023-ant2-0-03x-4-methyl-3-heptanone-40-t165-z70um_ophys.nwb,22,48,624,4.176470588235294,13,14.615916955017303,17,84086336,640.0,160.0,0
1ffe93a1-f400-44fe-98c0-214c803a8b2a,001607,sub-Frodo/sub-Frodo_ses-5_obj-1dy71fi_ecephys.nwb,252,72,23379,3.0869565217391304,36,24.670699432892246,115,1012416,60.0,25.0,1
200836bf-3d31-49ad-b5ec-5c36014923d5,001550,sub-P123/sub-P123_ses-TaskSwitch4-181002a.nwb,35,112,2625,4.709677419354839,38,47.36732570239335,31,976733,80.0,25.0,1
200ba603-9ee2-4379-86ae-30326454dac5,000467,sub-ant1-m4-d27-y2022/sub-ant1-m4-d27-y2022_ses-m4-d27-y2022-ant1-0-12x-6-methyl-5-hepten-2-one-40-t141-z90um_ophys.nwb,22,48,624,4.176470588235294,13,14.615916955017303,17,84086336,500.0,120.0,0
200d69a3-8cab-4765-b5db-939a4f7259fe,000773,sub-ant3-m2-d24-y2023/sub-ant3-m2-d24-y2023_ses-m2-d24-y2023-ant3-0-48x-4-methyl-3-heptanone-40-t180-z0um_ophys.nwb,22,48,624,4.176470588235294,13,14.615916955017303,17,84086336,620.0,160.0,0
200d744d-6ace-4645-84dd-16524f018f32,000711,sub-485152/sub-485152_ses-20191203T114746_obj-g6x00f_image+ophys.nwb,78,229,9548,4.342465753424658,24,25.896415837868265,73,486441831,560.0,25.0,1
200e10a9-95a3-468b-9303-162acdc1204f,000711,sub-453913/sub-453913_ses-20190517T082433_image.nwb,50,156,5473,4.478260869565218,24,34.72778827977316,46,196132083,440.0,25.0,1
2019fa70-1368-419b-97f6-f9b8a57e0cd6,000940,sub-2/sub-2_ecephys+image.nwb,112,104,4534,4.0,42,60.0625,64,202384120,380.0,60.0,0
2021ec9c-c072-42ac-b282-7ce4d0aedc4f,000020,sub-790588075/sub-790588075_ses-795844058_icephys.nwb,240,1017,234492,6.071729957805907,91,80.51384215492533,237,64129184,47360.0,380.0,0
202c9386-e809-4761-9e89-69cd7714ad18,001836,sub-lewis/sub-lewis_ses-lewis-20240106_obj-e05d8v.nwb,99,69,1602,2.686046511627907,65,53.93631692806921,86,49178080,100.0,25.0,1
202c9940-6fd1-4307-bfd9-023ce802eafe,001550,sub-P123/sub-P123_ses-TaskSwitch4-170830a.nwb,35,112,2625,4.709677419354839,38,47.36732570239335,31,1415908,60.0,25.0,1
202d82fc-64fd-43b5-9a46-81888f38686b,001550,sub-P131/sub-P131_ses-TaskSwitch6-190908a.nwb,33,112,2724,4.9655172413793105,40,54.44708680142688,29,1431056,80.0,25.0,1
202d9041-b74b-46ce-9ec6-6fdbc54f8520,000351,sub-HJ-FP-F1/sub-HJ-FP-F1_ses-Day22.nwb,25,49,554,3.3181818181818183,13,9.489669421487603,22,21862248,300.0,60.0,0
202e52fe-5fca-4bd7-8869-fa9e3b603043,000773,sub-ant5-m1-d11-y2023/sub-ant5-m1-d11-y2023_ses-m1-d11-y2023-ant5-0-03x-4-methyl-3-heptanol-40-t218-z90um_ophys.nwb,22,48,624,4.176470588235294,13,14.615916955017303,17,84086336,620.0,160.0,0
20335c48-ec4b-421f-b336-ad5622054f16,000467,sub-ant1-m10-d6-y2022/sub-ant1-m10-d6-y2022_ses-m10-d6-y2022-ant1-0-48x-ethanol-40-t137-z115um_ophys.nwb,22,48,624,4.176470588235294,13,14.615916955017303,17,84086336,720.0,180.0,0
2038fa41-ddac-4cec-8687-ccdd157eb793,000336,sub-631188/sub-631188_ses-1208665817-acq-1208903801_ophys.nwb,67,257,14389,5.409836065573771,30,42.01236226820747,61,96983039,700.0,25.0,1
2042ec5c-9065-436a-9a9d-eb718ebf8ee6,000020,sub-643830358/sub-643830358_ses-645016075_icephys.nwb,92,340,19272,5.370786516853933,36,26.952404999368767,89,14219898,18720.0,440.0,0
2043e784-6b1f-416a-b334-b1ecf3b63a95,001333,sub-parkinson-simulated-lfp/sub-parkinson-simulated-lfp_ses-339_ecephys.nwb,27,44,543,3.3636363636363638,13,11.59504132231405,22,822640,100.0,60.0,0
2049bc82-9046-41f8-8e96-1879d5a4c26e,000678,sub-BW041/sub-BW041_ses-20210913T130516.nwb,29,69,911,4.041666666666667,19,20.45659722222222,24,19500304,400.0,60.0,0
204b3845-b11e-4dc9-8b86-f1b922842dd1,001169,sub-L004/sub-L004_ses-RWTautowait2-20220223-141215.nwb,32,117,3004,5.481481481481482,31,46.397805212620035,27,803422,60.0,25.0,1
20579941-c421-4c26-979f-cc72b7eca74e,000728,sub-501228870/sub-501228870_ses-505696248-StimB_behavior+image+ophys.nwb,53,208,33579,5.808510638297872,118,280.5803531009506,47,535306485,1380.0,60.0,0
20589e7a-a343-41f5-990a-7ec4266d20e5,000773,sub-ant5-m1-d10-y2023/sub-ant5-m1-d10-y2023_ses-m1-d10-y2023-ant5-0-48x-propionic-acid-40-t180-z160um_ophys.nwb,22,48,624,4.176470588235294,13,14.615916955017303,17,84086336,640.0,160.0,0
2065ee36-fd5a-4154-84a9-0ab2465cd0ca,001603,sub-MO8/sub-MO8_ses-20250924T002130.nwb,18,37,423,3.857142857142857,13,13.551020408163264,14,29024008,160.0,60.0,0
206b5b8f-3f95-42f8-9941-ef94295cc2c0,000773,sub-ant5-m4-d6-y2023/sub-ant5-m4-d6-y2023_ses-m4-d6-y2023-ant5-0-48x-propionic-acid-40-t191-z75um_ophys.nwb,22,48,624,4.176470588235294,13,14.615916955017303,17,84086336,600.0,160.0,0
20718af7-0691-43ad-a11e-a5c155d2bd95,000020,sub-856672395/sub-856672395_ses-861736156_icephys.nwb,151,620,75432,5.885135135135135,50,44.72329254930606,148,20644706,25780.0,360.0,0
2071f5f2-db1e-491e-9637-13773aa7b413,000336,sub-635489/sub-635489_ses-1223167548-acq-1223332316-raw-movies_ophys.nwb,69,394,47144,7.3125,30,54.24609375,64,19738315020,2140.0,25.0,1
20721d9e-2f41-4ce2-bd76-b77ae137953f,001634,sub-Bilbo/sub-Bilbo_ses-5_obj-1qzeomx_ecephys.nwb,256,79,23510,3.0756302521008405,36,24.08671703975707,119,1795552,60.0,25.0,1
2079ccb0-df76-432a-9a0a-ee95b47db8b5,000467,sub-ant4-m4-d20-y2022/sub-ant4-m4-d20-y2022_ses-m4-d20-y2022-ant4-0-12x-4-methyl-3-heptanol-40-t214-z85um_ophys.nwb,22,48,624,4.176470588235294,13,14.615916955017303,17,84086336,700.0,180.0,0
207b442b-4cf7-4bcd-b11f-84c5c25a0c3f,000728,sub-502206284/sub-502206284_ses-509881188-StimA_ophys.nwb,23,48,605,4.055555555555555,13,13.163580246913579,18,38202813051,15000.0,25.0,1
207c3409-cc9b-4e65-84d4-71eb593fe8e8,000467,sub-ant1-m4-d26-y2022/sub-ant1-m4-d26-y2022_ses-m4-d26-y2022-ant1-0-03x-4-methyl-3-heptanol-40-t130-z135um_ophys.nwb,22,48,624,4.176470588235294,13,14.615916955017303,17,84086336,680.0,160.0,0
207c8146-13f5-42b1-b15b-ae4dbc6dd151,001169,sub-G037/sub-G037_ses-RWTautowait2-20210413-131947.nwb,32,117,3004,5.481481481481482,31,46.397805212620035,27,1003958,100.0,25.0,1
20808a37-2e0e-4e85-a1be-e6980a79c0f3,001169,sub-L013/sub-L013_ses-RWTautowait2-20221006-121010.nwb,32,117,3004,5.481481481481482,31,46.397805212620035,27,805194,100.0,25.0,1
20874fe9-1c4b-4dbb-8ba2-c49ad094faf2,000467,sub-ant1-m4-d27-y2022/sub-ant1-m4-d27-y2022_ses-m4-d27-y2022-ant1-0-12x-4-methyl-3-heptanol-40-t144-z140um_ophys.nwb,22,48,624,4.176470588235294,13,14.615916955017303,17,84086336,520.0,140.0,0
208b846d-ed47-4741-adfc-7ddfbd4ff855,000713,sub-560964/sub-560964_ses-20210510T102504_image.nwb,48,114,2391,3.6818181818181817,23,23.762396694214885,44,188108431,340.0,25.0,1
208d4f1e-3a43-4956-8fbe-adfc9a858a01,001751,sub-Mfa241105/sub-Mfa241105_ses-20241105HS15_obj-4tk5qe_icephys.nwb,183,1005,472399,7.747126436781609,152,122.18892852424368,174,22381352,960.0,80.0,0
20935ba3-ba96-4b5f-9116-bd1ad178f340,001169,sub-G072/sub-G072_ses-RWTautowait2-20220524-094543.nwb,32,117,3004,5.481481481481482,31,46.397805212620035,27,1234998,80.0,25.0,1
209d9386-7a66-4657-b6ab-de585e13da24,000246,sub-AAV-V15-D5/sub-AAV-V15-D5_obj-gn4ni6_ophys.nwb,31,41,560,3.8421052631578947,13,14.027700831024932,19,8566968,25.0,25.0,1
20a34f70-b737-47d7-87f4-9a0653950ba0,000467,sub-ant1-m4-d26-y2022/sub-ant1-m4-d26-y2022_ses-m4-d26-y2022-ant1-0-03x-6-methyl-5-hepten-2-one-40-t138-z45um_ophys.nwb,22,48,624,4.176470588235294,13,14.615916955017303,17,84086336,660.0,160.0,0
20acee6a-bcf6-46dc-ac6f-576b59901224,000711,sub-476970/sub-476970_ses-20190919T115843_image.nwb,48,119,2682,3.7954545454545454,26,27.571797520661153,44,66868788,120.0,25.0,1
20adf7fb-7c89-4cd7-927d-b79931a862e2,001169,sub-G040/sub-G040_ses-RWTautowait2-20210604-114230.nwb,32,117,3004,5.481481481481482,31,46.397805212620035,27,1316564,80.0,25.0,1
20af2e6d-cd00-4f7b-b962-35cf455cf6ba,000711,sub-440631/sub-440631_ses-20190423T094944_obj-1jr2zba_image+ophys.nwb,78,229,9548,4.342465753424658,24,25.896415837868265,73,233786988,860.0,25.0,1
20b02758-1cab-4df8-815b-862094316daa,000971,sub-206-468/sub-206-468_ses-Opto-DMS-Inhibitory-EYFP-2021-10-06T11-17-38_ogen.nwb,30,57,751,3.3846153846153846,15,14.698224852071005,26,247000,80.0,60.0,0
20b67acd-8b50-44c9-9fb5-703b43fc7ce4,001348,sub-1301204249/sub-1301204249_ses-1302010634_icephys.nwb,316,1159,333190,5.485623003194888,121,97.5149690208127,313,69355903,1420.0,80.0,0
20bfcda5-d561-4440-b12d-ea2a5ac320a9,001169,sub-G012/sub-G012_ses-RWTautowait2-20201102-115006.nwb,32,117,3004,5.481481481481482,31,46.397805212620035,27,1189420,60.0,25.0,1
20c15457-1b1b-46e5-9e82-d236f9506e33,001550,sub-P059/sub-P059_ses-TaskSwitch4-170116a.nwb,35,112,2625,4.709677419354839,38,47.36732570239335,31,1560374,60.0,25.0,1
20c8f8c4-c5be-4526-9777-39c26d214f55,000467,sub-ant3-m10-d6-y2022/sub-ant3-m10-d6-y2022_ses-m10-d6-y2022-ant3-1x-paraffin-oil-40-t159-z65um_ophys.nwb,22,48,624,4.176470588235294,13,14.615916955017303,17,84086336,680.0,180.0,0
20ca7112-dc0e-4ac2-802f-9c3ba55854e4,000467,sub-ant3-m10-d11-y2022/sub-ant3-m10-d11-y2022_ses-m10-d11-y2022-ant3-0-48x-ethylpyrazine-40-t171-z155um_ophys.nwb,22,48,624,4.176470588235294,13,14.615916955017303,17,84086336,700.0,180.0,0
20d33d02-1c81-4cd7-ba02-63cb78459031,000467,sub-ant4-m4-d20-y2022/sub-ant4-m4-d20-y2022_ses-m4-d20-y2022-ant4-0-03x-4-methyl-3-heptanol-40-t204-z40um_ophys.nwb,22,48,624,4.176470588235294,13,14.615916955017303,17,84086336,680.0,160.0,0
20d6be14-d2e5-4080-ab7b-c06a4aa51b96,000022,sub-811322604/sub-811322604_ses-829720705_probe-832129159_ecephys.nwb,26,52,791,3.590909090909091,14,14.878099173553721,22,1791625057,3040.0,80.0,0
20dde48a-326b-441f-a670-0957e6f37dd5,000713,sub-553963/sub-553963_ses-20210329T152631_image.nwb,48,115,2402,3.7045454545454546,23,23.889979338842977,44,191378311,260.0,25.0,1
20df3241-ea75-411d-a4e0-2c527763dda6,000008,sub-mouse-NGMHT/sub-mouse-NGMHT_ses-20200225-sample-2_slice-20200225-slice-2_cell-20200225-sample-2_icephys.nwb,181,538,87573,4.96045197740113,80,65.58600657537744,177,9277808,15360.0,440.0,0
20e29e09-f555-4ece-b9a0-ef7b485b3923,001841,sub-subject-ID-ST424/sub-subject-ID-ST424_ses-20200103T165317_icephys.nwb,29,62,907,3.9166666666666665,13,9.409722222222223,24,1001677,25.0,25.0,1
20ec9a9b-88fc-4905-b4e1-29a3ed7288e0,001169,sub-G044/sub-G044_ses-RWTautowait2-20211021-115228.nwb,32,117,3004,5.481481481481482,31,46.397805212620035,27,1248625,140.0,25.0,1
20f2d9f1-ab22-4a0d-a5c3-2fac64ba8fd1,000773,sub-ant4-m1-d20-y2023/sub-ant4-m1-d20-y2023_ses-m1-d20-y2023-ant4-0-48x-3-hexanone-40-t190-z35um_ophys.nwb,22,48,624,4.176470588235294,13,14.615916955017303,17,84086336,620.0,160.0,0
20f37e18-cfff-45df-8c6b-6e13631cb50d,001169,sub-G054/sub-G054_ses-RWTautowait2-20211208-113955.nwb,32,117,3004,5.481481481481482,31,46.397805212620035,27,906448,60.0,25.0,1
21029f3d-cf8d-4727-bf8d-6c01ea3b764e,000713,sub-562033/sub-562033_ses-20210604T103613_image.nwb,48,115,2402,3.7045454545454546,23,23.889979338842977,44,191348101,380.0,25.0,1
21055c84-bbb9-4f7e-895a-7898ff57de9f,000773,sub-ant2-m1-d20-y2023/sub-ant2-m1-d20-y2023_ses-m1-d20-y2023-ant2-0-48x-propionic-acid-40-t162-z30um_ophys.nwb,22,48,624,4.176470588235294,13,14.615916955017303,17,84086336,620.0,160.0,0
210a6aff-ff26-4e0a-8081-bb3219ccc165,001550,sub-P127/sub-P127_ses-TaskSwitch4-190307a.nwb,35,112,2625,4.709677419354839,38,47.36732570239335,31,1444301,100.0,25.0,1
210d2505-0aa8-4b4f-8e59-5c820a52d0cb,001169,sub-J026/sub-J026_ses-RWTautowait2-20220120-102427.nwb,32,117,3004,5.481481481481482,31,46.397805212620035,27,1092209,80.0,25.0,1
211239bb-566d-4943-bbb5-289eae228dca,000711,sub-486737/sub-486737_ses-20200123T090546_image.nwb,50,156,5473,4.478260869565218,24,34.72778827977316,46,196077222,260.0,25.0,1
21123e46-57cc-4448-aa10-ce77299f9c70,001452,sub-27/sub-27_ses-20250516T214946_icephys.nwb,61,153,8258,4.553571428571429,41,27.46141581632653,56,3573376,240.0,25.0,1
2126595e-d5af-4da4-b0e8-db067391d023,001169,sub-S015/sub-S015_ses-RWTautowait2-20201221-092128.nwb,32,116,2974,5.444444444444445,31,46.46913580246915,27,935966,60.0,25.0,1
2126ab92-15a6-435f-8f8d-6cbb87f2d1fb,001636,sub-Leu/sub-Leu_ses-Leu++l15601++PostMPTP++Depth22730um++19931119_behavior+ecephys.nwb,54,174,6598,5.775,19,31.324374999999996,40,1569656,760.0,120.0,0
212d35f6-18f1-453e-b205-2f258ac8acfd,001169,sub-S029/sub-S029_ses-RWTautowait2-20220422-102039.nwb,32,117,3004,5.481481481481482,31,46.397805212620035,27,828441,80.0,25.0,1
21362725-edbd-460e-aea3-1b3196018bd3,000248,sub-625555/sub-625555_ses-1183070926_probe-4_ecephys.nwb,27,55,937,3.772727272727273,14,15.08471074380165,22,2482664956,1420.0,60.0,0
21388057-3724-4b66-a113-a065629152f7,001635,sub-M052/sub-M052_ses-20230616T081803_behavior+ophys.nwb,105,208,20638,3.13,28,13.093100000000003,100,45016832,580.0,25.0,1
21393c97-0ade-4d9b-adc5-30bcad05df4a,000336,sub-634402/sub-634402_ses-1214189038-acq-1214286565-denoised-movies_ophys.nwb,69,277,15573,5.587301587301587,30,40.750314940791135,63,23256787640,1400.0,25.0,1
213ad8f4-acae-43fa-a5a7-9831ef942e27,001611,sub-25897/sub-25897_ses-20241111T120253_ecephys.nwb,25,52,649,4.105263157894737,13,13.988919667590027,19,13257588,100.0,25.0,1
213e4c8d-cb77-4d69-bcba-fff4d7d5ff95,001038,sub-Calb-1890/sub-Calb-1890_ses-20210728-0001.nwb,54,117,2524,4.095238095238095,16,13.990929705215418,42,17043072,100.0,25.0,1
21419eeb-ab20-4d59-83b5-fc731b58a636,000246,sub-phpV15-05-L5/sub-phpV15-05-L5_obj-1aa1luq_ophys.nwb,33,46,581,3.5217391304347827,13,12.162570888468805,23,12760256,80.0,25.0,1
2146e18f-a605-4b3f-a521-690c478219c4,000773,sub-ant1-m1-d17-y2023/sub-ant1-m1-d17-y2023_ses-m1-d17-y2023-ant1-0-03x-4-methyl-3-heptanol-40-t128-z155um_ophys.nwb,22,48,624,4.176470588235294,13,14.615916955017303,17,84086336,660.0,160.0,0
21481805-243e-4980-b268-c7c13d041b9c,000773,sub-ant3-m2-d24-y2023/sub-ant3-m2-d24-y2023_ses-m2-d24-y2023-ant3-0-48x-ethanol-40-t174-z45um_ophys.nwb,22,48,624,4.176470588235294,13,14.615916955017303,17,84086336,620.0,160.0,0
2148ea23-68a8-446b-979c-f61f51589855,000467,sub-ant3-m4-d26-y2022/sub-ant3-m4-d26-y2022_ses-m4-d26-y2022-ant3-0-03x-4-methyl-3-hexanol-40-t207-z10um_ophys.nwb,22,48,624,4.176470588235294,13,14.615916955017303,17,84086336,600.0,160.0,0
214a1218-0f15-4e91-8f96-3d4d2e106a6f,001169,sub-J044/sub-J044_ses-RWTautowait2-20220929-102153.nwb,32,117,3004,5.481481481481482,31,46.397805212620035,27,1216043,100.0,25.0,1
21545d7b-c821-49dc-a58e-be68b53136be,001169,sub-L017/sub-L017_ses-RWTautowait2-20220926-112053.nwb,32,117,3004,5.481481481481482,31,46.397805212620035,27,891484,80.0,25.0,1
2154a7dd-c5c7-4c4b-93fc-fb60cbc09e4b,001169,sub-S015/sub-S015_ses-RWTautowait2-20210129-104153.nwb,32,116,2974,5.444444444444445,31,46.46913580246915,27,1327186,60.0,25.0,1
216883d0-84e8-4c97-8ffe-856cc02bff28,001550,sub-P101/sub-P101_ses-ProAnti3Marino-170411a.nwb,33,94,1626,4.344827586206897,22,21.74316290130797,29,480128,25.0,25.0,1
216a6599-a87c-45fe-b3b3-16d45226545e,001205,sub-2926439398051826064/sub-2926439398051826064_ses-20220617T113900_ophys.nwb,27,41,539,4.0588235294117645,13,14.878892733564015,17,569108345,320.0,25.0,1
216a827a-18d1-41a5-a6c2-ebe5d85b6790,001169,sub-G067/sub-G067_ses-RWTautowait2-20220613-151452.nwb,32,117,3004,5.481481481481482,31,46.397805212620035,27,1322225,80.0,25.0,1
216deb10-d164-42d4-8194-525ed3db0ac4,000713,sub-544838/sub-544838_ses-20201029T085820_image.nwb,48,115,2402,3.7045454545454546,23,23.889979338842977,44,191434463,260.0,25.0,1
21702bde-fa75-4cb4-b36a-1cd6732fe50e,001371,sub-S29/sub-S29_ses-S29-211119_behavior+ecephys.nwb,61,216,8488,5.035714285714286,35,35.570153061224495,56,235993304136,62880.0,140.0,0
2177cf38-4cfd-4aa0-b36b-bb20a835b036,000467,sub-ant4-m4-d20-y2022/sub-ant4-m4-d20-y2022_ses-m4-d20-y2022-ant4-0-12x-6-methyl-5-hepten-2-one-40-t222-z5um_ophys.nwb,22,48,624,4.176470588235294,13,14.615916955017303,17,84086336,700.0,180.0,0
2185ba56-9664-4cd8-a9d8-2adc54207c5c,000773,sub-ant4-m1-d20-y2023/sub-ant4-m1-d20-y2023_ses-m1-d20-y2023-ant4-0-48x-ethanol-40-t188-z105um_ophys.nwb,22,48,624,4.176470588235294,13,14.615916955017303,17,84086336,620.0,160.0,0
218d1a30-dd69-4e2b-a50c-bb2f4505c8af,001169,sub-G002/sub-G002_ses-RWTautowait2-20200710-100142.nwb,32,116,2923,5.444444444444445,30,44.54320987654322,27,1163882,100.0,25.0,1
219b75fc-40d2-403c-bac4-e7ac50e70bf2,000971,sub-355-431/sub-355-431_ses-Opto-DLS-Excitatory-EYFP-2020-12-14T11-57-47_ogen.nwb,30,57,751,3.3846153846153846,15,14.698224852071005,26,249588,80.0,40.0,0
219d76be-41ce-4d5f-8132-ea388f3438e1,001169,sub-S019/sub-S019_ses-RWTautowait2-20210507-121421.nwb,32,116,2974,5.444444444444445,31,46.46913580246915,27,1027581,60.0,25.0,1
21a0b7c4-d5d3-49dc-b3e9-b09631edc8c3,001359,sub-1373917715/sub-1373917715_ses-1373959343_icephys.nwb,342,1344,468077,5.817109144542773,143,128.86920580224677,339,60083636,740.0,25.0,1
21a1bb17-b04f-454a-8b06-805f22cdcf61,001181,sub-m1621/sub-m1621_ses-20220913T152549Z_photometry.nwb,25,70,952,4.2727272727272725,21,23.289256198347097,22,841572,60.0,25.0,1
21a437f6-40e9-4b2b-9fbd-003dc969e850,000020,sub-761831980/sub-761831980_ses-764796619_icephys.nwb,199,828,150795,5.98469387755102,73,60.678337151187,196,26597899,32660.0,360.0,0
21a79296-57c0-42e1-88ab-61f0310c7415,001348,sub-1340812489/sub-1340812489_ses-1342696931_icephys.nwb,216,799,148369,5.516431924882629,80,65.54550463973197,213,45369355,1340.0,80.0,0
21a8c61f-420e-4041-a18a-8e9e3203d2e3,001258,sub-BSD011/sub-BSD011_ses-p149.nwb,36,74,1456,5.190476190476191,21,27.011337868480723,21,6175960,400.0,80.0,0
21ad30b3-8f32-485a-8e3f-dddb427d24dc,000773,sub-ant4-m1-d10-y2023/sub-ant4-m1-d10-y2023_ses-m1-d10-y2023-ant4-0-48x-ethylpyrazine-40-t160-z90um_ophys.nwb,22,48,624,4.176470588235294,13,14.615916955017303,17,84086336,640.0,160.0,0
21afae59-85c4-4c49-9496-449ce160bb63,001169,sub-J014/sub-J014_ses-RWTautowait2-20210929-152657.nwb,32,116,2974,5.444444444444445,31,46.46913580246915,27,1207817,60.0,25.0,1
21c5332d-bcd2-439a-97ca-50758666c02c,001550,sub-P101/sub-P101_ses-TaskSwitch4-180827a.nwb,35,112,2625,4.709677419354839,38,47.36732570239335,31,1081533,80.0,25.0,1
21c66597-bb6d-4016-8a8b-a5779e1df259,001169,sub-L009/sub-L009_ses-RWTautowait2-20220310-101755.nwb,32,117,3004,5.481481481481482,31,46.397805212620035,27,767773,100.0,25.0,1
21cb8018-bfc9-40cd-8af0-26d524d73ca6,001169,sub-M015/sub-M015_ses-RWTautowait2-20200611-090833.nwb,32,116,2923,5.444444444444445,30,44.54320987654322,27,1351295,60.0,25.0,1
21d72cd1-0f58-4c80-bdcd-3d7460c52595,000020,sub-911032053/sub-911032053_ses-914436923_icephys.nwb,157,633,76210,5.779220779220779,50,46.016191600607186,154,23164225,25840.0,340.0,0
21d94f5a-0768-434b-8e61-9d6300c9e8f2,000239,sub-MX200102/sub-MX200102_ses-20200926T125056.nwb,18,63,1228,6.153846153846154,29,58.13017751479289,13,444016,120.0,60.0,0
21e03066-3b16-4a8a-9f08-6e82c485427a,000773,sub-ant4-m1-d11-y2023/sub-ant4-m1-d11-y2023_ses-m1-d11-y2023-ant4-0-03x-4-methyl-3-heptanol-40-t192-z125um_ophys.nwb,22,48,624,4.176470588235294,13,14.615916955017303,17,84086336,620.0,160.0,0
21f5ee43-9b2f-49aa-8c38-71ceaf022766,001169,sub-L028/sub-L028_ses-RWTautowait2-20230510-114728.nwb,32,118,3087,5.518518518518518,32,48.32373113854595,27,864203,60.0,25.0,1
21f69ce3-b80d-4471-b5ef-5d50d80f9e1f,001634,sub-Bilbo/sub-Bilbo_ses-5_obj-10d4aow_ecephys.nwb,253,68,23206,3.0344827586206895,36,24.274673008323433,116,5677002,120.0,25.0,1
21f72c80-0254-4c9f-aaf8-37ad0d8ee9d5,001035,sub-13-4/sub-13-4_ses-2kHz-sine-stimulation-3-4V_image.nwb,17,38,431,4.153846153846154,13,13.668639053254442,13,663486,60.0,25.0,1
21f78012-3a9f-4ba5-b3d2-62af25f20980,000773,sub-ant5-m1-d11-y2023/sub-ant5-m1-d11-y2023_ses-m1-d11-y2023-ant5-0-03x-propionic-acid-40-t227-z160um_ophys.nwb,22,48,624,4.176470588235294,13,14.615916955017303,17,84086336,640.0,160.0,0
21f830ff-2f96-4bff-bda0-499ee8de795f,001169,sub-M041/sub-M041_ses-RWTautowait2-20220705-114249.nwb,32,116,2974,5.444444444444445,31,46.46913580246915,27,1133199,100.0,25.0,1
21fe0476-214e-4879-a638-798181b549cb,000246,sub-CaMPARI1-A146L-C150T-F198Y/sub-CaMPARI1-A146L-C150T-F198Y_ses-flourescence-recording_ophys.nwb,17,31,374,3.6153846153846154,13,13.775147928994084,13,188856,580.0,220.0,0
2205ce9c-7b0f-4f0d-af85-8065bbc60c0e,001169,sub-G054/sub-G054_ses-RWTautowait2-20220215-120041.nwb,32,117,3004,5.481481481481482,31,46.397805212620035,27,1174575,60.0,25.0,1
220b4148-c762-42a2-aea5-41e01c655446,001550,sub-P072/sub-P072_ses-TaskSwitch4-171216a.nwb,35,112,2625,4.709677419354839,38,47.36732570239335,31,2318049,80.0,25.0,1
22185b51-1a19-4549-8c23-3f8d57601e3f,000773,sub-ant3-m2-d24-y2023/sub-ant3-m2-d24-y2023_ses-m2-d24-y2023-ant3-0-48x-4-methyl-3-heptanol-40-t172-z125um_ophys.nwb,22,48,624,4.176470588235294,13,14.615916955017303,17,84086336,600.0,160.0,0
22187f43-7976-4268-b10b-a38a58d3c5b1,001051,sub-642504/sub-642504_ses-None_probe-569_ecephys.nwb,36,62,1087,3.3,14,12.343333333333334,30,2694950936,1040.0,25.0,1
2219920e-7c66-4cd1-a2a9-f2cd7b936c2c,001550,sub-P124/sub-P124_ses-TaskSwitch6-190726b.nwb,52,131,3972,4.536585365853658,42,46.39500297441998,41,1491145,60.0,25.0,1
222110e8-6af3-4771-a4b4-63c4c25ea21e,001181,sub-m1636/sub-m1636_ses-20221005T133429Z_photometry.nwb,25,70,952,4.2727272727272725,21,23.289256198347097,22,850704,80.0,25.0,1
22295671-dd1b-44e7-b99c-e1d7887ff06d,000020,sub-689440726/sub-689440726_ses-694183555_icephys.nwb,133,511,49808,5.584615384615384,42,38.13514792899409,130,20033665,25900.0,400.0,0
2253dc23-0f35-4f7d-9280-053213c8323d,001611,sub-26349/sub-26349_ses-20250321T230731_ecephys.nwb,25,52,649,4.105263157894737,13,13.988919667590027,19,13531200,80.0,25.0,1
22604fa8-928d-4373-bda3-075d8d09e9d4,001521,sub-CHO-20250502-c1/sub-CHO-20250502-c1_ses-session-2025-05-02_obj-x09hpm_image.nwb,17,38,431,4.153846153846154,13,13.668639053254442,13,31560012,100.0,25.0,1
2262bd44-6058-4c5c-8176-e6245e710a3b,000946,sub-BH499/sub-BH499_ses-20230831T130000_ecephys.nwb,28,50,690,4.333333333333333,14,17.0,18,2729680,140.0,60.0,0
2267f037-c082-4e9f-b6a1-e010ac83f784,000940,sub-7/sub-7_ecephys+image.nwb,82,104,3154,4.3061224489795915,27,38.86547271970012,49,140175198,280.0,25.0,1
226b45a8-d45d-4d73-9edf-41e501455822,001550,sub-P059/sub-P059_ses-TaskSwitch4-180111a.nwb,35,112,2625,4.709677419354839,38,47.36732570239335,31,2120047,100.0,25.0,1
226bc6f1-2629-47d9-9175-25aaa503ff46,001273,sub-2-20240311/sub-2-20240311_obj-11nu2xq_image.nwb,17,38,431,4.153846153846154,13,13.668639053254442,13,58261193,180.0,25.0,1
2273e198-570a-4a86-bbe4-4e9761b46cce,000773,sub-ant2-m1-d17-y2023/sub-ant2-m1-d17-y2023_ses-m1-d17-y2023-ant2-0-03x-ethanol-40-t154-z110um_ophys.nwb,22,48,624,4.176470588235294,13,14.615916955017303,17,84086336,640.0,160.0,0
22755449-368d-420f-bdab-87bc168bdf49,001169,sub-J006/sub-J006_ses-RWTautowait2-20210514-113320.nwb,32,117,3004,5.481481481481482,31,46.397805212620035,27,1399390,60.0,25.0,1
227617e4-25e5-4583-a170-7391c9c14b44,001550,sub-P102/sub-P102_ses-TaskSwitch4-190209a.nwb,35,112,2625,4.709677419354839,38,47.36732570239335,31,1461596,25.0,25.0,1
227970f1-95c2-46f8-b145-ca38339a8443,001169,sub-G042/sub-G042_ses-RWTautowait2-20210908-153739.nwb,32,117,3004,5.481481481481482,31,46.397805212620035,27,1204436,100.0,25.0,1
227ae319-1251-42b6-818b-2961d994c942,001445,sub-G3-10/sub-G3-10_obj-1pv3kzc_ecephys.nwb,22,45,579,3.9411764705882355,13,12.643598615916957,17,203556,25.0,25.0,1
227c7a90-1787-4f0d-870d-3719294ceb45,001169,sub-G070/sub-G070_ses-RWTautowait2-20221010-150117.nwb,32,118,3087,5.518518518518518,32,48.32373113854595,27,1089352,80.0,25.0,1
227e046e-da4e-4e44-8a2c-766ccc02ad77,001836,sub-julio/sub-julio_ses-julio-20230802_behavior+ecephys+image.nwb,171,212,20345,3.013245033112583,65,34.71505635717731,151,295627276364,41360.0,25.0,1
2281acac-4aec-4eb3-be58-c982a045235b,001274,sub-2-20240523/sub-2-20240523_obj-15sg8st_image.nwb,17,38,431,4.153846153846154,13,13.668639053254442,13,110996697,160.0,25.0,1
2281e1b2-bd60-4fdc-9662-dd92f6914a3e,000711,sub-554115/sub-554115_ses-20210305T140342_image.nwb,50,156,5473,4.478260869565218,24,34.72778827977316,46,196138168,300.0,25.0,1
2288a0b0-5247-4bf6-9c71-72d2d914122a,001374,sub-001/sub-001_ses-20250502_obj-23154iiiE14iiid31iii5iii10iii2024iiidorsaliiipasca_ecephys.nwb,22,49,722,4.176470588235294,13,15.321799307958479,17,8214488411,2860.0,25.0,1
228fc1f0-dfb7-43c2-83b2-f2204a74e931,001836,sub-klein/sub-klein_ses-klein-20231107_obj-1juj5wp_behavior.nwb,108,76,1751,2.6,65,49.06105263157894,95,80492296,100.0,25.0,1
22935ac7-5bfe-49ff-aead-a610b3e1d64f,001169,sub-S058/sub-S058_ses-RWTautowait2-20230524-113353.nwb,32,118,3087,5.518518518518518,32,48.32373113854595,27,933663,60.0,25.0,1
22950ff5-71dc-4041-b47c-c57698228ace,001855,sub-1365560357/sub-1365560357_ses-1367005289_icephys.nwb,256,967,220831,5.58498023715415,95,78.28230405099282,253,91333315,440.0,25.0,1
229f062c-57ac-49ff-a9f2-fc9db5a4c07b,000467,sub-ant1-m4-d27-y2022/sub-ant1-m4-d27-y2022_ses-m4-d27-y2022-ant1-0-0075x-4-methyl-3-heptanone-40-t125-z70um_ophys.nwb,22,48,624,4.176470588235294,13,14.615916955017303,17,84086336,500.0,120.0,0
22a124dd-5afb-4ac6-83bc-ee034c50f24f,000054,sub-F4/sub-F4_ses-training-day3_behavior+ophys.nwb,50,85,2236,3.111111111111111,13,8.94320987654321,45,1332256612,740.0,25.0,1
22aac5b6-7368-4529-9039-5772f05d81a1,001611,sub-26342/sub-26342_ses-20241120T200718_ecephys.nwb,25,52,649,4.105263157894737,13,13.988919667590027,19,12468732,80.0,25.0,1
22ab1631-6e45-4f61-b014-fd96ea63368f,001169,sub-J051/sub-J051_ses-RWTautowait2-20221118-113555.nwb,32,118,3087,5.518518518518518,32,48.32373113854595,27,1430053,60.0,25.0,1
22ab740a-d940-4c6d-ad4a-bfcdaa7cc9d6,000773,sub-ant3-m2-d24-y2023/sub-ant3-m2-d24-y2023_ses-m2-d24-y2023-ant3-0-48x-4-methyl-3-heptanone-40-t180-z65um_ophys.nwb,22,48,624,4.176470588235294,13,14.615916955017303,17,84086336,620.0,160.0,0
22ae8ec7-fcb7-450b-ba73-189b9a1c68b4,000773,sub-ant5-m1-d11-y2023/sub-ant5-m1-d11-y2023_ses-m1-d11-y2023-ant5-0-03x-3-hexanone-40-t221-z65um_ophys.nwb,22,48,624,4.176470588235294,13,14.615916955017303,17,84086336,640.0,160.0,0
22baeee4-427a-4f9d-81ed-49a2606d0c5c,001201,sub-Monkey-N/sub-Monkey-N_ses-20201212_ecephys.nwb,31,71,972,4.16,13,14.454399999999998,25,57293090,660.0,240.0,0
22bd514e-5b0c-4427-a43e-55dcf2036da7,000971,sub-259-478/sub-259-478_ses-Opto-DMS-Inhibitory-NpHRScrambled-2021-10-14T15-10-21_ogen.nwb,30,56,729,3.3461538461538463,14,13.84171597633136,26,246728,80.0,60.0,0
22bdaf67-f83c-49e6-831a-c9570f90285e,000773,sub-ant6-m1-d10-y2023/sub-ant6-m1-d10-y2023_ses-m1-d10-y2023-ant6-0-48x-isopropanol-40-t208-z145um_ophys.nwb,22,48,624,4.176470588235294,13,14.615916955017303,17,84086336,660.0,180.0,0
22bec976-88ec-47a2-82df-ade82815fda6,000467,sub-ant3-m10-d11-y2022/sub-ant3-m10-d11-y2022_ses-m10-d11-y2022-ant3-0-48x-3-hexanone-40-t182-z140um_ophys.nwb,22,48,624,4.176470588235294,13,14.615916955017303,17,84086336,700.0,180.0,0
22d118e2-9098-445b-8d4f-1a1b7e060711,000773,sub-ant1-m1-d20-y2023/sub-ant1-m1-d20-y2023_ses-m1-d20-y2023-ant1-0-48x-4-methyl-3-heptanone-40-t125-z150um_ophys.nwb,22,48,624,4.176470588235294,13,14.615916955017303,17,84086336,620.0,160.0,0
22d2a94e-f459-46f0-80b4-670dfd6200f9,001169,sub-G095/sub-G095_ses-RWTautowait2-20230502-140832.nwb,32,118,3087,5.518518518518518,32,48.32373113854595,27,1358736,120.0,25.0,1
22d61f66-0d38-4528-a855-5b19592b8eae,000959,sub-L/sub-L_ses-20200113_obj-tvv8g2_behavior.nwb,42,289,30304,8.68421052631579,17,33.63711911357342,38,17464936,280.0,60.0,0
22dbbff3-b40f-4243-8bd3-e1f4ca53c09c,000713,sub-524926/sub-524926_ses-20200908T130529_image.nwb,48,115,2402,3.7045454545454546,23,23.889979338842977,44,191441855,520.0,25.0,1
22e22d99-f7cc-4671-8b91-eb85545de3fc,001848,sub-SM317/sub-SM317_ses-SM317-20230907-ALM_ecephys+ogen.nwb,28,72,1265,5.611111111111111,16,29.01543209876543,18,23339304,25.0,25.0,1
22e35473-b8a4-410e-95b4-4dd61f466535,001169,sub-G058/sub-G058_ses-RWTautowait2-20220803-134545.nwb,32,117,3004,5.481481481481482,31,46.397805212620035,27,1367383,120.0,25.0,1
22e8edb2-5bf5-42fc-83f5-3658ccea8051,000728,sub-639375920/sub-639375920_ses-652339241-StimC2_behavior+image+ophys.nwb,50,11477,195172714,262.3181818181818,5812,1407580.2623966942,44,159573718,720.0,25.0,1
22ebcfbd-2098-4676-b547-8c3ac46ff397,000467,sub-ant1-m4-d21-y2022/sub-ant1-m4-d21-y2022_ses-m4-d21-y2022-ant1-0-48x-4-methyl-3-heptanone-40-t153-z55um_ophys.nwb,22,48,624,4.176470588235294,13,14.615916955017303,17,84086336,680.0,180.0,0
22ebd369-cfd0-4395-8d22-5ddd01cbe442,001847,sub-PB185/sub-PB185_ses-PB185-20240828-113617_behavior+image+ophys.nwb,42,133,3575,4.8108108108108105,36,43.126369612856095,37,107632917284,14920.0,25.0,1
22ef51d4-c6b7-4b91-9631-495421f197c9,000971,sub-92-246/sub-92-246_ses-FP-PS-2019-02-08T14-21-13_behavior.nwb,27,53,661,3.4347826086956523,13,13.637051039697546,23,237712,60.0,25.0,1
22f06a0e-6826-4926-8942-444eebac41c5,000711,sub-495789/sub-495789_ses-20200217T090535_image+ophys.nwb,73,223,9181,4.5,24,27.25,68,279750235,420.0,25.0,1
22f2252c-a417-4f1f-a2cc-3b87ff93df5f,001836,sub-julio/sub-julio_ses-julio-20230803_obj-970waf_behavior.nwb,108,76,1751,2.6,65,49.06105263157894,95,4574536,100.0,25.0,1
22f40ba9-7f1a-4922-901e-921440389239,000467,sub-ant3-m4-d26-y2022/sub-ant3-m4-d26-y2022_ses-m4-d26-y2022-ant3-0-48x-6-methyl-5-hepten-2-one-120-t228-z50um_ophys.nwb,22,48,624,4.176470588235294,13,14.615916955017303,17,251858496,580.0,140.0,0
22f44453-77c8-4c56-958e-6f78c01843a8,001836,sub-molly/sub-molly_ses-molly-20220418_obj-1h7kh9y.nwb,103,83,1904,2.7666666666666666,65,53.6011111111111,90,2310408,80.0,25.0,1
22f8c541-1bf2-45d5-8584-2aeef2cbfa66,001169,sub-S030/sub-S030_ses-RWTautowait2-20210830-100053.nwb,32,117,3004,5.481481481481482,31,46.397805212620035,27,1065299,120.0,25.0,1
22fa8462-f9c9-41d1-9c94-57a3bbef5e9a,000020,sub-701146982/sub-701146982_ses-704085641_icephys.nwb,184,749,125774,5.895027624309392,67,59.629864778242435,181,46324076,34580.0,400.0,0
23044be9-9ff3-4311-b734-92dfbf900721,000971,sub-140-306/sub-140-306_ses-FP-PS-2019-08-30T10-16-44_behavior.nwb,24,50,637,3.65,13,14.727500000000001,20,224544,100.0,80.0,0
2308a6a7-d364-44c0-81ff-7df1e07769f8,000773,sub-ant5-m1-d10-y2023/sub-ant5-m1-d10-y2023_ses-m1-d10-y2023-ant5-0-48x-ethylpyrazine-40-t185-z55um_ophys.nwb,22,48,624,4.176470588235294,13,14.615916955017303,17,84086336,640.0,160.0,0
230a1c2e-7219-4d28-a4dd-bbc7ce333083,001169,sub-G028/sub-G028_ses-RWTautowait2-20211004-130505.nwb,32,117,3004,5.481481481481482,31,46.397805212620035,27,1824259,60.0,25.0,1
2312517c-79ec-431c-bf59-9292c142d55b,001552,sub-JF-VR-FP-M2/sub-JF-VR-FP-M2_ses-Day11.nwb,20,42,448,3.8125,13,11.40234375,16,2199098,80.0,25.0,1
2313e03b-0e53-45f1-8924-9d91a2c34f89,001169,sub-L032/sub-L032_ses-RWTautowait2-20230714-094052.nwb,32,118,3087,5.518518518518518,32,48.32373113854595,27,1149357,120.0,25.0,1
231829e7-0fb9-446d-b0cf-55a4148651c7,001455,sub-644988704/sub-644988704_ses-645551683_icephys.nwb,95,334,20357,5.206521739130435,36,26.989957466918707,92,13696819,240.0,25.0,1
23349ee4-05a5-40ab-bfca-a3be368b456a,001169,sub-S043/sub-S043_ses-RWTautowait2-20221108-151452.nwb,32,118,3087,5.518518518518518,32,48.32373113854595,27,1356940,120.0,25.0,1
233640f2-1fa5-4765-8358-4d18ea4c3b3e,000773,sub-ant3-m2-d24-y2023/sub-ant3-m2-d24-y2023_ses-m2-d24-y2023-ant3-0-48x-3-hexanone-40-t169-z50um_ophys.nwb,22,48,624,4.176470588235294,13,14.615916955017303,17,84086336,600.0,160.0,0
23395263-526e-4b47-90ac-be1e73b74dd0,000467,sub-ant2-m4-d21-y2022/sub-ant2-m4-d21-y2022_ses-m4-d21-y2022-ant2-0-48x-4-methyl-3-heptanone-40-t126-z60um_ophys.nwb,22,48,624,4.176470588235294,13,14.615916955017303,17,84086336,660.0,160.0,0
233ed3fc-b368-4ea5-9d2d-b08014938c41,000773,sub-ant1-m1-d17-y2023/sub-ant1-m1-d17-y2023_ses-m1-d17-y2023-ant1-1x-paraffin-oil-40-t122-z15um_ophys.nwb,22,48,624,4.176470588235294,13,14.615916955017303,17,84086336,640.0,160.0,0
234170c3-60c4-4089-96e4-3a5fe9ec45f3,000020,sub-760005680/sub-760005680_ses-763356667_icephys.nwb,163,658,83474,5.78125,52,50.6708984375,160,59722323,35320.0,380.0,0
234352a8-e7e3-44fd-9481-8cbdd5fe5ab2,000773,sub-ant2-m1-d20-y2023/sub-ant2-m1-d20-y2023_ses-m1-d20-y2023-ant2-0-48x-isopropanol-40-t158-z120um_ophys.nwb,22,48,624,4.176470588235294,13,14.615916955017303,17,84086336,600.0,160.0,0
235695f2-bf1f-4e7b-aa56-39cdc0ffb28e,001038,sub-VGlut-2064/sub-VGlut-2064_ses-20211129-0008.nwb,49,101,2056,4.081081081081081,16,14.128560993425856,37,13763042,140.0,25.0,1
235a272e-b9d8-4f23-936d-c0da6d702735,001748,sub-1427640793/sub-1427640793_ses-1428123041_icephys.nwb,177,685,104285,5.655172413793103,61,49.27189853349187,174,37980528,780.0,25.0,1
2361ac1b-ad85-431c-b53d-107e5cf6570f,001348,sub-1343882723/sub-1343882723_ses-1344715429_icephys.nwb,189,729,121233,5.655913978494624,67,53.68805642270783,186,41284823,1160.0,80.0,0
23728bb1-ed04-49b1-86ce-70cbfad4cae1,001169,sub-G077/sub-G077_ses-RWTautowait2-20220801-133058.nwb,32,117,3004,5.481481481481482,31,46.397805212620035,27,1614764,100.0,25.0,1
23730d99-f978-4064-bc41-92e60a3b477c,001626,sub-1431907338/sub-1431907338_ses-1433395969_icephys.nwb,263,1039,253054,5.7384615384615385,95,79.6162130177515,260,78994151,1160.0,80.0,0
2384d4a6-ac6a-45ae-b84f-824ee57fade8,000467,sub-ant1-m4-d27-y2022/sub-ant1-m4-d27-y2022_ses-m4-d27-y2022-ant1-0-12x-6-methyl-5-hepten-2-one-40-t141-z40um_ophys.nwb,22,48,624,4.176470588235294,13,14.615916955017303,17,84086336,500.0,120.0,0
2390e723-dc0f-49e2-b89b-f366e860c49b,001475,sub-HSB-W20-17/sub-HSB-W20-17_ses-20250324_cell-ar70_obj-1ioks35_icephys.nwb,54,138,4015,4.44,15,8.8864,50,5097176,660.0,80.0,0
2391fc58-9cc8-4c7f-89bc-409af5f9c367,000773,sub-ant4-m1-d11-y2023/sub-ant4-m1-d11-y2023_ses-m1-d11-y2023-ant4-1x-paraffin-oil-40-t180-z10um_ophys.nwb,22,48,624,4.176470588235294,13,14.615916955017303,17,84086336,620.0,160.0,0
2395747d-1aee-47ee-9718-46660597da1e,000971,sub-341-401/sub-341-401_ses-Opto-DLS-Excitatory-ChR2Scrambled-2020-07-10T12-36-17_behavior+ogen.nwb,31,57,739,3.2962962962962963,14,13.393689986282581,27,252391,60.0,25.0,1
239b2e5d-a11c-4f83-b37a-3404b3096c74,001605,sub-mouse5/sub-mouse5_ses-20140318_behavior+ophys.nwb,49,82,1255,2.9555555555555557,13,7.731358024691357,45,413091512,380.0,25.0,1
239d64fc-d0ee-4aa6-8d23-6b1f85d8bf9d,001273,sub-2-20240119/sub-2-20240119_obj-1b93kcw_image.nwb,17,38,431,4.153846153846154,13,13.668639053254442,13,58844924,140.0,25.0,1
239fb591-4e62-45fb-abb7-9064486b3971,000959,sub-T/sub-T_ses-20220530_obj-ysxuf_behavior.nwb,42,289,30304,8.68421052631579,17,33.63711911357342,38,17593984,280.0,60.0,0
23a3ed06-02e1-4697-97e7-815774c7b2a5,001169,sub-J008/sub-J008_ses-RWTautowait2-20210120-145823.nwb,32,117,3004,5.481481481481482,31,46.397805212620035,27,1251573,80.0,25.0,1
23a6f83d-931a-4f03-8236-9509dd45da7d,000467,sub-ant2-m10-d11-y2022/sub-ant2-m10-d11-y2022_ses-m10-d11-y2022-ant2-0-48x-3-hexanone-40-t164-z80um_ophys.nwb,22,48,624,4.176470588235294,13,14.615916955017303,17,84086336,700.0,180.0,0
23bc5102-8995-4395-99aa-eaab06e4ccc4,001333,sub-parkinson-simulated-beta/sub-parkinson-simulated-beta_ses-164_ecephys.nwb,27,44,543,3.3636363636363638,13,11.59504132231405,22,225936,100.0,60.0,0
23c28ca4-56b0-4a8d-93dc-55db045e14f8,000467,sub-ant1-m10-d11-y2022/sub-ant1-m10-d11-y2022_ses-m10-d11-y2022-ant1-0-48x-propionic-acid-40-t134-z110um_ophys.nwb,22,48,624,4.176470588235294,13,14.615916955017303,17,84086336,720.0,180.0,0
23c882fb-4fc1-4f6b-a1e2-6eac9250265e,000773,sub-ant5-m1-d11-y2023/sub-ant5-m1-d11-y2023_ses-m1-d11-y2023-ant5-0-03x-ethylpyrazine-40-t215-z60um_ophys.nwb,22,48,624,4.176470588235294,13,14.615916955017303,17,84086336,640.0,160.0,0
23d4daca-fc50-4e13-b096-b34dcb26711d,001550,sub-P102/sub-P102_ses-TaskSwitch4-180523a.nwb,35,112,2625,4.709677419354839,38,47.36732570239335,31,1822137,80.0,25.0,1
23d88ef2-f188-4c98-a003-5f23f247c1e6,001550,sub-P055/sub-P055_ses-TaskSwitch4-171113a.nwb,35,112,2625,4.709677419354839,38,47.36732570239335,31,1333425,120.0,25.0,1
23dfaddc-4b3d-46c8-a68b-f64f2737a443,000467,sub-ant3-m4-d27-y2022/sub-ant3-m4-d27-y2022_ses-m4-d27-y2022-ant3-0-12x-6-methyl-5-hepten-2-one-40-t140-z60um_ophys.nwb,22,48,624,4.176470588235294,13,14.615916955017303,17,84086336,480.0,120.0,0
23dfcd08-76e3-4080-ab8e-b1a230b59d65,001550,sub-P130/sub-P130_ses-TaskSwitch4-170921a.nwb,35,112,2625,4.709677419354839,38,47.36732570239335,31,1005870,80.0,25.0,1
23e0cf64-e9ca-4137-b27c-73afaefa771e,001776,sub-M28G/sub-M28G_ses-20250709T124759_obj-18rat3i_icephys.nwb,112,381,38819,5.58252427184466,41,28.592704307663286,103,35913928,500.0,25.0,1
23e34630-d19f-496a-8326-904dd16c5478,000773,sub-ant4-m4-d6-y2023/sub-ant4-m4-d6-y2023_ses-m4-d6-y2023-ant4-0-48x-4-methyl-3-heptanol-40-t157-z135um_ophys.nwb,22,48,624,4.176470588235294,13,14.615916955017303,17,84086336,600.0,160.0,0
23e569fa-ab8b-4824-884c-a4cedec1842e,000628,sub-Na/sub-Na_ses-20220902T085637.nwb,26,39,494,4.266666666666667,13,17.662222222222226,15,6937144,260.0,120.0,0
23ee7cbb-fe6e-43e3-b5ed-70d8a1716a60,001634,sub-Bilbo/sub-Bilbo_ses-5_obj-k1zjli_ecephys.nwb,252,69,23364,3.0608695652173914,36,24.54412098298677,115,751048,60.0,25.0,1
23f2e691-bb3b-4f27-b169-dfa4f3f088e4,001169,sub-L009/sub-L009_ses-RWTautowait2-20220614-100423.nwb,32,117,3004,5.481481481481482,31,46.397805212620035,27,1130137,140.0,25.0,1
23fa7894-f532-445a-8eec-7c5fdf9e1081,000467,sub-ant3-m4-d26-y2022/sub-ant3-m4-d26-y2022_ses-m4-d26-y2022-ant3-0-48x-4-methyl-3-hexanol-40-t222-z35um_ophys.nwb,22,48,624,4.176470588235294,13,14.615916955017303,17,84086336,580.0,140.0,0
23fa85e9-8936-4d1c-b404-dbcc60311006,000989,sub-G2-36/sub-G2-36_obj-h0tto2_ecephys.nwb,22,45,579,3.9411764705882355,13,12.643598615916957,17,203596,60.0,25.0,1
240dd314-da02-4f0c-8dcf-b0b3211925fd,001169,sub-J053/sub-J053_ses-RWTautowait2-20220830-133241.nwb,32,117,3004,5.481481481481482,31,46.397805212620035,27,1071120,60.0,25.0,1
2415a921-dc9f-4140-95f4-f8b4e1b27f04,001181,sub-m1636/sub-m1636_ses-20220901T134423Z_photometry.nwb,25,70,952,4.2727272727272725,21,23.289256198347097,22,1213202,60.0,25.0,1
241da441-265a-44d4-a9a6-c3e3a476485f,000773,sub-ant1-m2-d24-y2023/sub-ant1-m2-d24-y2023_ses-m2-d24-y2023-ant1-1x-paraffin-oil-40-t122-z85um_ophys.nwb,22,48,624,4.176470588235294,13,14.615916955017303,17,84086336,620.0,160.0,0
2425d666-be91-4bea-b46e-178fd4f6d1cc,001181,sub-m1616/sub-m1616_ses-20220802T162227Z_photometry.nwb,25,70,952,4.2727272727272725,21,23.289256198347097,22,905320,80.0,25.0,1
2433f78e-5794-4d97-bca1-0a12d8fa9630,001169,sub-M036/sub-M036_ses-RWTautowait2-20220111-114136.nwb,32,116,2974,5.444444444444445,31,46.46913580246915,27,1238797,100.0,25.0,1
24372a77-b085-461d-bd80-c15dec41643c,001692,sub-UG27/sub-UG27_ses-240311_ophys.nwb,64,106,3243,4.333333333333333,18,15.079365079365083,42,3862927850,640.0,25.0,1
243f97a2-358f-4fd1-8ad7-26c9f76f8ad0,000773,sub-ant4-m1-d18-y2023/sub-ant4-m1-d18-y2023_ses-m1-d18-y2023-ant4-0-48x-ethanol-40-t141-z100um_ophys.nwb,22,48,624,4.176470588235294,13,14.615916955017303,17,84086336,620.0,160.0,0
24449ed8-1cb0-4420-a745-58e1cc2099f3,001348,sub-1340812489/sub-1340812489_ses-1342534130_icephys.nwb,211,781,139873,5.509615384615385,77,63.15375369822485,208,60453909,1400.0,80.0,0
244b860a-b65d-4435-a95d-c919303188bb,000467,sub-ant5-m4-d26-y2022/sub-ant5-m4-d26-y2022_ses-m4-d26-y2022-ant5-0-48x-6-methyl-5-hepten-2-one-40-t287-z40um_ophys.nwb,22,48,624,4.176470588235294,13,14.615916955017303,17,84086336,520.0,140.0,0
24531b86-d8ab-4dfa-a7ba-460b4dcc5c0e,001169,sub-M024/sub-M024_ses-RWTautowait2-20200811-133022.nwb,32,116,2923,5.444444444444445,30,44.54320987654322,27,887223,80.0,25.0,1
2454f3fa-f863-43ea-bad8-63900314820a,001515,sub-CHO-20230925-c5/sub-CHO-20230925-c5_obj-asxb3e_image.nwb,17,38,431,4.153846153846154,13,13.668639053254442,13,25661495,100.0,25.0,1
2456bfc7-1c23-49c1-8a22-afc2e7c8ca36,000773,sub-ant2-m1-d20-y2023/sub-ant2-m1-d20-y2023_ses-m1-d20-y2023-ant2-0-48x-ethylpyrazine-40-t161-z115um_ophys.nwb,22,48,624,4.176470588235294,13,14.615916955017303,17,84086336,620.0,160.0,0
2459d939-1ba1-42be-83a9-06e47b68d9a8,001051,sub-608672/sub-608672_ses-None_probe-70_ecephys.nwb,36,62,1087,3.3,14,12.343333333333334,30,2786331128,1080.0,25.0,1
245a4053-ba4a-4872-bb4c-b198321663a7,000008,sub-mouse-OOZJM/sub-mouse-OOZJM_ses-20180405-sample-1_slice-20180405-slice-1_cell-20180405-sample-1_icephys.nwb,181,538,87573,4.96045197740113,80,65.58600657537744,177,9444033,16900.0,460.0,0
245f7667-5931-4a76-8a34-5c785a37f2dc,000467,sub-ant2-m4-d20-y2022/sub-ant2-m4-d20-y2022_ses-m4-d20-y2022-ant2-0-12x-4-methyl-3-hexanol-40-t157-z40um_ophys.nwb,22,48,624,4.176470588235294,13,14.615916955017303,17,84086336,680.0,180.0,0
24657b00-2f71-4403-8502-82d581e17d82,001611,sub-26303/sub-26303_ses-20250327T232153_ecephys.nwb,25,52,649,4.105263157894737,13,13.988919667590027,19,14820360,80.0,25.0,1
246621ca-0c96-49db-8aa2-5aa763916307,001789,sub-rat-07Jul22/sub-rat-07Jul22_ses-F_icephys.nwb,26,57,620,4.045454545454546,13,10.043388429752067,22,29023752,200.0,25.0,1
246c896a-9385-4f76-910a-9f5bb77785d5,000711,sub-550603/sub-550603_ses-20210308T120541_obj-1qnx7kl_image+ophys.nwb,78,229,9548,4.342465753424658,24,25.896415837868265,73,268048689,540.0,25.0,1
24724d8b-347e-466b-82c0-7cd940fff496,001676,sub-A0670/sub-A0670_ses-20221128T113741_behavior+ophys.nwb,35,66,895,3.433333333333333,13,10.245555555555557,30,59853560,140.0,25.0,1
247526ac-4e0b-4f58-8868-a28f16de7992,000341,In_vivo/sub-1707151rm/sub-1707151rm_ses-1707151rm-1-5-1_icephys.nwb,245,931,275481,5.829166666666667,148,107.13331597222223,240,1603210472,3080.0,25.0,1
249053e5-074f-422c-b77d-503e2fbcb10e,000467,sub-ant3-m4-d26-y2022/sub-ant3-m4-d26-y2022_ses-m4-d26-y2022-ant3-0-48x-4-methyl-3-heptanol-40-t214-z125um_ophys.nwb,22,48,624,4.176470588235294,13,14.615916955017303,17,84086336,580.0,140.0,0
2493e095-bba2-4adc-ac88-e37dacc47c84,001635,sub-M056/sub-M056_ses-20240203T111744_behavior+ophys.nwb,105,208,20638,3.13,28,13.093100000000003,100,44909840,500.0,25.0,1
2495c10c-a6c1-4fdc-aa40-c4313e863727,001184,sub-111/sub-111_ses-session-hheise-M111-2022-09-02-01_behavior+image+ophys.nwb,43,78,1130,3.2051282051282053,13,8.470742932281393,39,476791576,1720.0,140.0,0
24abafa7-bc71-42af-9b70-6dbd33d752f8,001550,sub-P074/sub-P074_ses-TaskSwitch4-171031a.nwb,35,112,2625,4.709677419354839,38,47.36732570239335,31,1503843,80.0,25.0,1
24adbf70-01ca-4fcf-a7a3-0637790d9c72,001550,sub-P049/sub-P049_ses-TaskSwitch4-170916a.nwb,35,112,2625,4.709677419354839,38,47.36732570239335,31,1371427,60.0,25.0,1
24ae525e-8b37-4d7d-aa69-62245d6b43c7,001550,sub-P101/sub-P101_ses-TaskSwitch4-180520a.nwb,35,112,2625,4.709677419354839,38,47.36732570239335,31,1129038,120.0,25.0,1
24afd60e-b226-40c1-858c-406524094c84,001169,sub-S021/sub-S021_ses-RWTautowait2-20210517-102448.nwb,32,117,3004,5.481481481481482,31,46.397805212620035,27,975158,120.0,25.0,1
24b15670-51ea-4e66-89fd-5cc1c2be2ea9,001515,sub-CHO-20230508-c7/sub-CHO-20230508-c7_obj-1ysp7qc_image.nwb,17,38,431,4.153846153846154,13,13.668639053254442,13,23650079,100.0,25.0,1
24b27d31-223e-4ee2-9c89-ece6f966b112,000766,sub-Calcacre/sub-Calcacre_ses-20220224T153000_obj-sqio7a.nwb,17,35,401,3.923076923076923,13,13.609467455621298,13,192088,100.0,60.0,0
24b9f44b-9501-49a8-a918-c9a6e2844285,001169,sub-G046/sub-G046_ses-RWTautowait2-20211012-132210.nwb,32,117,3004,5.481481481481482,31,46.397805212620035,27,1107959,60.0,25.0,1
24ba1275-a1d4-4cb6-8577-bb4b5327dafb,001836,sub-julio/sub-julio_ses-julio-20230811_obj-g8x8w1_behavior.nwb,104,71,1614,2.6153846153846154,65,50.91800507185121,91,40562456,80.0,25.0,1
24bcb83d-a61d-421f-b3e5-53d44e0ff586,000467,sub-ant5-m4-d26-y2022/sub-ant5-m4-d26-y2022_ses-m4-d26-y2022-ant5-0-48x-6-methyl-5-hepten-2-one-40-t287-z140um_ophys.nwb,22,48,624,4.176470588235294,13,14.615916955017303,17,84086336,500.0,140.0,0
24be42b6-d995-4501-84c1-d56829ed4d7a,000246,sub-PHP-CaMPARI1-M5/sub-PHP-CaMPARI1-M5_obj-1mz5x5r_ophys.nwb,31,41,560,3.8421052631578947,13,14.027700831024932,19,8566968,25.0,25.0,1
24c27426-d4a1-4d6c-affb-895418ace6b4,001607,sub-Frodo/sub-Frodo_ses-5_obj-piasj2_behavior+ecephys.nwb,256,70,23376,3.0,36,23.798319327731093,119,1657080,120.0,25.0,1
24c4e321-3f41-4fff-b83a-bb397a2c888b,001064,sub-nosymm-2-4770077565933519794/sub-nosymm-2-4770077565933519794_ses-20240426T151526.nwb,18,21,164,6.333333333333333,13,21.555555555555557,6,679928,60.0,25.0,1
24c6bbd1-1c85-449d-a616-e0efa628ecfa,001169,sub-J023/sub-J023_ses-RWTautowait2-20211130-154608.nwb,32,116,2974,5.444444444444445,31,46.46913580246915,27,1257950,140.0,25.0,1
24c77aa4-1613-496e-913d-20644b1c6f40,000952,sub-222/sub-222_ses-20201203.nwb,18,33,385,3.5714285714285716,13,12.959183673469388,14,483056396,320.0,25.0,1
24d7707a-461f-4fd2-95e7-84a8f8574196,001836,sub-molly/sub-molly_ses-molly-20220417_obj-12ey0jt.nwb,103,83,1904,2.7666666666666666,65,53.6011111111111,90,2957376,100.0,25.0,1
24d8a711-53d1-4ed4-b87c-09c7b7085b0e,000467,sub-ant1-m10-d6-y2022/sub-ant1-m10-d6-y2022_ses-m10-d6-y2022-ant1-0-48x-ethanol-40-t137-z150um_ophys.nwb,22,48,624,4.176470588235294,13,14.615916955017303,17,84086336,700.0,180.0,0
24dabf47-353b-46fa-8f10-02ed27d4c444,001169,sub-G035/sub-G035_ses-RWTautowait2-20210305-113814.nwb,32,117,3004,5.481481481481482,31,46.397805212620035,27,1032242,80.0,25.0,1
24df851e-c8df-40b0-bc0f-dd7359a95a90,000628,sub-Fr/sub-Fr_ses-20211018T174328.nwb,26,39,494,4.266666666666667,13,17.662222222222226,15,2364018,280.0,140.0,0
24e0597f-2b57-4a13-9fab-095ab78f41dd,000713,sub-554013/sub-554013_ses-None_probe-1086751595_ecephys.nwb,36,62,1087,3.3,14,12.343333333333334,30,4619018792,11520.0,260.0,0
24e15b0b-e742-43e7-b08c-42b0b852e833,001169,sub-J052/sub-J052_ses-RWTautowait2-20230105-133214.nwb,32,118,3087,5.518518518518518,32,48.32373113854595,27,1387182,60.0,25.0,1
24e51879-10a8-4589-aba8-c5af6cd6dd27,000773,sub-ant3-m1-d17-y2023/sub-ant3-m1-d17-y2023_ses-m1-d17-y2023-ant3-0-03x-4-methyl-3-heptanol-40-t194-z40um_ophys.nwb,22,48,624,4.176470588235294,13,14.615916955017303,17,84086336,640.0,160.0,0
24ec1349-b2ed-44ae-b4b5-71f7ff044964,001261,sub-CG180/sub-CG180_ses-Recordings-from-animal-CG180-on-14-Aug-2021_obj-ifrywc_icephys.nwb,62,217,12925,6.173076923076923,21,15.720044378698223,52,20371112,680.0,80.0,0
24ec2210-cdbf-4b8c-80fd-4dbf862eed62,001868,sub-ICMS48/sub-ICMS48_ses-2022-04-21_ecephys.nwb,25,74,991,5.2105263157894735,13,17.74515235457063,19,333040,25.0,25.0,1
24fbedd8-392e-44b2-9c16-9455d59f52b6,001751,sub-Mfa241014/sub-Mfa241014_ses-20241014HS3_obj-1lohdrj_icephys.nwb,183,1005,472399,7.747126436781609,152,122.18892852424368,174,22381352,1340.0,80.0,0
24ff79ad-240e-4b7b-a59d-40c9881e7b05,001550,sub-H113/sub-H113_ses-TaskSwitch4-190326b.nwb,33,110,2570,4.896551724137931,38,49.74791914387635,29,810834,60.0,25.0,1
25034132-8c98-4a19-8bf9-5beb91cf16bd,001469,sub-Chronic-Implant-2/sub-Chronic-Implant-2_obj-elludz_ecephys.nwb,22,49,722,4.176470588235294,13,15.321799307958479,17,3035328409,1900.0,160.0,0
2504499a-740d-47ab-804d-0da95150a47f,001550,sub-P116/sub-P116_ses-TaskSwitch4double-190207a.nwb,33,110,2570,4.896551724137931,38,49.74791914387635,29,1181006,80.0,25.0,1
2507f4e6-83e0-4463-8542-77c6bd7ef207,000971,sub-418-404/sub-418-404_ses-Opto-DLS-Excitatory-ChR2-2020-09-08T12-37-44_behavior+ogen.nwb,31,57,739,3.2962962962962963,14,13.393689986282581,27,253320,80.0,60.0,0
2509f455-e6af-4652-88ad-b9c73ba7cfaf,001550,sub-P100/sub-P100_ses-TaskSwitch4-180429a.nwb,35,112,2625,4.709677419354839,38,47.36732570239335,31,1871623,100.0,25.0,1
250bbf3e-55e1-4e86-898e-d6c70f295b69,001281,sub-220218/sub-220218_ses-2202181tm-8-1-1_icephys.nwb,54,188,7916,5.591836734693878,16,11.180341524364847,49,25781496,4420.0,140.0,0
25141d4e-242b-4f25-91ef-38f82b721980,001271,sub-10-20240801/sub-10-20240801_obj-tc3flv_image.nwb,17,38,431,4.153846153846154,13,13.668639053254442,13,708590,60.0,25.0,1
2515e100-653c-46c6-9b83-728dc2207ca9,000363,sub-480927/sub-480927_ses-20210225T115002_behavior+ecephys+ogen.nwb,58,173,4596,4.836734693877551,43,44.830487296959596,49,384669957210,204280.0,280.0,0
2516794f-b491-4ff9-b0af-b63f1a880ccd,001550,sub-P131/sub-P131_ses-TaskSwitch4-181024a.nwb,35,112,2625,4.709677419354839,38,47.36732570239335,31,1552001,100.0,25.0,1
25197193-0a43-4b94-ae6d-dafce94605eb,000773,sub-ant5-m4-d6-y2023/sub-ant5-m4-d6-y2023_ses-m4-d6-y2023-ant5-0-48x-ethylpyrazine-40-t183-z95um_ophys.nwb,22,48,624,4.176470588235294,13,14.615916955017303,17,84086336,600.0,160.0,0
2523f31c-b2fb-4e9a-b3f0-5eb69b19a768,001169,sub-L001/sub-L001_ses-RWTautowait2-20220203-121136.nwb,32,117,3004,5.481481481481482,31,46.397805212620035,27,1374707,80.0,25.0,1
25278cab-a655-4a88-aa62-3c0d076d82d7,001832,sub-m24618001/sub-m24618001_ses-20240618T154839_icephys.nwb,36,98,1998,4.46875,13,9.2490234375,32,2404056,100.0,25.0,1
2529c086-1426-45e7-8e70-47109ca72fd0,000773,sub-ant2-m2-d24-y2023/sub-ant2-m2-d24-y2023_ses-m2-d24-y2023-ant2-0-48x-propionic-acid-40-t164-z45um_ophys.nwb,22,48,624,4.176470588235294,13,14.615916955017303,17,84086336,620.0,160.0,0
2531bf94-8ba8-44ed-8338-a1de0a9ea815,001414,sub-PF3/sub-PF3_ses-20240412-3-bPAC-awake-rec1_ophys.nwb,27,45,590,4.294117647058823,13,16.913494809688583,17,643591902,260.0,25.0,1
2535b9c4-d11c-4735-8a5f-5161faf64a57,000946,sub-BH511/sub-BH511_ses-20231019T184339_ecephys.nwb,28,50,690,4.333333333333333,14,17.0,18,1800504,140.0,80.0,0
254499c3-efb8-43b9-8c98-e75e74f17560,000467,sub-ant2-m4-d26-y2022/sub-ant2-m4-d26-y2022_ses-m4-d26-y2022-ant2-0-03x-6-methyl-5-hepten-2-one-40-t175-z135um_ophys.nwb,22,48,624,4.176470588235294,13,14.615916955017303,17,84086336,680.0,180.0,0
2545615a-946d-4cff-b9a6-85aa51dd0f40,000336,sub-621602/sub-621602_ses-1194809891-acq-1194973902-denoised-movies_ophys.nwb,80,433,49783,7.027027027027027,30,50.37764791818846,74,23239233479,1800.0,25.0,1
254df076-437f-4366-81a0-ad57c59c0b84,001550,sub-P102/sub-P102_ses-TaskSwitch4-180129a.nwb,35,112,2625,4.709677419354839,38,47.36732570239335,31,1025364,80.0,25.0,1
25568fef-967a-4c65-9577-707aba324e89,000574,sub-06/sub-06_ses-02.nwb,30,87,1172,4.916666666666667,13,17.90972222222222,24,2558910770,1240.0,60.0,0
25577c8e-a666-4c78-b9b7-ff434110a7e3,001550,sub-P135/sub-P135_ses-TaskSwitch4-180621a.nwb,35,112,2625,4.709677419354839,38,47.36732570239335,31,1332915,100.0,25.0,1
255e092f-344a-418b-b377-45af48f92d53,001634,sub-Frodo/sub-Frodo_ses-3_obj-14jhokb_ecephys.nwb,253,64,23788,3.0526315789473686,38,25.681440443213305,114,634248,120.0,25.0,1
2569c7f1-1695-405e-a1e5-5c01a5ddcca1,000467,sub-ant4-m4-d20-y2022/sub-ant4-m4-d20-y2022_ses-m4-d20-y2022-ant4-0-12x-4-methyl-3-hexanol-40-t220-z80um_ophys.nwb,22,48,624,4.176470588235294,13,14.615916955017303,17,84086336,700.0,180.0,0
256ba309-6eb0-45a3-879d-cfa4f85fe5cf,001550,sub-P189/sub-P189_ses-TaskSwitch6-191009a.nwb,33,110,2570,4.896551724137931,38,49.74791914387635,29,1000893,80.0,25.0,1
256d0278-577f-4371-8df4-0421daf75729,000728,sub-580514822/sub-580514822_ses-601328878-StimB_behavior+image+ophys.nwb,47,200,33285,6.317073170731708,118,319.43604997025585,41,467778048,1260.0,25.0,1
2576d27e-156c-47bc-94b5-3d4b150b7204,001683,sub-BH650/sub-BH650_ses-20250218T160847_ecephys.nwb,28,52,725,4.2105263157894735,13,17.534626038781166,19,625935336,320.0,25.0,1
257de432-e29c-428f-85aa-eb34656c66ba,001169,sub-J077/sub-J077_ses-RWTautowait2-20230410-153647.nwb,32,118,3087,5.518518518518518,32,48.32373113854595,27,1773037,120.0,25.0,1
257deaff-e0b4-4381-87fd-16bf0765324c,001281,sub-160304/sub-160304_ses-1603041og-3-1-2_icephys.nwb,108,431,51656,6.067961165048544,43,31.34489584315204,103,31995616,11280.0,160.0,0
25808f24-1650-4e77-9226-ed14ea766032,000463,sub-BH401/sub-BH401_ses-20230207T202916_ecephys.nwb,30,46,636,3.619047619047619,13,13.664399092970521,21,2055713568,1140.0,60.0,0
25835f28-2495-4e1e-b0f6-f4bea4427182,000020,sub-790588029/sub-790588029_ses-795530464_icephys.nwb,132,530,54386,5.782945736434108,42,39.487771167598105,129,20653541,24400.0,360.0,0
2586a5f9-874f-495d-b287-2ad31ee19f52,000467,sub-ant1-m10-d11-y2022/sub-ant1-m10-d11-y2022_ses-m10-d11-y2022-ant1-1x-paraffin-oil-40-t122-z30um_ophys.nwb,22,48,624,4.176470588235294,13,14.615916955017303,17,84086336,720.0,180.0,0
2586de3c-9463-4515-9817-997b45a08a36,000971,sub-93-246/sub-93-246_ses-FP-PS-2019-03-15T12-39-52_behavior.nwb,27,53,661,3.4347826086956523,13,13.637051039697546,23,237480,80.0,60.0,0
258fabc1-8b61-4dfc-9c6c-b41fcde36558,001169,sub-J005/sub-J005_ses-RWTautowait2-20201218-090512.nwb,32,117,3004,5.481481481481482,31,46.397805212620035,27,1037958,25.0,25.0,1
2592183b-52f9-4e5b-b5f7-65b427437017,001856,sub-1484874777/sub-1484874777_ses-1486500988_icephys.nwb,270,1088,290494,5.865168539325842,104,88.25897403526496,267,53490640,720.0,25.0,1
2599bf2b-3c03-4115-8924-23dd0292d512,001169,sub-J047/sub-J047_ses-RWTautowait2-20220830-152042.nwb,32,117,3004,5.481481481481482,31,46.397805212620035,27,1495592,80.0,25.0,1
259cbab1-8fc3-465c-acd6-7bc03a807bc0,000773,sub-ant1-m2-d24-y2023/sub-ant1-m2-d24-y2023_ses-m2-d24-y2023-ant1-0-48x-4-methyl-3-heptanol-40-t133-z50um_ophys.nwb,22,48,624,4.176470588235294,13,14.615916955017303,17,84086336,620.0,160.0,0
259ef1b9-61b2-4e10-a3a2-f667b837c9ce,001550,sub-P007/sub-P007_ses-TaskSwitch4-160421a.nwb,33,110,2570,4.896551724137931,38,49.74791914387635,29,1310512,100.0,25.0,1
25a4bd6a-8d69-4ac6-a44f-e17fdb668b56,000246,sub-phpV14-01-H2/sub-phpV14-01-H2_ses-20241022_obj-15ucgjy_ophys.nwb,33,46,581,3.5217391304347827,13,12.162570888468805,23,12760256,60.0,25.0,1
25a4f03e-fb5d-4527-98d8-656787901bec,000713,sub-585326/sub-585326_ses-None_probe-1128640882_ecephys.nwb,36,62,1087,3.3,14,12.343333333333334,30,3926809080,3380.0,260.0,0
25a748e2-983f-4364-8591-485619d04ce7,001550,sub-P150/sub-P150_ses-TaskSwitch4-190914a.nwb,35,112,2625,4.709677419354839,38,47.36732570239335,31,2165534,120.0,25.0,1
25a76a89-9e67-497c-b4c6-91c3e4aa4dad,001169,sub-G057/sub-G057_ses-RWTautowait2-20220314-135337.nwb,32,117,3004,5.481481481481482,31,46.397805212620035,27,1911815,100.0,25.0,1
25aafd66-5e9a-412d-ab7d-bac09cc46829,000467,sub-ant5-m4-d26-y2022/sub-ant5-m4-d26-y2022_ses-m4-d26-y2022-ant5-0-03x-4-methyl-3-hexanol-40-t270-z10um_ophys.nwb,22,48,624,4.176470588235294,13,14.615916955017303,17,84086336,520.0,140.0,0
25ad367e-def4-4193-a9ce-20223f22b3ad,001552,sub-JF-dLight-ramp2-F4/sub-JF-dLight-ramp2-F4_ses-Day3.nwb,24,49,497,3.4285714285714284,13,9.863945578231291,21,1644646,100.0,25.0,1
25ae88f4-0457-4e98-ae11-cabec371c7c9,000165,sub-Baharat/sub-Baharat_ses-Baharat02-HomeCage_behavior+ecephys.nwb,34,59,1006,4.0,14,20.0,24,99828728,2620.0,200.0,0
25b95821-d4cf-4167-97bb-edddfab9a0f0,001169,sub-J052/sub-J052_ses-RWTautowait2-20230202-135411.nwb,32,118,3087,5.518518518518518,32,48.32373113854595,27,1092070,80.0,25.0,1
25bca82a-a2af-48d7-bb79-af5efad83833,000711,sub-456915/sub-456915_ses-20190710T125105_obj-1xxx6wz_image+ophys.nwb,78,229,9548,4.342465753424658,24,25.896415837868265,73,263684725,540.0,25.0,1
25c39fb4-d07d-4001-9bb5-72330a9da7b5,001169,sub-L012/sub-L012_ses-RWTautowait2-20220602-154619.nwb,32,117,3004,5.481481481481482,31,46.397805212620035,27,1583101,80.0,25.0,1
25c48a5a-96ba-4bc5-91ac-c3d24d2b9458,000773,sub-ant2-m1-d17-y2023/sub-ant2-m1-d17-y2023_ses-m1-d17-y2023-ant2-0-03x-4-methyl-3-heptanol-40-t175-z0um_ophys.nwb,22,48,624,4.176470588235294,13,14.615916955017303,17,84086336,620.0,160.0,0
25c9e71d-40db-4960-ab0c-58d8bdf4016e,001169,sub-M038/sub-M038_ses-RWTautowait2-20210625-134657.nwb,32,116,2974,5.444444444444445,31,46.46913580246915,27,1139654,80.0,25.0,1
25ce02d0-6ee6-4ca3-97ba-163ae9ca5118,001611,sub-25897/sub-25897_ses-20241024T191330_ecephys.nwb,25,52,649,4.105263157894737,13,13.988919667590027,19,14812560,120.0,25.0,1
25ce8bb9-66bd-4c00-a9c4-ca2fc943bb6b,001550,sub-P135/sub-P135_ses-TaskSwitch4-180315a.nwb,35,112,2625,4.709677419354839,38,47.36732570239335,31,1217017,100.0,25.0,1
25d5257c-4dde-4f45-b70d-ff108c26bd95,001169,sub-E008/sub-E008_ses-RWTautowait2-20221004-131645.nwb,32,116,2974,5.444444444444445,31,46.46913580246915,27,1059003,80.0,25.0,1
25db8c19-8e0c-4db2-8384-445d09bba7a2,000467,sub-ant1-m4-d21-y2022/sub-ant1-m4-d21-y2022_ses-m4-d21-y2022-ant1-1x-isopropanol-40-t123-z130um_ophys.nwb,22,48,624,4.176470588235294,13,14.615916955017303,17,84086336,700.0,180.0,0
25eca034-ebe3-46ad-9c40-cb8e2d591ab0,001169,sub-S040/sub-S040_ses-RWTautowait2-20220822-101819.nwb,32,117,3004,5.481481481481482,31,46.397805212620035,27,1246606,120.0,25.0,1
25ed0fb6-ba33-4b2e-8216-7af876de020c,001847,sub-RD040/sub-RD040_ses-RD040-20240120-150212_behavior.nwb,30,112,2782,5.423076923076923,34,51.244082840236686,26,507080,25.0,25.0,1
25ed9221-9723-46e7-bd8b-21f0e6c1783b,001169,sub-L011/sub-L011_ses-RWTautowait2-20220606-154406.nwb,32,117,3004,5.481481481481482,31,46.397805212620035,27,1046571,80.0,25.0,1
25f97a09-491c-4df0-847c-40b6fd7a96bc,000711,sub-457841/sub-457841_ses-20190906T125834_image.nwb,50,156,5473,4.478260869565218,24,34.72778827977316,46,196136624,380.0,25.0,1
25fb8653-9fbf-49f6-be9a-06242c76a2c1,000891,sub-FB2315/sub-FB2315_ses-FB2315-baseline-awake_image.nwb,32,54,662,4.0476190476190474,13,14.712018140589569,21,625856355,1980.0,160.0,0
25ff6917-dd66-4475-9865-cce6879ede9c,000467,sub-ant3-m4-d26-y2022/sub-ant3-m4-d26-y2022_ses-m4-d26-y2022-ant3-1x-paraffin-oil-40-t195-z40um_ophys.nwb,22,48,624,4.176470588235294,13,14.615916955017303,17,84086336,500.0,140.0,0
26029548-b4ff-448f-bc89-ee3ce53c53db,000246,sub-phpV14-03-H5/sub-phpV14-03-H5_ses-20241118_obj-9jscwg_ophys.nwb,33,46,581,3.5217391304347827,13,12.162570888468805,23,12760256,60.0,25.0,1
2604f433-8e5f-4835-8c69-6e2e5ce582a2,001169,sub-J007/sub-J007_ses-RWTautowait2-20201113-142118.nwb,32,117,3004,5.481481481481482,31,46.397805212620035,27,1144198,25.0,25.0,1
26064a8d-5f43-4193-83c6-fb2d3d8f282b,000467,sub-ant3-m4-d26-y2022/sub-ant3-m4-d26-y2022_ses-m4-d26-y2022-ant3-0-48x-4-methyl-3-heptanol-40-t219-z95um_ophys.nwb,22,48,624,4.176470588235294,13,14.615916955017303,17,84086336,600.0,160.0,0
2606dae7-3704-4a5c-900c-4a89bd7c3b4c,001455,sub-948934207/sub-948934207_ses-961226116_icephys.nwb,144,595,79862,5.9361702127659575,49,46.58457824053116,141,24545022,540.0,25.0,1
260bddf8-1633-4738-a7d5-859a2b267c34,000728,sub-611502886/sub-611502886_ses-643062797-StimA_ophys.nwb,23,48,605,4.055555555555555,13,13.163580246913579,18,39487983912,14860.0,25.0,1
260e721b-b4f3-4285-8d25-5d3909c0e9aa,001550,sub-P007/sub-P007_ses-TaskSwitch4-161110a.nwb,33,110,2570,4.896551724137931,38,49.74791914387635,29,1591581,60.0,25.0,1
26131536-0a04-493d-bbc1-6994bc5fb241,001634,sub-Frodo/sub-Frodo_ses-2_obj-1c0xxz3_ecephys.nwb,254,77,23866,3.1478260869565218,38,26.473799621928162,115,734344,60.0,25.0,1
262868bc-4bc0-46a3-9b05-03e34680f71e,000971,sub-291-407/sub-291-407_ses-Opto-DMS-Excitatory-EYFP-2020-10-28T15-16-22_ogen.nwb,30,57,751,3.3846153846153846,15,14.698224852071005,26,251783,60.0,25.0,1
262a007a-da87-420a-892f-565dfc4ad627,001858,sub-1404100099/sub-1404100099_ses-1408386647_icephys.nwb,191,755,132624,5.76595744680851,69,55.41330918967858,188,44272027,600.0,25.0,1
262b8aae-fa00-44d6-a060-cf84b8f9d4b3,001169,sub-S055/sub-S055_ses-RWTautowait2-20230531-112228.nwb,32,118,3087,5.518518518518518,32,48.32373113854595,27,1057290,140.0,25.0,1
262c4f3a-d4c2-4053-80c7-157b32a323f9,001169,sub-L026/sub-L026_ses-RWTautowait2-20230719-113240.nwb,32,118,3087,5.518518518518518,32,48.32373113854595,27,1041932,80.0,25.0,1
263b8fd4-55ff-4be0-b5fe-71a37068284c,001169,sub-J067/sub-J067_ses-RWTautowait2-20230414-120325.nwb,32,118,3087,5.518518518518518,32,48.32373113854595,27,1383291,80.0,25.0,1
263bd5a6-9497-4ca1-8d90-bb1ac0916156,000467,sub-ant2-m4-d26-y2022/sub-ant2-m4-d26-y2022_ses-m4-d26-y2022-ant2-0-48x-6-methyl-5-hepten-2-one-40-t186-z150um_ophys.nwb,22,48,624,4.176470588235294,13,14.615916955017303,17,84086336,680.0,180.0,0
264619f9-4115-4786-a1d8-b9e1da410f2d,000711,sub-544261/sub-544261_ses-20201110T094423_image.nwb,48,116,2469,3.727272727272727,23,24.743801652892568,44,188616227,240.0,25.0,1
2646547f-0468-409e-9299-dc4b2b263a54,001169,sub-L004/sub-L004_ses-RWTautowait2-20220824-121444.nwb,32,117,3004,5.481481481481482,31,46.397805212620035,27,834442,60.0,25.0,1
26490421-fa07-4664-a67b-eb753838da95,000952,sub-222/sub-222_ses-20201111.nwb,17,31,379,3.6153846153846154,13,14.082840236686392,13,217116,60.0,25.0,1
264d2c5a-a1ff-4eec-971a-85e67f3ae30e,001692,sub-AD5/sub-AD5_ses-240520_ophys.nwb,63,106,3045,4.365853658536586,18,14.963712076145148,41,19561593907,2860.0,25.0,1
2650940c-6ae8-4d07-a157-eca1dab6a510,001550,sub-P131/sub-P131_ses-TaskSwitch4-171220a.nwb,35,112,2625,4.709677419354839,38,47.36732570239335,31,1334531,60.0,25.0,1
2653c5cd-ef3d-4ed4-ba31-0b4a246851ff,000628,sub-Bf/sub-Bf_ses-20211001T142955.nwb,26,39,494,4.266666666666667,13,17.662222222222226,15,4084930,320.0,140.0,0
265f5127-d572-4731-9efd-84886ba80930,001361,sub-m12/sub-m12_ses-03_behavior+ophys.nwb,46,80,1970,3.119047619047619,13,8.200113378684808,42,440515880,1100.0,60.0,0
2668c240-60ab-46f6-9b39-2cf55359ae3a,000713,sub-548465/sub-548465_ses-20201104T140913_image.nwb,48,118,2609,3.772727272727273,25,26.584710743801654,44,68043063,180.0,25.0,1
266b8987-01e3-4427-a6d4-24d5e6246dba,001181,sub-m1615/sub-m1615_ses-20220801T150631Z_photometry.nwb,25,70,952,4.2727272727272725,21,23.289256198347097,22,986832,60.0,25.0,1
2676f518-3450-477a-bd5b-eb0873104aa5,000713,sub-553964/sub-553964_ses-20210217T100212_image.nwb,48,115,2402,3.7045454545454546,23,23.889979338842977,44,191439172,220.0,25.0,1
267722eb-daa0-4eaf-b205-b403fa1f8763,001836,sub-eliot/sub-eliot_ses-eliot-20221018_obj-4zn7v8_behavior.nwb,72,71,1614,2.9491525423728815,33,26.69232979029014,59,13125360,60.0,25.0,1
267b63e3-287f-4f52-a2e0-0eb405396ce2,001169,sub-J016/sub-J016_ses-RWTautowait2-20211011-141148.nwb,32,116,2974,5.444444444444445,31,46.46913580246915,27,1546862,100.0,25.0,1
267c01a4-af65-47a6-b68b-8fbfa3a3a6e2,001550,sub-H113/sub-H113_ses-TaskSwitch4-180726a.nwb,33,110,2570,4.896551724137931,38,49.74791914387635,29,1443006,60.0,25.0,1
2681f645-3295-4c7f-8c2b-7037af69a8b5,000467,sub-ant4-m4-d26-y2022/sub-ant4-m4-d26-y2022_ses-m4-d26-y2022-ant4-0-48x-4-methyl-3-heptanone-40-t262-z145um_ophys.nwb,22,48,624,4.176470588235294,13,14.615916955017303,17,84086336,520.0,140.0,0
2687ecbd-3f3a-4a6b-8538-914104e4a206,001836,sub-eliot/sub-eliot_ses-eliot-20221024_obj-1ryfo31.nwb,67,69,1602,3.0925925925925926,33,29.158093278463646,54,2594408,25.0,25.0,1
2688e65c-564e-4674-a0ef-8674d11d4a30,001550,sub-P187/sub-P187_ses-TaskSwitch6-201008a.nwb,33,110,2570,4.896551724137931,38,49.74791914387635,29,1055898,60.0,25.0,1
26915048-5e2c-4355-8ad0-14ad7020a3d2,001550,sub-P059/sub-P059_ses-TaskSwitch4-170731a.nwb,35,112,2625,4.709677419354839,38,47.36732570239335,31,2125617,100.0,25.0,1
2691fb0c-fd31-4e05-ad30-7db9c71207d2,000467,sub-ant2-m4-d20-y2022/sub-ant2-m4-d20-y2022_ses-m4-d20-y2022-ant2-0-12x-4-methyl-3-heptanol-40-t158-z150um_ophys.nwb,22,48,624,4.176470588235294,13,14.615916955017303,17,84086336,700.0,180.0,0
26925620-4c72-453b-8917-c8c545235de7,001051,sub-611166/sub-611166_ses-None_probe-104_ecephys.nwb,36,62,1087,3.3,14,12.343333333333334,30,2766885960,1060.0,25.0,1
269dcc7d-3f0f-47e1-a6f1-d8c4d15e69b9,000253,sub-647836/sub-647836_ses-1227858756_ogen.nwb,57,187,5541,5.404255319148936,33,44.921684019918516,47,2153492016,7340.0,200.0,0
26b53a5f-8a4e-49cd-8d8e-060258496ca7,001169,sub-L009/sub-L009_ses-RWTautowait2-20220817-102302.nwb,32,117,3004,5.481481481481482,31,46.397805212620035,27,1023886,60.0,25.0,1
26b9e099-163c-42e2-9dc2-7b7e026b1bea,000711,sub-547266/sub-547266_ses-20210222T124937_obj-319y4a_image+ophys.nwb,78,229,9548,4.342465753424658,24,25.896415837868265,73,434448182,620.0,25.0,1
26c5ed80-965b-40eb-88b7-f53fa117c341,001776,sub-A33W/sub-A33W_ses-20230714T172242_icephys.nwb,128,446,54688,5.647058823529412,49,35.64013840830452,119,18691003,2040.0,25.0,1
26c61b2a-8572-450a-9ba9-64451305030c,001550,sub-P074/sub-P074_ses-TaskSwitch4-160808a.nwb,35,112,2625,4.709677419354839,38,47.36732570239335,31,976707,80.0,25.0,1
26ce303f-8bcd-4f50-82e5-531a81662af0,001683,sub-BH661/sub-BH661_ses-20250306T171645_ecephys.nwb,28,52,725,4.2105263157894735,13,17.534626038781166,19,626590696,340.0,25.0,1
26d1639f-c6ba-4e39-9592-08b2a2cab917,001184,sub-108/sub-108_ses-session-hheise-M108-2022-09-02-01_behavior+image+ophys.nwb,43,78,1130,3.2051282051282053,13,8.470742932281393,39,541777292,1780.0,140.0,0
26d1e3f2-7b7f-4144-a491-331404d47317,001550,sub-P135/sub-P135_ses-TaskSwitch4-180417a.nwb,35,112,2625,4.709677419354839,38,47.36732570239335,31,1774609,60.0,25.0,1
26e45833-a52a-4637-ab79-853097ea0f9d,001836,sub-julio/sub-julio_ses-julio-20230810_obj-1961szk.nwb,103,74,1739,2.6666666666666665,65,51.844444444444456,90,58484432,80.0,25.0,1
26e47a5b-fc27-451a-b230-85c1dabb18b1,001634,sub-Bilbo/sub-Bilbo_ses-3_obj-6aifr4_ecephys.nwb,254,78,24032,3.1565217391304348,38,26.56680529300567,115,724024,80.0,25.0,1
26e9040a-79cd-4250-b1b4-4ef8aac43109,000946,sub-BH499/sub-BH499_ses-20231026T170800_ecephys.nwb,28,50,690,4.333333333333333,14,17.0,18,1186688,120.0,80.0,0
26ee9486-beeb-4125-8f2d-37b9378f38b4,000711,sub-489065/sub-489065_ses-20191219T083410_image.nwb,50,156,5473,4.478260869565218,24,34.72778827977316,46,196138163,340.0,25.0,1
26f20947-6f1a-4161-bcba-e5f71a6173d1,001550,sub-P049/sub-P049_ses-TaskSwitch4-180429a.nwb,35,112,2625,4.709677419354839,38,47.36732570239335,31,1249724,100.0,25.0,1
26f25d70-6ab5-43be-8785-742416585e31,000246,sub-AAV-CaMPARI1-C8/sub-AAV-CaMPARI1-C8_obj-1p670qv_ophys.nwb,31,41,560,3.8421052631578947,13,14.027700831024932,19,8564888,40.0,25.0,1
26f4fa23-6b93-4aaf-b1b5-6c95dff33cc9,000713,sub-544456/sub-544456_ses-20201106T123808_image.nwb,48,115,2402,3.7045454545454546,23,23.889979338842977,44,191421729,440.0,25.0,1
26f57ed7-ca4e-46f2-80b3-95af25a3507a,001064,sub-T-XC-XCT-12318734159920924707/sub-T-XC-XCT-12318734159920924707_ses-20221108T171654.nwb,18,21,164,6.333333333333333,13,21.555555555555557,6,679928,60.0,25.0,1
26fed483-572a-441b-b3d4-e5f4b55e7fdb,000467,sub-ant2-m10-d11-y2022/sub-ant2-m10-d11-y2022_ses-m10-d11-y2022-ant2-0-48x-ethanol-40-t155-z120um_ophys.nwb,22,48,624,4.176470588235294,13,14.615916955017303,17,84086336,680.0,180.0,0
26fed6aa-281f-4838-a62f-494135e1cef0,000773,sub-ant3-m1-d10-y2023/sub-ant3-m1-d10-y2023_ses-m1-d10-y2023-ant3-0-48x-ethylpyrazine-40-t138-z15um_ophys.nwb,22,48,624,4.176470588235294,13,14.615916955017303,17,84086336,660.0,180.0,0
270232f2-40f0-4ba8-b56f-ec25c4dde728,000020,sub-743050332/sub-743050332_ses-746219574_icephys.nwb,126,503,49095,5.764227642276423,40,36.34278537907333,123,20404157,22820.0,380.0,0
2705a184-ac74-467f-9e28-24aa84cbcf5f,000711,sub-544261/sub-544261_ses-20201209T144707_image+ophys.nwb,75,225,9298,4.428571428571429,24,26.73061224489796,70,407178588,480.0,25.0,1
2706d5af-f8cb-4a42-b3bf-682d86bb5d1b,000467,sub-ant3-m4-d27-y2022/sub-ant3-m4-d27-y2022_ses-m4-d27-y2022-ant3-0-0075x-4-methyl-3-heptanol-40-t126-z145um_ophys.nwb,22,48,624,4.176470588235294,13,14.615916955017303,17,84086336,500.0,120.0,0
270fd85b-9e57-4678-93b1-1b310abff89b,000971,sub-119-416/sub-119-416_ses-Opto-DMS-Excitatory-ChR2-2020-10-20T13-00-57_ogen.nwb,29,55,723,3.4,14,14.160000000000002,25,240792,140.0,60.0,0
27113888-7f30-4765-9be5-7702577ea5b6,001836,sub-julio/sub-julio_ses-julio-20230803_obj-19a1qzj_behavior.nwb,108,76,1751,2.6,65,49.06105263157894,95,88169512,100.0,25.0,1
2713fb46-394e-4178-9efd-edefb42169b3,001169,sub-L020/sub-L020_ses-RWTautowait2-20230119-155539.nwb,32,117,3004,5.481481481481482,31,46.397805212620035,27,1222939,80.0,25.0,1
27144408-2353-4612-a59e-2976eb0f4ce4,001169,sub-J036/sub-J036_ses-RWTautowait2-20220406-100020.nwb,32,117,3004,5.481481481481482,31,46.397805212620035,27,1048210,60.0,25.0,1
2715bd96-2f41-414f-86cd-aa079665f58e,001550,sub-P135/sub-P135_ses-TaskSwitch4-190501a.nwb,35,112,2625,4.709677419354839,38,47.36732570239335,31,1514119,80.0,25.0,1
27161054-62a4-4174-a0e8-c11d26d9d78b,000971,sub-437-422/sub-437-422_ses-Opto-DMS-Inhibitory-NpHRScrambled-2020-11-02T14-08-39_ogen.nwb,30,56,729,3.3461538461538463,14,13.84171597633136,26,246728,80.0,60.0,0
271ffbeb-e143-42b9-aaf9-d15b15aeec11,000467,sub-ant4-m4-d20-y2022/sub-ant4-m4-d20-y2022_ses-m4-d20-y2022-ant4-0-03x-4-methyl-3-heptanol-40-t199-z130um_ophys.nwb,22,48,624,4.176470588235294,13,14.615916955017303,17,84086336,680.0,180.0,0
2721c405-2ecc-4cbc-b12e-01b90ec2a508,001767,sub-WT53/sub-WT53_ses-20210901_behavior.nwb,71,123,4617,3.5090909090909093,20,13.049917355371903,55,6992536,140.0,25.0,1
272557e0-a53b-4c42-b3bf-86ac1f4b1945,001169,sub-M024/sub-M024_ses-RWTautowait2-20200723-140933.nwb,32,116,2923,5.444444444444445,30,44.54320987654322,27,969591,100.0,25.0,1
272c4d0b-54ef-4e48-8684-f3a014c68bbf,001836,sub-julio/sub-julio_ses-julio-20230801_obj-w65d1c.nwb,103,74,1739,2.6666666666666665,65,51.844444444444456,90,50992288,80.0,25.0,1
272d5f20-4445-4694-bd43-17c700f495e3,000467,sub-ant2-m4-d21-y2022/sub-ant2-m4-d21-y2022_ses-m4-d21-y2022-ant2-0-48x-4-methyl-3-heptanol-40-t179-z130um_ophys.nwb,22,48,624,4.176470588235294,13,14.615916955017303,17,84086336,680.0,160.0,0
2731ae1f-bde6-4bfb-ac76-07aaa94ab496,001169,sub-S045/sub-S045_ses-RWTautowait2-20230120-102030.nwb,32,117,3004,5.481481481481482,31,46.397805212620035,27,965480,100.0,25.0,1
2733b82a-7ca8-422a-80f8-4040b39cc0f7,000362,jGCaMP8f/jGCaMP8f_ANM478411_cell06.nwb,66,163,4772,4.186440677966102,13,9.37201953461649,59,5818226838,12740.0,160.0,0
2738f4ec-3883-4d00-977c-f2ad9d56f3f6,000467,sub-ant2-m4-d20-y2022/sub-ant2-m4-d20-y2022_ses-m4-d20-y2022-ant2-0-12x-4-methyl-3-heptanone-40-t155-z40um_ophys.nwb,22,48,624,4.176470588235294,13,14.615916955017303,17,84086336,680.0,160.0,0
2739f69a-9e9a-439b-9947-efea0374c5f9,000467,sub-ant1-m10-d11-y2022/sub-ant1-m10-d11-y2022_ses-m10-d11-y2022-ant1-0-48x-ethanol-40-t124-z30um_ophys.nwb,22,48,624,4.176470588235294,13,14.615916955017303,17,84086336,740.0,200.0,0
273c4493-e24a-44d3-9051-a7c367f5ee62,001550,sub-P123/sub-P123_ses-TaskSwitch4-180502a.nwb,35,112,2625,4.709677419354839,38,47.36732570239335,31,1576493,60.0,25.0,1
274019c8-e664-471e-bc98-87e4e872fd37,000773,sub-ant1-m1-d17-y2023/sub-ant1-m1-d17-y2023_ses-m1-d17-y2023-ant1-0-03x-isopropanol-40-t125-z5um_ophys.nwb,22,48,624,4.176470588235294,13,14.615916955017303,17,84086336,640.0,160.0,0
27438f7a-ccd1-4c17-bd08-970fff052dd1,001515,sub-CHO-20230925-c5/sub-CHO-20230925-c5_obj-neq4nq_image.nwb,17,38,431,4.153846153846154,13,13.668639053254442,13,25642660,80.0,25.0,1
27439747-2b72-4967-81c1-8368dba2b901,000989,sub-G1-12A5B/sub-G1-12A5B_obj-4akpaz_ecephys.nwb,22,45,579,3.9411764705882355,13,12.643598615916957,17,203596,40.0,25.0,1
274577eb-6177-457b-a2e8-b3d0db5fc55d,000728,sub-518632163/sub-518632163_ses-528996585-StimB_behavior+image+ophys.nwb,46,199,33132,6.375,118,327.384375,40,388672654,1280.0,60.0,0
274fe5da-829a-490e-aca4-3e3419d131ce,001191,sub-747829/sub-747829_ecephys.nwb,109,816,221768,9.424242424242424,57,65.51698806244262,99,17624059652,7340.0,25.0,1
2753125c-fa98-49ca-95bd-34c146470c29,001550,sub-P059/sub-P059_ses-TaskSwitch4-170308a.nwb,35,112,2625,4.709677419354839,38,47.36732570239335,31,1451731,60.0,25.0,1
275b7c1b-a10f-4f36-954f-30e33466efb6,000713,sub-553960/sub-553960_ses-None_probe-1090938868_ecephys.nwb,36,62,1087,3.3,14,12.343333333333334,30,4950116496,3460.0,260.0,0
275dd942-4a21-4ea0-bd6a-e390a369c349,001836,sub-klein/sub-klein_ses-klein-20231105_obj-1361x5q.nwb,103,84,1949,2.7777777777777777,65,53.68395061728392,90,2147148,60.0,25.0,1
27639560-a035-45af-9e91-0d2b7fd1c200,001034,sub-4-3/sub-4-3_ses-20Hz-sine-stimulation-5V_obj-ry1yd3_image.nwb,17,38,431,4.153846153846154,13,13.668639053254442,13,582883,80.0,25.0,1
276fb641-245c-4c4b-afc8-3b2a51bea7fd,001169,sub-M042/sub-M042_ses-RWTautowait2-20220929-134207.nwb,32,116,2974,5.444444444444445,31,46.46913580246915,27,1495841,120.0,25.0,1
2771bec4-0be2-474a-9cf5-c96748f64f2f,000971,sub-449-417/sub-449-417_ses-Opto-DLS-Excitatory-ChR2-2020-12-01T11-55-16_ogen.nwb,29,54,725,3.4583333333333335,14,14.748263888888888,24,235688,80.0,60.0,0
27759fae-820a-4447-ab8f-afcc0eca121c,001169,sub-J025/sub-J025_ses-RWTautowait2-20211217-135826.nwb,32,117,3004,5.481481481481482,31,46.397805212620035,27,1076383,120.0,25.0,1
27799512-8d9f-486c-a3f4-a14d05e721ac,000008,sub-mouse-KFMKE/sub-mouse-KFMKE_ses-20191104-sample-4_slice-20191104-slice-4_cell-20191104-sample-4_icephys.nwb,181,538,87573,4.96045197740113,80,65.58600657537744,177,9721290,17480.0,440.0,0
277a0f91-015e-4d10-9847-a4c302501fe5,001169,sub-S047/sub-S047_ses-RWTautowait2-20221117-094945.nwb,32,117,3004,5.481481481481482,31,46.397805212620035,27,1047141,100.0,25.0,1
277d0f0b-14af-45ed-9ddb-9aa3c256b893,000232,sub-YT085/sub-YT085_ses-20191226T131922_behavior.nwb,2651,5321,29527685,3.011333585190782,375,367.44754816488285,2647,33422188,980.0,25.0,1
277d5a3c-95bb-4d8d-a2d1-0591dda7a17b,001517,sub-CHO-20250228-c1/sub-CHO-20250228-c1_obj-191cnxg_image.nwb,17,38,431,4.153846153846154,13,13.668639053254442,13,34278510,100.0,25.0,1
27851c9e-e248-4a3e-a39e-a6f5caf6473c,000289,sub-63/sub-63_ses-20210614T114147_behavior+ophys.nwb,36,50,626,3.3846153846153846,13,11.236686390532546,26,125817298,220.0,25.0,1
27938725-5c04-47e1-a9ab-30891d7f8379,000405,sub-s2/sub-s2_ses-Cl-T3g-122818.nwb,21,65,1025,5.0,16,18.235294117647058,17,20396160,920.0,180.0,0
2793b624-b804-437a-adb3-1b759df50994,001169,sub-S059/sub-S059_ses-RWTautowait2-20230616-151639.nwb,32,118,3087,5.518518518518518,32,48.32373113854595,27,1562949,100.0,25.0,1
27996d3c-e727-4772-b64c-3f9ca0649036,001169,sub-L010/sub-L010_ses-RWTautowait2-20220930-094754.nwb,32,117,3004,5.481481481481482,31,46.397805212620035,27,873450,25.0,25.0,1
279e3975-4449-4bed-ac0f-b4e59ad77279,001169,sub-L021/sub-L021_ses-RWTautowait2-20230605-094613.nwb,32,118,3087,5.518518518518518,32,48.32373113854595,27,895588,80.0,25.0,1
27a03793-b471-4e0c-8910-5606210cd99c,000020,sub-775275481/sub-775275481_ses-777422704_icephys.nwb,199,824,148940,5.954081632653061,72,58.67646293211165,196,26520082,32180.0,360.0,0
27a1f348-4259-4e0f-9961-8bcca2e3dbb7,000628,sub-Bf/sub-Bf_ses-20220126T162425_behavior.nwb,4515,13507,181441397,4.0002219755826856,4490,4468.1360709829105,4505,149301991,3320.0,140.0,0
27a5e713-c8a3-4ead-86b1-fac6d2551941,000713,sub-532246/sub-532246_ses-20200902T124949_image.nwb,48,115,2402,3.7045454545454546,23,23.889979338842977,44,191486038,460.0,25.0,1
27a71e82-8488-4b94-9550-ddcf3fb1007d,000773,sub-ant6-m1-d10-y2023/sub-ant6-m1-d10-y2023_ses-m1-d10-y2023-ant6-0-48x-3-hexanone-40-t217-z130um_ophys.nwb,22,48,624,4.176470588235294,13,14.615916955017303,17,84086336,660.0,180.0,0
27a7bae1-1ccc-497c-9995-22eba21e5b99,000570,sub-846404050/sub-846404050_ses-848629111_icephys.nwb,403,1786,796136,6.3175,169,169.34169375,400,43392946,41780.0,380.0,0
27b15676-9d1e-400a-9bb6-bea15b3de9ec,000971,sub-141-308/sub-141-308_ses-FP-PR-2019-08-27T09-50-34_behavior.nwb,26,52,651,3.5,13,13.886363636363637,22,238448,60.0,60.0,0
27b239cb-cea0-4401-a01e-fb72883759b9,000713,sub-540536/sub-540536_ses-20201027T090412_image.nwb,48,118,2609,3.772727272727273,25,26.584710743801654,44,68134962,380.0,25.0,1
27bb8953-63dc-449b-bd81-45742ea0ccb4,000467,sub-ant2-m4-d21-y2022/sub-ant2-m4-d21-y2022_ses-m4-d21-y2022-ant2-0-48x-4-methyl-3-heptanol-40-t179-z120um_ophys.nwb,22,48,624,4.176470588235294,13,14.615916955017303,17,84086336,680.0,180.0,0
27bd4c04-f488-4e72-903b-f254c9b23d6b,001169,sub-S064/sub-S064_ses-RWTautowait2-20230613-113434.nwb,32,118,3087,5.518518518518518,32,48.32373113854595,27,1552498,80.0,25.0,1
27bf876c-ec97-4322-8940-6a1702fe96e6,000773,sub-ant2-m1-d11-y2023/sub-ant2-m1-d11-y2023_ses-m1-d11-y2023-ant2-0-03x-4-methyl-3-heptanol-40-t167-z50um_ophys.nwb,22,48,624,4.176470588235294,13,14.615916955017303,17,84086336,640.0,180.0,0
27c04cee-3271-4478-a2ea-ae35255be776,000773,sub-ant4-m1-d18-y2023/sub-ant4-m1-d18-y2023_ses-m1-d18-y2023-ant4-0-48x-4-methyl-3-heptanol-40-t140-z85um_ophys.nwb,22,48,624,4.176470588235294,13,14.615916955017303,17,84086336,620.0,160.0,0
27c1408f-5c15-412d-b419-a74c56e5d774,001841,sub-subject-ID-ST434/sub-subject-ID-ST434_ses-20200220T120005_icephys.nwb,67,170,6435,4.412698412698413,20,11.19475938523558,63,1129372,80.0,25.0,1
27c2b4c8-0a62-422f-83ba-67dfc90221bb,000773,sub-ant1-m1-d11-y2023/sub-ant1-m1-d11-y2023_ses-m1-d11-y2023-ant1-0-03x-isopropanol-40-t139-z70um_ophys.nwb,22,48,624,4.176470588235294,13,14.615916955017303,17,84086336,660.0,180.0,0
27c5adb8-12d5-4715-936d-b7dc5e89884e,000711,sub-451787/sub-451787_ses-20190530T113045_image.nwb,50,156,5473,4.478260869565218,24,34.72778827977316,46,196093872,360.0,40.0,0
27c96c47-2a8e-416d-94c4-ba37ca95e1e9,001475,sub-HSB-W21-8/sub-HSB-W21-8_ses-20250421_cell-av63_obj-wyft7t_icephys.nwb,64,168,6490,4.533333333333333,20,11.782222222222224,60,3526600,600.0,80.0,0
27cc2ef4-d52b-4756-a1df-a60677b8c1db,000467,sub-ant1-m4-d26-y2022/sub-ant1-m4-d26-y2022_ses-m4-d26-y2022-ant1-0-03x-6-methyl-5-hepten-2-one-40-t138-z0um_ophys.nwb,22,48,624,4.176470588235294,13,14.615916955017303,17,84086336,660.0,160.0,0
27ce8d8f-9577-442f-bb84-c4a28c9dc8e3,001550,sub-P150/sub-P150_ses-TaskSwitch4-181118a.nwb,35,112,2625,4.709677419354839,38,47.36732570239335,31,2042661,140.0,25.0,1
27cf92f6-d59d-412f-a52d-ce5a23a435d5,000467,sub-ant1-m4-d27-y2022/sub-ant1-m4-d27-y2022_ses-m4-d27-y2022-ant1-0-0075x-6-methyl-5-hepten-2-one-40-t136-z130um_ophys.nwb,22,48,624,4.176470588235294,13,14.615916955017303,17,84086336,500.0,140.0,0
27d3ba13-b437-42ec-841c-860a0e9cfec8,000408,sub-RuOx/sub-RuOx_obj-1ni8h6s_ecephys.nwb,22,45,579,3.9411764705882355,13,12.643598615916957,17,195212,540.0,200.0,0
27d59a28-039e-4ce2-a2fb-4dc53eba7ffd,000467,sub-ant3-m4-d26-y2022/sub-ant3-m4-d26-y2022_ses-m4-d26-y2022-ant3-0-48x-6-methyl-5-hepten-2-one-40-t216-z155um_ophys.nwb,22,48,624,4.176470588235294,13,14.615916955017303,17,84086336,500.0,140.0,0
27df2d64-5362-4eb6-93ae-a78fccc6009c,001169,sub-J040/sub-J040_ses-RWTautowait2-20220531-115915.nwb,32,117,3004,5.481481481481482,31,46.397805212620035,27,1307044,60.0,25.0,1
27dfcee3-32b4-4719-841f-70233628e268,000728,sub-497258322/sub-497258322_ses-506074436-StimC_ophys.nwb,23,48,605,4.055555555555555,13,13.163580246913579,18,37612035141,14020.0,25.0,1
27e469e1-6c6f-4727-b2b5-d14cfa9d1b95,001836,sub-julio/sub-julio_ses-julio-20230801_obj-1n9dgnq.nwb,103,84,1949,2.7777777777777777,65,53.68395061728392,90,688400,100.0,25.0,1
27e8f527-da8a-4a1f-89a8-d08b2074ab48,001753,sub-1467498546/sub-1467498546_ses-1467603218_icephys.nwb,338,1379,489737,5.937313432835821,136,116.06472711071505,335,60920170,3580.0,100.0,0
27fa9af0-f2cc-44a6-af1e-f786a0901260,000711,sub-489065/sub-489065_ses-20200224T144644_obj-yymlc7_image+ophys.nwb,78,229,9548,4.342465753424658,24,25.896415837868265,73,246328135,420.0,25.0,1
27fad925-97f2-48f7-ad07-a24678d12466,000711,sub-546605/sub-546605_ses-20210209T083735_obj-1wp67i8_image+ophys.nwb,78,229,9548,4.342465753424658,24,25.896415837868265,73,232093507,420.0,25.0,1
27ff0477-85c0-4fbe-8ccc-56386683c0eb,000409,sub-DY-010/sub-DY-010_ses-02fbb6da-3034-47d6-a61b-7d06c796a830_desc-processed_behavior+ecephys.nwb,89,267,20749,4.602409638554217,32,23.372042386413124,83,656264187,4140.0,100.0,0
280082fb-a8f8-4fca-a24d-e340bc8451e6,000020,sub-782818475/sub-782818475_ses-788296154_icephys.nwb,297,1249,378951,6.1020408163265305,124,115.36373733166735,294,56493227,62160.0,380.0,0
28036a43-a899-4062-958c-b52f6e2e329b,001776,sub-A34W/sub-A34W_ses-20230717T174432_icephys.nwb,138,486,65988,5.674418604651163,54,40.09554714259959,129,24406642,540.0,25.0,1
28050beb-7397-4db5-a6e9-bc78fbb33b35,001607,sub-Frodo/sub-Frodo_ses-5_obj-umchyj_behavior+ecephys.nwb,259,74,23259,2.9836065573770494,36,23.13087879602257,122,40730720,80.0,25.0,1
280af7c5-8244-46ac-b206-0a314833f13b,001169,sub-G064/sub-G064_ses-RWTautowait2-20220610-153414.nwb,32,117,3004,5.481481481481482,31,46.397805212620035,27,1434934,60.0,25.0,1
281361a5-19a2-4c1f-84a4-48394db7edc1,001550,sub-P059/sub-P059_ses-TaskSwitch4-170708a.nwb,35,112,2625,4.709677419354839,38,47.36732570239335,31,1691353,60.0,25.0,1
281c4366-4ebb-4e2b-b57a-890d328ce687,000773,sub-ant5-m4-d6-y2023/sub-ant5-m4-d6-y2023_ses-m4-d6-y2023-ant5-0-48x-isopropanol-40-t189-z155um_ophys.nwb,22,48,624,4.176470588235294,13,14.615916955017303,17,84086336,620.0,160.0,0
284a1b33-65f1-4ca8-a138-2c76b7679bfe,000713,sub-544837/sub-544837_ses-20201203T095554_image.nwb,48,114,2391,3.6818181818181817,23,23.762396694214885,44,188103411,500.0,25.0,1
285877b1-b7f9-4aae-b613-650f10eeeee2,001847,sub-RD059/sub-RD059_ses-RD059-20240815-165031_behavior.nwb,32,121,3215,5.428571428571429,36,51.530612244897966,28,609684,40.0,25.0,1
285e731b-9256-402f-8cf1-0946c3566f34,001169,sub-J012/sub-J012_ses-RWTautowait2-20210622-102657.nwb,32,116,2974,5.444444444444445,31,46.46913580246915,27,1162801,60.0,25.0,1
2860afc9-fe0f-4137-b8f5-de6095925988,001169,sub-L004/sub-L004_ses-RWTautowait2-20220204-141249.nwb,32,117,3004,5.481481481481482,31,46.397805212620035,27,773346,100.0,25.0,1
2869c6a3-70fe-42da-886e-6113cad96222,001836,sub-klein/sub-klein_ses-klein-20231101_obj-1xfqz4s.nwb,103,84,1949,2.7777777777777777,65,53.68395061728392,90,2125552,100.0,25.0,1
286ff6e1-7b0f-40b1-a267-9235d479caa5,000165,sub-Odo/sub-Odo_ses-Odo07-HomeCage_behavior+ecephys.nwb,34,59,1006,4.0,14,20.0,24,243716584,1800.0,60.0,0
2871bf3a-38f3-4bdc-b0a3-22912993e72c,001169,sub-G047/sub-G047_ses-RWTautowait2-20211020-153327.nwb,32,117,3004,5.481481481481482,31,46.397805212620035,27,997324,80.0,25.0,1
28799bb9-18a2-4f0b-8bd3-4af07c258c82,001169,sub-M041/sub-M041_ses-RWTautowait2-20220907-113249.nwb,32,116,2974,5.444444444444445,31,46.46913580246915,27,1249886,60.0,25.0,1
287ec80d-9c9a-4efe-ad8c-19ffb4ca5fae,001611,sub-25897/sub-25897_ses-20241113T190503_ecephys.nwb,25,52,649,4.105263157894737,13,13.988919667590027,19,17193476,80.0,25.0,1
2882223a-1351-4f9d-a2ed-7a081d1a816e,000020,sub-885375443/sub-885375443_ses-892414087_icephys.nwb,173,665,90101,5.6,57,51.969411764705875,170,58331093,33180.0,340.0,0
28825cfa-0d46-44e7-951e-a365d8591387,001169,sub-M039/sub-M039_ses-RWTautowait2-20211013-114939.nwb,32,116,2974,5.444444444444445,31,46.46913580246915,27,885662,80.0,25.0,1
28899d33-093e-4dd8-b919-0458e59495b3,001169,sub-S055/sub-S055_ses-RWTautowait2-20230131-141440.nwb,32,117,3004,5.481481481481482,31,46.397805212620035,27,975452,25.0,25.0,1
288c2026-53ba-434d-ae5e-4e8f30a98d3a,001169,sub-S026/sub-S026_ses-RWTautowait2-20211103-154737.nwb,32,117,3004,5.481481481481482,31,46.397805212620035,27,1531401,80.0,25.0,1
288cee6b-f8c7-4ff0-aceb-e5813d3676b9,001455,sub-977022362/sub-977022362_ses-983550449_icephys.nwb,136,521,55542,5.616541353383458,45,40.22138051896658,133,20235216,520.0,25.0,1
28aae481-f814-4da1-ab82-d0f66d1e0ec9,001169,sub-M053/sub-M053_ses-RWTautowait2-20230712-112434.nwb,32,117,3057,5.481481481481482,32,48.397805212620035,27,1222742,80.0,25.0,1
28adda7a-8b59-48dd-8342-6d022773de8b,000711,sub-513630/sub-513630_ses-20200706T102410_image.nwb,50,156,5473,4.478260869565218,24,34.72778827977316,46,196150094,360.0,25.0,1
28b233fa-d023-425d-a646-08ff69194d6a,001611,sub-25876/sub-25876_ses-20241108T144905_ecephys.nwb,25,52,649,4.105263157894737,13,13.988919667590027,19,12873060,100.0,25.0,1
28b739a7-86dc-4013-b02c-20e1877ad627,001847,sub-PB190/sub-PB190_ses-PB190-20240817-171515_behavior.nwb,30,114,2920,5.5,36,55.78846153846154,26,548580,25.0,25.0,1
28b7b04f-84c8-4bdb-89a3-97aab634b54b,001634,sub-Bilbo/sub-Bilbo_ses-3_obj-rfzzgc_ecephys.nwb,254,78,24032,3.1565217391304348,38,26.56680529300567,115,728064,80.0,25.0,1
28c46f28-9801-4b9c-bdb9-a3b51903f2da,000617,sub-686381/sub-686381_ses-1298485241-acq-1298598884-raw-movies_ophys.nwb,60,167,5466,4.277777777777778,17,22.12654320987654,54,21098653313,8280.0,25.0,1
28c5fb3c-d6ca-407f-8098-5d55a2d2ba53,001836,sub-julio/sub-julio_ses-julio-20230809_obj-1ajez3p_behavior.nwb,108,76,1751,2.6,65,49.06105263157894,95,76489832,140.0,25.0,1
28c91068-2921-420f-b980-be6ded0fa4d6,001169,sub-M037/sub-M037_ses-RWTautowait2-20211006-135956.nwb,32,116,2974,5.444444444444445,31,46.46913580246915,27,1174798,80.0,25.0,1
28cbc96c-ae3b-4f0f-bede-4f4fe165e7aa,000951,sub-LC22-fly4/sub-LC22-fly4_ses-(-LC22-fly4-161017-1643--).nwb,18,33,433,3.8461538461538463,13,13.822485207100591,13,187360,420.0,160.0,0
28ccfbbe-a726-44df-96f0-d3c099ba81bf,001550,sub-P127/sub-P127_ses-TaskSwitch4-180402a.nwb,35,112,2625,4.709677419354839,38,47.36732570239335,31,845622,100.0,25.0,1
28da330f-ac18-4aef-bc28-2478565b8ab9,000728,sub-576746148/sub-576746148_ses-594314285-StimB_behavior+image+ophys.nwb,47,200,33285,6.317073170731708,118,319.43604997025585,41,299083696,740.0,25.0,1
28decf5e-964f-4aaa-a320-16835de26758,001201,sub-Monkey-N/sub-Monkey-N_ses-20210703_ecephys.nwb,31,71,972,4.16,13,14.454399999999998,25,42070370,540.0,220.0,0
28e74af2-c2da-46a0-a560-dfe653a638b2,001349,sub-FGF9-Ncre-GAD37-5-AL/sub-FGF9-Ncre-GAD37-5-AL_ses-14_ophys.nwb,32,64,1380,3.923076923076923,13,11.07100591715976,26,22966430,120.0,25.0,1
28ea7767-4b2b-46e3-b99d-1d7fb75aee53,001414,sub-Ca2/sub-Ca2_ses-20250117-2-ctrl-KX-LED25ms-rec2_ophys.nwb,27,45,590,4.294117647058823,13,16.913494809688583,17,658435034,260.0,25.0,1
28f16d3a-65e5-4ab9-9cb2-64de4d08795d,001455,sub-644988797/sub-644988797_ses-645435040_icephys.nwb,109,414,36970,5.613207547169812,36,32.369259522961904,106,15487128,500.0,25.0,1
28f73c93-1aec-4af5-a30a-fb454257298f,001928,sub-438833/sub-438833_ses-837660819_ophys.nwb,102,2906,8548602,32.83870967741935,1594,35160.47936177592,93,1522180834,180.0,25.0,1
28fb0458-3242-4a93-9e07-13181ea196ef,001611,sub-25273/sub-25273_ses-20250428T155330_ecephys.nwb,25,52,649,4.105263157894737,13,13.988919667590027,19,19572824,120.0,25.0,1
2900ee25-ae0d-4d6f-a1d2-0f789340f2b5,001038,sub-Calb-1790/sub-Calb-1790_ses-20210412-0001.nwb,53,117,2473,4.071428571428571,16,13.73299319727891,42,25059852,180.0,25.0,1
29070f7c-7faf-4d0f-9dd0-3acf84d102ae,000351,sub-HJ-FP-datHT-stGtACR-M8/sub-HJ-FP-datHT-stGtACR-M8_ses-Day3-Pavlovian.nwb,25,49,554,3.3181818181818183,13,9.489669421487603,22,1453090032,1140.0,60.0,0
293a9c6b-c5d5-4f35-92dc-63c95e33432c,001169,sub-S021/sub-S021_ses-RWTautowait2-20211018-105735.nwb,32,117,3004,5.481481481481482,31,46.397805212620035,27,1000163,80.0,25.0,1
2950e879-33e9-425b-89fa-ff545c467baf,000773,sub-ant3-m1-d17-y2023/sub-ant3-m1-d17-y2023_ses-m1-d17-y2023-ant3-0-03x-3-hexanone-40-t205-z55um_ophys.nwb,22,48,624,4.176470588235294,13,14.615916955017303,17,84086336,620.0,160.0,0
29529707-fc32-45f5-8d05-a336201e7585,000773,sub-ant2-m1-d11-y2023/sub-ant2-m1-d11-y2023_ses-m1-d11-y2023-ant2-0-03x-3-hexanone-40-t171-z0um_ophys.nwb,22,48,624,4.176470588235294,13,14.615916955017303,17,84086336,620.0,160.0,0
29530398-0d71-498f-880d-2c165de84e1e,000970,sub-R155/sub-R155_ses-20240522.nwb,21,27,222,5.222222222222222,13,15.061728395061728,9,198984,60.0,25.0,1
295325e4-b256-4367-be89-55bfda462474,000628,sub-Fr/sub-Fr_ses-20220119T104353.nwb,26,39,494,4.266666666666667,13,17.662222222222226,15,7878638,280.0,120.0,0
2954d725-41d2-453d-b2c9-6e9cca7a73b2,000875,sub-10p-x4-600ns-200ms-3-2kV-YP-(dish11)/sub-10p-x4-600ns-200ms-3-2kV-YP-(dish11)_ses-10p-x4-600ns-200ms-3-2kV-YP_image.nwb,17,36,413,4.0,13,13.692307692307692,13,421416704,2460.0,220.0,0
29559b94-6290-463f-b993-a295cec47419,001169,sub-L020/sub-L020_ses-RWTautowait2-20221221-100240.nwb,32,118,3087,5.518518518518518,32,48.32373113854595,27,1078242,100.0,25.0,1
296cd7ff-47d1-4939-b251-8087cfacf3d1,000467,sub-ant1-m4-d27-y2022/sub-ant1-m4-d27-y2022_ses-m4-d27-y2022-ant1-0-12x-4-methyl-3-hexanol-40-t151-z80um_ophys.nwb,22,48,624,4.176470588235294,13,14.615916955017303,17,84086336,500.0,120.0,0
2975c349-bb54-42cb-bcbc-27a9d017d9a8,001836,sub-julio/sub-julio_ses-julio-20230808_obj-3krqgc_behavior.nwb,108,76,1751,2.6,65,49.06105263157894,95,4407008,120.0,25.0,1
29791a31-3f6d-4046-9976-feee97c1555b,001031,sub-c3-4-0V/sub-c3-4-0V_ses-100kHz-stimulation-4-0V_image.nwb,17,37,427,4.076923076923077,13,13.917159763313608,13,429536,140.0,60.0,0
297deba0-0a2d-4aa8-b5a0-beac3fb051d5,000409,sub-ZM-1897/sub-ZM-1897_ses-dd4da095-4a99-4bf3-9727-f735077dba66_desc-processed_behavior+ecephys.nwb,49,170,5372,5.285714285714286,32,40.394557823129254,42,618874558,1460.0,60.0,0
297fd6b9-4c28-48c4-8c86-e9ef2a0fb07d,000350,sub-20170113-3/sub-20170113-3_ses-20170113T150834_ophys.nwb,44,86,1365,3.35,13,7.727500000000001,40,438282035426,1986680.0,180.0,0
29892268-b096-467b-bf06-60b7bc4278db,001169,sub-J028/sub-J028_ses-RWTautowait2-20220418-134058.nwb,32,117,3004,5.481481481481482,31,46.397805212620035,27,1116139,60.0,25.0,1
298a76c4-bfd9-4407-97cd-2b750d519469,000773,sub-ant2-m1-d11-y2023/sub-ant2-m1-d11-y2023_ses-m1-d11-y2023-ant2-0-03x-ethylpyrazine-40-t161-z75um_ophys.nwb,22,48,624,4.176470588235294,13,14.615916955017303,17,84086336,620.0,160.0,0
298c2685-fe1d-4fe8-a443-346e52fa3af3,000336,sub-655042/sub-655042_ses-1241145430-acq-1241919401_ophys.nwb,67,256,14371,5.39344262295082,30,41.94356355818329,61,109017342,1260.0,280.0,0
298df424-f334-43e3-a5fd-6b93d19265b1,000713,sub-532246/sub-532246_ses-20200820T140102_image.nwb,48,118,2609,3.772727272727273,25,26.584710743801654,44,66526084,320.0,25.0,1
298f3c2b-3070-45a9-a7d9-03e4e6fee4e8,000467,sub-ant4-m4-d20-y2022/sub-ant4-m4-d20-y2022_ses-m4-d20-y2022-ant4-0-12x-4-methyl-3-heptanone-40-t213-z130um_ophys.nwb,22,48,624,4.176470588235294,13,14.615916955017303,17,84086336,680.0,160.0,0
298f78d6-0fe3-44ad-a3be-74ba5c875188,001169,sub-J011/sub-J011_ses-RWTautowait2-20210412-101937.nwb,32,116,2974,5.444444444444445,31,46.46913580246915,27,1090934,100.0,25.0,1
29910680-ab37-4c35-84e5-d45f08ead335,001751,sub-Mfa241218/sub-Mfa241218_ses-20241218HS1_obj-qwcrzm_icephys.nwb,271,1533,1124479,7.8320610687022905,240,207.7885904084842,262,35140024,1100.0,80.0,0
2991a90a-814c-4d83-82d8-76f07ae3601f,000773,sub-ant4-m1-d10-y2023/sub-ant4-m1-d10-y2023_ses-m1-d10-y2023-ant4-0-48x-propionic-acid-40-t159-z130um_ophys.nwb,22,48,624,4.176470588235294,13,14.615916955017303,17,84086336,620.0,160.0,0
29959193-72ae-48f0-861e-d2b0d9e7e6d6,000483,sub-SKKS091/sub-SKKS091_ses-20210518T174412_behavior+ophys.nwb,33,58,718,3.357142857142857,13,9.443877551020407,28,6244874097,3020.0,25.0,1
29969a94-e272-4f4a-8918-65b341aba66f,001564,sub-dat-e1-f8/sub-dat-e1-f8_ses-20250303T110233.nwb,18,35,402,3.7142857142857144,13,13.204081632653061,14,2588136,60.0,25.0,1
2996fe38-d7b4-469f-9a2b-7a4b540bc3b7,001611,sub-29641/sub-29641_ses-20250321T205826_ecephys.nwb,25,52,649,4.105263157894737,13,13.988919667590027,19,14265040,140.0,25.0,1
299ba3a8-4432-4fee-b314-c0fe9ff98b5c,001550,sub-P187/sub-P187_ses-TaskSwitch6-191104a.nwb,33,110,2570,4.896551724137931,38,49.74791914387635,29,953121,80.0,25.0,1
29a372cf-559e-438a-91bc-b9c6fe485224,000336,sub-647715/sub-647715_ses-1243780169-acq-1243924911-raw-movies_ophys.nwb,77,413,48665,7.0,30,52.11267605633803,71,19779309723,1340.0,25.0,1
29ae3ed0-0065-4fdf-a757-a20a0048609f,000971,sub-96-259/sub-96-259_ses-FP-RR20-2019-04-24T10-25-34_behavior.nwb,26,52,651,3.5,13,13.886363636363637,22,238536,60.0,25.0,1
29b55439-289e-4c08-9111-0a1256b18863,001550,sub-P055/sub-P055_ses-TaskSwitch4-160715a.nwb,35,112,2625,4.709677419354839,38,47.36732570239335,31,965430,60.0,25.0,1
29b6536f-947d-4a9f-a6ff-ca1fb160603e,000467,sub-ant3-m10-d11-y2022/sub-ant3-m10-d11-y2022_ses-m10-d11-y2022-ant3-0-48x-ethylpyrazine-40-t179-z135um_ophys.nwb,22,48,624,4.176470588235294,13,14.615916955017303,17,84086336,680.0,180.0,0
29b88a79-2bd1-490e-8557-dab658830788,000246,sub-phpV14-03-H5/sub-phpV14-03-H5_ses-20241118_obj-xcgw9g_ophys.nwb,33,46,581,3.5217391304347827,13,12.162570888468805,23,12760256,60.0,25.0,1
29b9e8f7-f454-46ac-9a40-6cb7d1258889,000711,sub-453989/sub-453989_ses-20190701T091407_image.nwb,50,156,5473,4.478260869565218,24,34.72778827977316,46,196173456,280.0,25.0,1
29bc5d2b-482b-4be0-82c7-0a71670ff705,000773,sub-ant4-m1-d20-y2023/sub-ant4-m1-d20-y2023_ses-m1-d20-y2023-ant4-0-48x-isopropanol-40-t194-z95um_ophys.nwb,22,48,624,4.176470588235294,13,14.615916955017303,17,84086336,600.0,160.0,0
29bece25-5b95-47b4-ae8d-9c0118d4408e,001611,sub-25897/sub-25897_ses-20241108T212551_ecephys.nwb,25,52,649,4.105263157894737,13,13.988919667590027,19,30553712,120.0,25.0,1
29c3fcb1-90a7-4028-b0d4-9dc685120f4c,000713,sub-553253/sub-553253_ses-20210125T095427_image.nwb,48,118,2609,3.772727272727273,25,26.584710743801654,44,66511056,180.0,25.0,1
29c48103-4bf7-42f6-b877-4da9464da1d6,001836,sub-klein/sub-klein_ses-klein-20231103_obj-10zwh5z_behavior.nwb,108,76,1751,2.6,65,49.06105263157894,95,17912272,60.0,25.0,1
29c590d6-2fea-41c8-90ac-2ccbd4028b87,000971,sub-282-402/sub-282-402_ses-Opto-DMS-Excitatory-ChR2Scrambled-2020-10-28T13-26-53_behavior+ogen.nwb,31,57,739,3.2962962962962963,14,13.393689986282581,27,255219,60.0,25.0,1
29c785f1-0e58-4841-bd1c-5e9bfac190cb,000773,sub-ant4-m4-d6-y2023/sub-ant4-m4-d6-y2023_ses-m4-d6-y2023-ant4-0-48x-4-methyl-3-heptanone-40-t159-z130um_ophys.nwb,22,48,624,4.176470588235294,13,14.615916955017303,17,84086336,600.0,160.0,0
29c973ae-dd2a-4686-bca1-5b4f29d072a2,001169,sub-G089/sub-G089_ses-RWTautowait2-20221020-160751.nwb,32,117,3004,5.481481481481482,31,46.397805212620035,27,1786341,80.0,25.0,1
29cf76f6-a57f-415a-941b-037a93610d36,001169,sub-M049/sub-M049_ses-RWTautowait2-20230623-094112.nwb,32,117,3057,5.481481481481482,32,48.397805212620035,27,1101298,120.0,25.0,1
29defb91-7fb6-4bf6-8949-9e5a707b138b,001169,sub-S022/sub-S022_ses-RWTautowait2-20220303-122349.nwb,32,117,3004,5.481481481481482,31,46.397805212620035,27,772331,80.0,25.0,1
29e05bb6-e437-4189-b667-f7493c5f9e66,001550,sub-P135/sub-P135_ses-TaskSwitch4-180407a.nwb,35,112,2625,4.709677419354839,38,47.36732570239335,31,1737370,60.0,25.0,1
29e73edd-904b-4bd4-93c3-8134657ded95,001038,sub-Anxa-2558/sub-Anxa-2558_ses-20221030-0001.nwb,54,118,2573,4.119047619047619,16,14.10487528344671,42,27195126,420.0,25.0,1
29f17e05-e230-4798-a877-675c771491b9,000054,sub-FD1/sub-FD1_ses-testing-day9_behavior+ophys.nwb,50,85,2236,3.111111111111111,13,8.94320987654321,45,791780256,600.0,25.0,1
2a0157d5-75e0-45f0-925e-990bf99ef85d,000954,sub-HumanPitt-held-in-minival/sub-HumanPitt-held-in-minival_ses-19250113T121303.nwb,23,52,488,3.8947368421052633,13,12.199445983379503,19,922184,900.0,400.0,0
2a048836-2eb1-4158-a8a9-e90a49b88cba,000020,sub-740369784/sub-740369784_ses-743468025_icephys.nwb,212,886,169453,6.0,78,69.17703349282297,209,29844718,36780.0,380.0,0
2a057639-4994-47ee-8abb-42c3c4c5b7bf,000773,sub-ant1-m1-d11-y2023/sub-ant1-m1-d11-y2023_ses-m1-d11-y2023-ant1-0-03x-ethanol-40-t137-z20um_ophys.nwb,22,48,624,4.176470588235294,13,14.615916955017303,17,84086336,640.0,160.0,0
2a0a07b1-dd90-46b5-9edf-8a7f53de4396,001351,sub-1317456800/sub-1317456800_ses-1319184663_icephys.nwb,179,641,87162,5.3522727272727275,61,51.14863119834711,176,65693658,920.0,25.0,1
2a0fa2ef-0e34-4ccb-9d54-6be599f83b1a,000552,sub-e13-1m1/sub-e13-1m1_ses-e13-1m1-200225_behavior+ecephys.nwb,22,60,943,4.5,16,19.805555555555557,18,86489157,2140.0,200.0,0
2a0fc746-2d7a-4f5e-8d34-0d43385f95a2,000773,sub-ant5-m1-d11-y2023/sub-ant5-m1-d11-y2023_ses-m1-d11-y2023-ant5-0-03x-propionic-acid-40-t227-z60um_ophys.nwb,22,48,624,4.176470588235294,13,14.615916955017303,17,84086336,620.0,160.0,0
2a144c8d-a5dc-4e44-86be-9b79005e0621,001550,sub-P167/sub-P167_ses-TaskSwitch4-180811a.nwb,35,112,2625,4.709677419354839,38,47.36732570239335,31,1143527,60.0,25.0,1
2a185056-9d89-44ab-ae5b-257dccbd75f6,001169,sub-L012/sub-L012_ses-RWTautowait2-20221021-104224.nwb,32,118,3087,5.518518518518518,32,48.32373113854595,27,1038049,60.0,25.0,1
2a1df792-3c62-47e0-8b5d-18853d70a754,000535,sub-467422/sub-467422_ses-20190703T180758_behavior+ophys.nwb,32,49,593,3.1538461538461537,13,9.89940828402367,26,280655060,660.0,100.0,0
2a1edba0-889f-4fae-8ef8-22b1bee10002,000773,sub-ant3-m1-d17-y2023/sub-ant3-m1-d17-y2023_ses-m1-d17-y2023-ant3-0-03x-4-methyl-3-heptanone-40-t190-z105um_ophys.nwb,22,48,624,4.176470588235294,13,14.615916955017303,17,84086336,620.0,160.0,0
2a1fa2fa-80fe-4c08-b8fe-f5117addcdd7,000932,sub-Rat2/sub-Rat2_ses-20220603T153939_ecephys.nwb,31,52,761,3.4615384615384617,13,13.556213017751478,26,685689427,580.0,60.0,0
2a21dc25-4ede-473b-bf6f-18580944b60d,000467,sub-ant2-m4-d27-y2022/sub-ant2-m4-d27-y2022_ses-m4-d27-y2022-ant2-0-12x-4-methyl-3-heptanol-40-t196-z35um_ophys.nwb,22,48,624,4.176470588235294,13,14.615916955017303,17,84086336,480.0,120.0,0
2a299e83-c880-48b0-961a-de2bdf66cbad,000535,sub-467950/sub-467950_ses-20190726T161008_behavior+ophys.nwb,32,49,593,3.1538461538461537,13,9.89940828402367,26,16738628,320.0,100.0,0
2a30cb3b-be1b-4790-aa06-ab0492a84eaa,001550,sub-P116/sub-P116_ses-TaskSwitch4-171012a.nwb,35,112,2625,4.709677419354839,38,47.36732570239335,31,1368529,120.0,25.0,1
2a33edc3-f34e-4049-bff2-30d6c84d4914,001550,sub-P189/sub-P189_ses-TaskSwitch6-190623a.nwb,33,110,2570,4.896551724137931,38,49.74791914387635,29,1221920,60.0,25.0,1
2a3f9ff3-5e9f-4f40-a7b3-cf4f13990b6a,001550,sub-P187/sub-P187_ses-TaskSwitch6-200913a.nwb,33,110,2570,4.896551724137931,38,49.74791914387635,29,1011247,80.0,25.0,1
2a3fcdbd-aa5e-43dc-9459-4fa0ed95fe3d,001169,sub-J034/sub-J034_ses-RWTautowait2-20220608-113854.nwb,32,117,3004,5.481481481481482,31,46.397805212620035,27,1175111,120.0,25.0,1
2a43d7cc-fd81-4e1d-bbb0-6265ba016f79,000711,sub-467954/sub-467954_ses-20190813T095218_image.nwb,48,119,2682,3.7954545454545454,26,27.571797520661153,44,66809258,200.0,25.0,1
2a504260-51d1-4730-82d8-485b68f227f3,001611,sub-29641/sub-29641_ses-20250327T034142_ecephys.nwb,25,52,649,4.105263157894737,13,13.988919667590027,19,12191676,80.0,25.0,1
2a54df70-9066-4401-9c97-d6a0ef376dc7,000769,sub-1283839697/sub-1283839697_ses-1286165936_icephys.nwb,173,664,96721,5.629411764705883,60,51.00972318339101,170,44940604,14060.0,160.0,0
2a5509a4-52ba-404c-92d6-7cdd4f6ac06f,000467,sub-ant3-m4-d27-y2022/sub-ant3-m4-d27-y2022_ses-m4-d27-y2022-ant3-0-0075x-4-methyl-3-hexanol-40-t137-z85um_ophys.nwb,22,48,624,4.176470588235294,13,14.615916955017303,17,84086336,460.0,120.0,0
2a595ab1-495e-45b4-81ab-955c2e2bc8af,000773,sub-ant2-m1-d11-y2023/sub-ant2-m1-d11-y2023_ses-m1-d11-y2023-ant2-0-03x-3-hexanone-40-t164-z100um_ophys.nwb,22,48,624,4.176470588235294,13,14.615916955017303,17,84086336,620.0,160.0,0
2a5a186a-d434-4c46-b744-43432daf9483,001455,sub-815493627/sub-815493627_ses-818825701_icephys.nwb,244,1008,241140,5.966804979253112,93,81.7582341901827,241,60712011,1660.0,25.0,1
2a5d3245-e0af-4b6b-9c69-a89d3a42aec2,001181,sub-m1637/sub-m1637_ses-20220828T123802Z_photometry.nwb,18,54,762,5.461538461538462,19,29.940828402366858,13,218920,25.0,25.0,1
2a640983-3579-4eeb-a4ec-f129c0f3e702,000713,sub-568022/sub-568022_ses-20210428T131815_image.nwb,48,115,2402,3.7045454545454546,23,23.889979338842977,44,191375818,200.0,25.0,1
2a6be8b5-49af-410f-a165-73c77743921f,000773,sub-ant1-m4-d6-y2023/sub-ant1-m4-d6-y2023_ses-m4-d6-y2023-ant1-0-48x-ethylpyrazine-40-t138-z115um_ophys.nwb,22,48,624,4.176470588235294,13,14.615916955017303,17,84086336,580.0,160.0,0
2a6cedbc-f9f9-4556-8cf4-5f86548e1a8d,000246,sub-phpV14-01-H2/sub-phpV14-01-H2_ses-20241022_obj-1dnn189_ophys.nwb,33,46,581,3.5217391304347827,13,12.162570888468805,23,12760256,60.0,25.0,1
2a6db86c-113d-4d12-b79d-d694c86a0dd6,001841,sub-subject-ID-ST399/sub-subject-ID-ST399_ses-20190913T153246_icephys.nwb,87,230,13320,4.554216867469879,30,18.4398316156191,83,1391833,60.0,25.0,1
2a7ad2ae-e8a2-4d7f-bfb7-0d9c6cc6649f,001174,sub-Q/sub-Q_ophys.nwb,29,45,563,3.12,13,8.9856,25,790140856,6160.0,280.0,0
2a819b86-8881-469b-b007-32aba1a8b37f,000959,sub-L/sub-L_ses-20191004_obj-f4zrlm_behavior.nwb,41,275,26986,8.513513513513514,16,33.330898466033595,37,17549304,320.0,60.0,0
2a827bfe-3597-46ab-bda2-b60e81c214fb,001634,sub-Bilbo/sub-Bilbo_ses-5_obj-1f61xef_ecephys.nwb,256,79,23510,3.0756302521008405,36,24.08671703975707,119,2564504,100.0,25.0,1
2a886864-c96a-4548-874b-93ab9df30f74,000713,sub-542072/sub-542072_ses-20201016T140428_image.nwb,48,118,2609,3.772727272727273,25,26.584710743801654,44,68052175,280.0,25.0,1
2a89f626-b8a7-43a7-b8ba-63f793c609d5,001169,sub-L020/sub-L020_ses-RWTautowait2-20230202-153114.nwb,32,117,3004,5.481481481481482,31,46.397805212620035,27,1120836,80.0,25.0,1
2a8c284b-abd1-4b1f-9446-60c8c5ddc7b7,001550,sub-P049/sub-P049_ses-TaskSwitch4-160331a.nwb,35,111,2551,4.67741935483871,37,45.25078043704474,31,792478,100.0,25.0,1
2a8f7858-6553-4da7-8da0-906350a444ed,000020,sub-755664513/sub-755664513_ses-757322224_icephys.nwb,133,545,56484,5.876923076923077,43,40.3694674556213,130,20045987,23700.0,380.0,0
2a9cece1-c0d9-46a0-ac6a-e6a6c12aa330,000467,sub-ant1-m4-d27-y2022/sub-ant1-m4-d27-y2022_ses-m4-d27-y2022-ant1-0-0075x-4-methyl-3-heptanol-40-t128-z150um_ophys.nwb,22,48,624,4.176470588235294,13,14.615916955017303,17,84086336,480.0,120.0,0
2aa716f0-a236-4168-a6e6-f756c71f9428,000773,sub-ant4-m1-d10-y2023/sub-ant4-m1-d10-y2023_ses-m1-d10-y2023-ant4-0-48x-3-hexanone-40-t163-z50um_ophys.nwb,22,48,624,4.176470588235294,13,14.615916955017303,17,84086336,640.0,160.0,0
2aa9365d-5b5d-414a-bbea-2d6e65d56a98,000467,sub-ant2-m4-d20-y2022/sub-ant2-m4-d20-y2022_ses-m4-d20-y2022-ant2-0-12x-4-methyl-3-hexanol-40-t152-z135um_ophys.nwb,22,48,624,4.176470588235294,13,14.615916955017303,17,84086336,660.0,180.0,0
2aab7a35-3358-4c5b-a513-05a94719d84c,000773,sub-ant4-m4-d6-y2023/sub-ant4-m4-d6-y2023_ses-m4-d6-y2023-ant4-0-48x-4-methyl-3-heptanone-40-t159-z135um_ophys.nwb,22,48,624,4.176470588235294,13,14.615916955017303,17,84086336,600.0,160.0,0
2ab238bb-9401-410c-b178-56907245578e,001474,sub-MPK133/sub-MPK133_ses-20240508T120000.nwb,20,43,448,3.875,13,11.734375,16,6026208,60.0,25.0,1
2ab5683f-db1b-4b29-8dba-ed06e513677c,001169,sub-S062/sub-S062_ses-RWTautowait2-20230519-094218.nwb,32,118,3087,5.518518518518518,32,48.32373113854595,27,1235115,100.0,25.0,1
2ab6c7e6-ac8d-42ad-baeb-aea1f9c16b6a,000773,sub-ant1-m1-d11-y2023/sub-ant1-m1-d11-y2023_ses-m1-d11-y2023-ant1-0-03x-3-hexanone-40-t138-z15um_ophys.nwb,22,48,624,4.176470588235294,13,14.615916955017303,17,84086336,640.0,180.0,0
2abf30c7-673a-4691-b3fe-f7089a7852da,001169,sub-S049/sub-S049_ses-RWTautowait2-20221110-160213.nwb,32,117,3004,5.481481481481482,31,46.397805212620035,27,1268258,80.0,25.0,1
2ac74c7f-f11f-40fe-a127-d56cf8f3fdcb,001169,sub-J055/sub-J055_ses-RWTautowait2-20221122-103318.nwb,32,118,3087,5.518518518518518,32,48.32373113854595,27,811691,100.0,25.0,1
2ad776e8-9aca-45df-80f6-2759b94e4642,000773,sub-ant1-m1-d17-y2023/sub-ant1-m1-d17-y2023_ses-m1-d17-y2023-ant1-0-03x-ethanol-40-t139-z35um_ophys.nwb,22,48,624,4.176470588235294,13,14.615916955017303,17,84086336,640.0,160.0,0
2adb3adf-e446-44e2-9f2f-20c1ec32f24b,001550,sub-P059/sub-P059_ses-TaskSwitch4-160919a.nwb,35,112,2625,4.709677419354839,38,47.36732570239335,31,1589994,100.0,25.0,1
2ae2fc03-d9f5-4e73-9da5-d11c2fbfe1a7,001169,sub-L029/sub-L029_ses-RWTautowait2-20230718-094035.nwb,32,118,3087,5.518518518518518,32,48.32373113854595,27,1514029,80.0,25.0,1
2ae55120-a9e9-40c4-957f-c2c0da7a440b,000711,sub-550603/sub-550603_ses-20210302T121620_obj-1packb7_image+ophys.nwb,78,229,9548,4.342465753424658,24,25.896415837868265,73,243319041,520.0,25.0,1
2aeb8037-3409-4643-afb4-40303129a4b5,000971,sub-118-279/sub-118-279_ses-Opto-DMS-Excitatory-EYFP-2019-07-12T12-34-28_behavior+ogen.nwb,31,58,761,3.3333333333333335,15,14.22222222222222,27,252773,80.0,60.0,0
2af47335-19f3-40de-886b-cf413d4e7699,001550,sub-P167/sub-P167_ses-TaskSwitch4-181025a.nwb,35,112,2625,4.709677419354839,38,47.36732570239335,31,543721,25.0,25.0,1
2af511c5-3ce2-4387-8e68-46584efd9351,001550,sub-P100/sub-P100_ses-TaskSwitch4-170529a.nwb,35,112,2625,4.709677419354839,38,47.36732570239335,31,1499148,120.0,25.0,1
2af54082-509f-4596-8b8e-b253e2e9de24,001169,sub-G024/sub-G024_ses-RWTautowait2-20210423-122533.nwb,32,117,3004,5.481481481481482,31,46.397805212620035,27,1722066,80.0,25.0,1
2af91717-a9df-4e90-834f-2441982e9ec3,000971,sub-276-405/sub-276-405_ses-Opto-DLS-Excitatory-Unknown-2020-09-24T11-19-04_ogen.nwb,30,56,729,3.3461538461538463,14,13.84171597633136,26,248877,60.0,25.0,1
2afc9854-43c3-45ed-965d-5fd95af7772a,001169,sub-E005/sub-E005_ses-RWTautowait2-20220812-113605.nwb,32,117,3004,5.481481481481482,31,46.397805212620035,27,1018736,25.0,25.0,1
2afcfda5-9bcc-412a-ad54-509d26999f20,001055,sub-Animal-1/sub-Animal-1_ses-1-to-10.nwb,35,67,1074,3.2580645161290325,13,8.578563995837671,31,375807195,1600.0,100.0,0
2b018659-78b3-4d46-87c4-62008570f35e,001837,sub-G4-1/sub-G4-1_obj-us8h8m_ecephys.nwb,22,45,579,3.9411764705882355,13,12.643598615916957,17,198444,60.0,25.0,1
2b055097-1a4b-4d7f-973a-bce96c08c723,000020,sub-982382956/sub-982382956_ses-987201084_icephys.nwb,155,603,74463,5.657894736842105,51,42.75138504155125,152,27827338,25960.0,340.0,0
2b05cda5-8424-4c6e-a824-065528e3a51a,000637,sub-BH477/sub-BH477_obj-a46enh_ecephys.nwb,28,46,627,4.111111111111111,14,15.654320987654321,18,4524576,160.0,60.0,0
2b06372d-4fee-4e34-98ff-773acefea352,001169,sub-J071/sub-J071_ses-RWTautowait2-20230518-132125.nwb,32,118,3087,5.518518518518518,32,48.32373113854595,27,1322553,100.0,25.0,1
2b0721ca-fd50-48a8-afc8-3f06a200cf9e,000467,sub-ant3-m4-d27-y2022/sub-ant3-m4-d27-y2022_ses-m4-d27-y2022-ant3-0-0075x-4-methyl-3-hexanol-40-t137-z105um_ophys.nwb,22,48,624,4.176470588235294,13,14.615916955017303,17,84086336,480.0,120.0,0
2b0d94a6-c19e-43a0-ae2f-140938115ccb,001550,sub-P059/sub-P059_ses-TaskSwitch4-170504a.nwb,35,112,2625,4.709677419354839,38,47.36732570239335,31,1411586,80.0,25.0,1
2b15f7c0-f482-4405-a479-368c5e73d49e,001550,sub-P130/sub-P130_ses-TaskSwitch4-190724a.nwb,35,112,2625,4.709677419354839,38,47.36732570239335,31,1432589,60.0,25.0,1
2b1a1b3e-9c90-4060-a71b-59a3306aebf3,000363,sub-456772/sub-456772_ses-20191123T135013_behavior+ecephys+image+ogen.nwb,477,1434,868347,4.085287846481877,426,385.3317451730081,469,301531861001,216800.0,80.0,0
2b2a08b7-30b6-430e-84bb-e57c2c176c25,001169,sub-J008/sub-J008_ses-RWTautowait2-20201110-153954.nwb,32,117,3004,5.481481481481482,31,46.397805212620035,27,1429016,60.0,25.0,1
2b375c27-f6fc-4042-b8ec-261c1673decd,000467,sub-ant2-m4-d27-y2022/sub-ant2-m4-d27-y2022_ses-m4-d27-y2022-ant2-0-0075x-4-methyl-3-heptanone-40-t177-z85um_ophys.nwb,22,48,624,4.176470588235294,13,14.615916955017303,17,84086336,500.0,140.0,0
2b39f547-fc16-48b5-90ba-9b71c304393b,001455,sub-844941280/sub-844941280_ses-849667558_icephys.nwb,118,462,42036,5.6869565217391305,39,36.284612476370505,115,19167744,700.0,25.0,1
2b462879-50bb-4e80-88e0-e53c076fea81,000467,sub-ant2-m10-d11-y2022/sub-ant2-m10-d11-y2022_ses-m10-d11-y2022-ant2-0-48x-ethanol-40-t148-z140um_ophys.nwb,22,48,624,4.176470588235294,13,14.615916955017303,17,84086336,680.0,180.0,0
2b4a722b-214f-4de6-af72-2dc393eed69d,001169,sub-M031/sub-M031_ses-RWTautowait2-20210114-152001.nwb,32,117,3004,5.481481481481482,31,46.397805212620035,27,1324228,60.0,25.0,1
2b523ab0-be41-4be5-9833-5da9101d2062,000713,sub-546503/sub-546503_ses-20201113T124456_image.nwb,48,115,2402,3.7045454545454546,23,23.889979338842977,44,188094624,280.0,25.0,1
2b5a699d-076a-4246-af6e-964563531ca6,001169,sub-M024/sub-M024_ses-RWTautowait2-20200803-130918.nwb,32,116,2923,5.444444444444445,30,44.54320987654322,27,1049751,80.0,25.0,1
2b62ae3c-602c-46fd-a163-1cfebd6501da,001169,sub-J025/sub-J025_ses-RWTautowait2-20211209-135336.nwb,32,117,3004,5.481481481481482,31,46.397805212620035,27,1037633,80.0,25.0,1
2b649cd8-371f-4cd2-b6cc-190a924697c3,000617,sub-703102/sub-703102_ses-1327386124-acq-1327903094-raw-movies_ophys.nwb,60,167,5466,4.277777777777778,17,22.12654320987654,54,21143508179,8160.0,25.0,1
2b675472-7f12-4c77-868f-e360f643d8a9,000467,sub-ant5-m10-d11-y2022/sub-ant5-m10-d11-y2022_ses-m10-d11-y2022-ant5-0-48x-propionic-acid-40-t202-z75um_ophys.nwb,22,48,624,4.176470588235294,13,14.615916955017303,17,84086336,680.0,180.0,0
2b692f1a-69ce-464c-ac49-a6d80e586d5c,001169,sub-J077/sub-J077_ses-RWTautowait2-20230418-160724.nwb,32,118,3087,5.518518518518518,32,48.32373113854595,27,2197045,120.0,25.0,1
2b69f341-fec7-4f9a-af02-698c0812fec0,001775,sub-UT06/sub-UT06_ses-Day22_behavior+ecephys.nwb,49,115,1993,4.4,26,29.139999999999997,40,499778336,280.0,25.0,1
2b6a4809-0c95-4ce1-afa0-94079205bf29,000773,sub-ant1-m4-d6-y2023/sub-ant1-m4-d6-y2023_ses-m4-d6-y2023-ant1-0-48x-4-methyl-3-heptanone-40-t142-z100um_ophys.nwb,22,48,624,4.176470588235294,13,14.615916955017303,17,84086336,600.0,160.0,0
2b6d4c69-1766-4bf8-8112-5e6ca3a957de,001550,sub-P095/sub-P095_ses-TaskSwitch4-170906a.nwb,35,112,2625,4.709677419354839,38,47.36732570239335,31,1682252,140.0,25.0,1
2b6e9b40-41af-4a06-b6b7-f101453dcab9,000773,sub-ant1-m4-d6-y2023/sub-ant1-m4-d6-y2023_ses-m4-d6-y2023-ant1-0-48x-4-methyl-3-heptanone-40-t128-z85um_ophys.nwb,22,48,624,4.176470588235294,13,14.615916955017303,17,84086336,580.0,160.0,0
2b6f1804-ea4a-42b2-903c-852f7e2899ca,000617,sub-677038/sub-677038_ses-1284580866-acq-1284751101-raw-movies_ophys.nwb,60,167,5466,4.277777777777778,17,22.12654320987654,54,21115722419,8460.0,25.0,1
2b725fb2-5bb2-4529-944c-39ae8c42f9a0,001169,sub-L024/sub-L024_ses-RWTautowait2-20230412-104548.nwb,32,118,3087,5.518518518518518,32,48.32373113854595,27,1090325,80.0,25.0,1
2b74ebdd-f9b5-4197-8e44-40130f450ac3,000336,sub-656228/sub-656228_ses-1245548523-acq-1245937734-denoised-movies_ophys.nwb,72,414,48262,7.3283582089552235,30,52.220539095566956,67,19729783571,1580.0,25.0,1
2b7c8e6b-064e-4975-89bd-c5a59d80cb0b,001169,sub-L021/sub-L021_ses-RWTautowait2-20230517-094748.nwb,32,118,3087,5.518518518518518,32,48.32373113854595,27,1228216,80.0,25.0,1
2b7d8116-19a6-452d-b911-55ac0d190918,001169,sub-M044/sub-M044_ses-RWTautowait2-20220623-153954.nwb,32,116,2974,5.444444444444445,31,46.46913580246915,27,1537180,100.0,25.0,1
2b89b037-5a52-4861-b319-937b291f7dea,001169,sub-S018/sub-S018_ses-RWTautowait2-20210324-114809.nwb,32,116,2974,5.444444444444445,31,46.46913580246915,27,1356629,60.0,25.0,1
2b8bedbc-6f45-452d-917d-7a9b928f417d,001607,sub-Bilbo/sub-Bilbo_ses-4_obj-ol21wc_ecephys.nwb,255,67,23794,3.043103448275862,38,25.43779726516053,116,33613716,80.0,25.0,1
2b94ca30-3ba0-4176-87c9-11f262530d6e,001550,sub-P100/sub-P100_ses-TaskSwitch4-180325a.nwb,35,112,2625,4.709677419354839,38,47.36732570239335,31,1479219,60.0,25.0,1
2b95e566-87dd-457a-ab5a-ebfb2ada0f7e,001169,sub-S023/sub-S023_ses-RWTautowait2-20211118-102955.nwb,32,117,3004,5.481481481481482,31,46.397805212620035,27,1008647,80.0,25.0,1
2b963d11-0523-4cf5-9ec9-19e0eb8bdc5e,001065,sub-QN22-26-022/sub-QN22-26-022_ses-20220630T173619_icephys.nwb,259,1095,353224,6.203921568627451,114,95.74665128796617,255,27875960,920.0,80.0,0
2b975915-b973-4d2b-b595-daa8dc801fa9,000971,sub-62-207/sub-62-207_ses-FP-PR-2018-10-09T12-32-42_behavior.nwb,26,52,651,3.5,13,13.886363636363637,22,236053,80.0,25.0,1
2b9b35e1-893c-4725-be03-258d7ff43667,000728,sub-519772020/sub-519772020_ses-528972913-StimB_ophys.nwb,23,48,605,4.055555555555555,13,13.163580246913579,18,37485494514,13080.0,25.0,1
2b9cb57a-0ba2-42b4-bd23-9daf7c829476,000628,sub-Lo/sub-Lo_ses-20211223T152014_behavior.nwb,1363,4051,16112693,4.000739098300074,1338,1316.4530667116787,1353,64944931,4000.0,120.0,0
2b9d7e5c-9687-4cce-a9ba-979e8408ed4f,000711,sub-476970/sub-476970_ses-20191204T122543_image.nwb,50,156,5473,4.478260869565218,24,34.72778827977316,46,196144797,440.0,25.0,1
2ba3f64a-98ee-40ac-9377-4f48faf5734a,000728,sub-603221684/sub-603221684_ses-638754561-StimC2_ophys.nwb,23,48,605,4.055555555555555,13,13.163580246913579,18,40430861074,16060.0,25.0,1
2bb356f2-b7d8-45bd-9ac4-271bdbe858b3,001169,sub-G043/sub-G043_ses-RWTautowait2-20210607-103112.nwb,32,117,3004,5.481481481481482,31,46.397805212620035,27,1294025,60.0,25.0,1
2bb3bdec-b435-4992-b4d0-0833f02c9707,001847,sub-RD066/sub-RD066_ses-RD066-20241124-111604_behavior.nwb,32,121,3215,5.428571428571429,36,51.530612244897966,28,539996,25.0,25.0,1
2bb638f6-42c1-4e36-857a-29603a582b3b,000773,sub-ant2-m1-d17-y2023/sub-ant2-m1-d17-y2023_ses-m1-d17-y2023-ant2-0-03x-3-hexanone-40-t171-z115um_ophys.nwb,22,48,624,4.176470588235294,13,14.615916955017303,17,84086336,620.0,160.0,0
2bb75598-bc3c-451d-bc8c-ab45dd7b2800,001169,sub-J001/sub-J001_ses-RWTautowait2-20200827-095433.nwb,32,117,3004,5.481481481481482,31,46.397805212620035,27,1287371,60.0,25.0,1
2bb7d51e-1b2d-4701-bec0-ff70e9ea0482,000248,sub-630506/sub-630506_ses-1192952695_probe-1_ecephys.nwb,27,55,937,3.772727272727273,14,15.08471074380165,22,2338121197,1300.0,60.0,0
2bbcebb6-486c-4656-a96f-546afedd00c9,000932,sub-Rat4/sub-Rat4_ses-20221031T131619_ecephys.nwb,32,53,777,3.4444444444444446,13,13.1358024691358,27,2744149253,1220.0,25.0,1
2bc2c3e5-3dd6-4f8d-871e-a88a691e19fa,000467,sub-ant4-m4-d26-y2022/sub-ant4-m4-d26-y2022_ses-m4-d26-y2022-ant4-0-48x-4-methyl-3-heptanol-40-t256-z145um_ophys.nwb,22,48,624,4.176470588235294,13,14.615916955017303,17,84086336,500.0,140.0,0
2bcfd4ba-7442-4073-81f5-1afb0d6d17a5,000409,sub-NYU-12/sub-NYU-12_ses-b182b754-3c3e-4942-8144-6ee790926b58_desc-processed_behavior+ecephys.nwb,68,204,8894,4.612903225806452,32,29.78563995837669,62,885857731,2480.0,60.0,0
2bd266fb-1821-4f96-95c7-51466ad456d0,000713,sub-544836/sub-544836_ses-20201030T110834_image.nwb,48,115,2402,3.7045454545454546,23,23.889979338842977,44,188005326,360.0,25.0,1
2bd96b22-8461-42de-ba97-246218995cfb,001550,sub-P123/sub-P123_ses-TaskSwitch4-180411a.nwb,35,112,2625,4.709677419354839,38,47.36732570239335,31,1361750,100.0,25.0,1
2bda7834-9393-43ff-9694-408c5f52ca8b,000711,sub-484408/sub-484408_ses-20191104T092100_obj-y7gs4n_image+ophys.nwb,73,223,9181,4.5,24,27.25,68,528866627,480.0,25.0,1
2bda7bcf-9853-48f0-9f93-3c50c817068d,001169,sub-G097/sub-G097_ses-RWTautowait2-20230421-153045.nwb,32,118,3087,5.518518518518518,32,48.32373113854595,27,1426135,80.0,25.0,1
2be309a3-c3cc-40d7-aeb7-a5be1a159545,001169,sub-M025/sub-M025_ses-RWTautowait2-20200806-111244.nwb,32,116,2923,5.444444444444445,30,44.54320987654322,27,1461653,80.0,25.0,1
2bea0468-3bc8-4710-9f9d-ece4b5806f7d,000773,sub-ant2-m2-d24-y2023/sub-ant2-m2-d24-y2023_ses-m2-d24-y2023-ant2-0-48x-isopropanol-40-t161-z0um_ophys.nwb,22,48,624,4.176470588235294,13,14.615916955017303,17,84086336,600.0,160.0,0
2bf449b0-b943-4c55-b42f-204949599ca7,000773,sub-ant1-m1-d11-y2023/sub-ant1-m1-d11-y2023_ses-m1-d11-y2023-ant1-0-03x-ethylpyrazine-40-t142-z130um_ophys.nwb,22,48,624,4.176470588235294,13,14.615916955017303,17,84086336,640.0,160.0,0
2bf7b5f3-7e46-4834-acc7-6c90ed7960dc,001177,sub-E0/sub-E0_ses-PPXopenField-E0-day1_ecephys.nwb,61,156,6048,3.807017543859649,34,21.208371806709753,57,36447829123,18460.0,140.0,0
2bfa580f-978b-417b-bf0d-14c706887afc,000713,sub-570299/sub-570299_ses-20210617T103808_image.nwb,48,115,2402,3.7045454545454546,23,23.889979338842977,44,191386341,280.0,25.0,1
2bfcf35c-5312-4022-b910-0d8689c353e3,001455,sub-626194847/sub-626194847_ses-637380428_icephys.nwb,200,710,105928,5.218274111675127,59,51.693473163441475,197,19324371,560.0,25.0,1
2bfcfa82-b226-4504-87d1-58b3c4bcca7f,000773,sub-ant5-m1-d10-y2023/sub-ant5-m1-d10-y2023_ses-m1-d10-y2023-ant5-0-48x-4-methyl-3-heptanol-40-t181-z145um_ophys.nwb,22,48,624,4.176470588235294,13,14.615916955017303,17,84086336,640.0,160.0,0
2c097f79-7e4a-44aa-9900-dc8578df5535,001775,sub-UT14/sub-UT14_ses-Day21_behavior+ecephys.nwb,71,117,2015,3.5483870967741935,33,33.98959417273674,62,810368600,360.0,25.0,1
2c110cd8-32b7-4931-9c82-9a3db34a861c,000773,sub-ant3-m1-d10-y2023/sub-ant3-m1-d10-y2023_ses-m1-d10-y2023-ant3-0-48x-propionic-acid-40-t129-z45um_ophys.nwb,22,48,624,4.176470588235294,13,14.615916955017303,17,84086336,660.0,180.0,0
2c120265-57f3-451e-8bbc-b17196ce6020,001634,sub-Frodo/sub-Frodo_ses-2_obj-1yjetcj_ecephys.nwb,254,77,23866,3.1478260869565218,38,26.473799621928162,115,741200,100.0,25.0,1
2c14ec84-15f6-4f9a-9dd1-f5bb99c5b829,001865,sub-27190/sub-27190_ses-27190-5-1_behavior+ophys.nwb,41,83,1583,3.657142857142857,13,9.59673469387755,35,12896755,60.0,25.0,1
2c1716a1-3b73-4952-aaae-00f547e8d893,001475,sub-HSB-W20-17/sub-HSB-W20-17_ses-20250328_cell-as79_obj-zrbv7s_icephys.nwb,54,138,4015,4.44,15,8.8864,50,5097176,620.0,80.0,0
2c207cbd-f04a-4e9c-a5d7-8945e233a087,000945,sub-BH521/sub-BH521_ses-20240206T222855_ecephys.nwb,28,46,627,4.111111111111111,14,15.654320987654321,18,6508144,120.0,60.0,0
2c209bcb-9940-4d08-bcdd-2263d209c700,000302,sub-ANM-0181/sub-ANM-0181_ses-20211118_behavior+ecephys+ogen.nwb,37,86,1082,4.310344827586207,15,16.903686087990486,29,33271448,300.0,80.0,0
2c2615aa-fd57-4c5b-acc8-f5dcf8a720bb,000773,sub-ant2-m2-d24-y2023/sub-ant2-m2-d24-y2023_ses-m2-d24-y2023-ant2-0-48x-ethylpyrazine-40-t146-z140um_ophys.nwb,22,48,624,4.176470588235294,13,14.615916955017303,17,84086336,600.0,160.0,0
2c36acac-bf62-423b-8ca0-b3051f50fd29,001169,sub-G069/sub-G069_ses-RWTautowait2-20220607-114817.nwb,32,117,3004,5.481481481481482,31,46.397805212620035,27,1160243,60.0,25.0,1
2c39cf36-0b94-4565-804b-bae998caa83d,001414,sub-PF7/sub-PF7_ses-20240412-7-ctrl-awake-rec4_ophys.nwb,27,45,590,4.294117647058823,13,16.913494809688583,17,624248754,260.0,25.0,1
2c3a8614-b5cd-42cf-939b-7f444f0878ba,001038,sub-VGlut-B411/sub-VGlut-B411_ses-20200124-0002.nwb,48,101,2005,4.054054054054054,16,13.834915997078161,37,12471181,120.0,25.0,1
2c3dfe29-e7da-4642-add7-ada570f3b627,001169,sub-M032/sub-M032_ses-RWTautowait2-20210104-143246.nwb,32,117,3004,5.481481481481482,31,46.397805212620035,27,1550625,80.0,25.0,1
2c41a6e5-ecca-4681-b533-0ecef5d2fd79,000711,sub-457766/sub-457766_ses-20190606T122604_image.nwb,48,116,2469,3.727272727272727,23,24.743801652892568,44,188714260,260.0,25.0,1
2c470076-042d-4459-99b9-77ca18629a1f,001348,sub-1301204249/sub-1301204249_ses-1302775720_icephys.nwb,169,630,87025,5.524096385542169,59,48.839780809986955,166,53153100,1560.0,80.0,0
2c54e8e2-d63d-4677-8b4c-81f199b26382,001550,sub-P120/sub-P120_ses-TaskSwitch4-190103a.nwb,35,112,2625,4.709677419354839,38,47.36732570239335,31,961292,80.0,25.0,1
2c5f25ba-3152-4798-8a02-90d86583b7d7,001676,sub-A0662/sub-A0662_ses-20220902T104801_behavior+ophys.nwb,35,66,895,3.433333333333333,13,10.245555555555557,30,62324760,180.0,25.0,1
2c5ffa76-b83d-4209-9924-d561f5ebd2bf,000728,sub-652810246/sub-652810246_ses-664899825-StimC2_behavior+image+ophys.nwb,50,11477,195172714,262.3181818181818,5812,1407580.2623966942,44,155535901,940.0,25.0,1
2c665552-13ce-4c44-b443-ed6102c45824,000728,sub-603701499/sub-603701499_ses-617381605-StimA_ophys.nwb,23,48,605,4.055555555555555,13,13.163580246913579,18,39524798684,16360.0,25.0,1
2c685d89-acf5-45e4-8f24-d9b2d7c56c7c,000773,sub-ant3-m2-d24-y2023/sub-ant3-m2-d24-y2023_ses-m2-d24-y2023-ant3-0-48x-4-methyl-3-heptanone-40-t173-z115um_ophys.nwb,22,48,624,4.176470588235294,13,14.615916955017303,17,84086336,600.0,160.0,0
2c6bf372-3593-4726-b93b-685026a24e41,001169,sub-L026/sub-L026_ses-RWTautowait2-20230707-112539.nwb,32,118,3087,5.518518518518518,32,48.32373113854595,27,1061314,80.0,25.0,1
2c6f10d3-26df-409a-bc8e-8db5457a8fd4,001550,sub-P120/sub-P120_ses-TaskSwitch4-190317a.nwb,35,112,2625,4.709677419354839,38,47.36732570239335,31,1337372,60.0,25.0,1
2c6f698b-2928-4a48-a8e0-8d029777776a,001169,sub-G086/sub-G086_ses-RWTautowait2-20221108-151126.nwb,32,118,3087,5.518518518518518,32,48.32373113854595,27,1732613,80.0,25.0,1
2c79e1e2-8291-4b5c-86f6-43d858abf81b,001169,sub-G073/sub-G073_ses-RWTautowait2-20220921-151357.nwb,32,117,3004,5.481481481481482,31,46.397805212620035,27,1154268,80.0,25.0,1
2c7c2319-7305-4168-bd47-41919b43e8c6,001281,sub-201202/sub-201202_ses-2012023si-3-1-1_icephys.nwb,62,224,11912,5.719298245614035,20,13.394890735610957,57,13681544,5400.0,160.0,0
2c8444d1-1165-4e98-a245-2b4db55a727c,000341,"Human_persistent_RAF/sub-161124/sub-161124_ses-1611241rm-2-1,2-4_icephys.nwb",1326,5912,11495984,6.466313398940197,652,634.2776312992071,1321,731836456,5880.0,25.0,1
2c8c1053-44af-4adb-8774-ea0592b1de7b,001169,sub-M024/sub-M024_ses-RWTautowait2-20200624-135702.nwb,32,116,2923,5.444444444444445,30,44.54320987654322,27,1077138,60.0,25.0,1
2c8cacbd-3c4e-4fea-b73d-ef8aa87e5f52,001169,sub-G070/sub-G070_ses-RWTautowait2-20221026-103612.nwb,32,118,3087,5.518518518518518,32,48.32373113854595,27,804452,80.0,25.0,1
2c8e5225-193a-4ac1-a378-ae787f894007,000959,sub-T/sub-T_ses-20220212_obj-1yld5uw_behavior.nwb,42,289,30304,8.68421052631579,17,33.63711911357342,38,17582864,280.0,60.0,0
2c9697dd-2c7d-4735-bd0e-e367b033e359,001065,sub-QN21-26-031/sub-QN21-26-031_ses-20211123T161009_icephys.nwb,237,1017,296794,6.266094420600858,103,86.44421521855264,233,38753854,1020.0,80.0,0
2ca2518a-dc37-4ccd-b1a9-048b9e997a24,001767,sub-S1214/sub-S1214_ses-20211005_behavior.nwb,72,123,4646,3.5272727272727273,20,13.231074380165294,55,7404136,260.0,25.0,1
2caa651c-59d7-4e63-8725-f0c9eb736953,000773,sub-ant3-m1-d10-y2023/sub-ant3-m1-d10-y2023_ses-m1-d10-y2023-ant3-0-48x-propionic-acid-40-t136-z40um_ophys.nwb,22,48,624,4.176470588235294,13,14.615916955017303,17,84086336,640.0,180.0,0
2cae4efb-9152-43b5-b5ff-5740d07dfb86,000773,sub-ant5-m4-d6-y2023/sub-ant5-m4-d6-y2023_ses-m4-d6-y2023-ant5-0-48x-4-methyl-3-heptanone-40-t176-z130um_ophys.nwb,22,48,624,4.176470588235294,13,14.615916955017303,17,84086336,600.0,160.0,0
2cb17443-a717-4861-b3e9-55926da01d9b,001776,sub-A23W/sub-A23W_ses-20220620T182359_icephys.nwb,126,438,52557,5.641025641025641,48,34.76002629848784,117,19056940,540.0,25.0,1
2cb3a223-0f7f-4656-8e1a-85d11d8c01b1,001550,sub-P078/sub-P078_ses-TaskSwitch4-170520a.nwb,35,112,2625,4.709677419354839,38,47.36732570239335,31,965431,60.0,25.0,1
2cba5815-50eb-45c5-8af9-cc0989670803,001169,sub-G051/sub-G051_ses-RWTautowait2-20220208-154711.nwb,32,117,3004,5.481481481481482,31,46.397805212620035,27,1623206,80.0,25.0,1
2cba7ea7-f652-4d04-a758-d03d7ca65f81,001550,sub-P130/sub-P130_ses-TaskSwitch4-170927a.nwb,35,112,2625,4.709677419354839,38,47.36732570239335,31,1249347,100.0,25.0,1
2cbc0391-1066-4ce3-bcef-0dd281b1037d,000467,sub-ant2-m4-d26-y2022/sub-ant2-m4-d26-y2022_ses-m4-d26-y2022-ant2-0-48x-6-methyl-5-hepten-2-one-120-t194-z0um_ophys.nwb,22,48,624,4.176470588235294,13,14.615916955017303,17,251858496,700.0,180.0,0
2cc5cdd8-fa15-4453-b020-35949f455a3a,001348,sub-1253938349/sub-1253938349_ses-1254016621_icephys.nwb,141,526,56920,5.5,46,40.322463768115945,138,32479478,1060.0,100.0,0
2cc81498-2f56-4735-8c22-65354c1a3155,001169,sub-L002/sub-L002_ses-RWTautowait2-20211216-101620.nwb,32,117,3004,5.481481481481482,31,46.397805212620035,27,1340452,80.0,25.0,1
2ccb15c5-50a2-4f0e-a0b5-c492c2883939,001746,sub-Mfa180920/sub-Mfa180920_ses-sess-180920d3_obj-cejn5e_icephys.nwb,123,336,34862,4.9035087719298245,50,38.84156663588798,114,44507656,1100.0,80.0,0
2cd1bcd5-e870-4675-a32c-c3b6dd84b395,000711,sub-533527/sub-533527_ses-20200904T143205_image.nwb,50,156,5473,4.478260869565218,24,34.72778827977316,46,196074867,260.0,25.0,1
2cdfc31a-2a68-4b53-b1cf-886c80db1d12,000341,Human_persistent_RAF/sub-160628/sub-160628_ses-1606281rm-6-14-3_icephys.nwb,1730,7730,19715162,6.4742028985507245,854,836.1542620457884,1725,379527528,84440.0,180.0,0
2ce07fff-df2e-465d-9bd0-00f658364c8f,001515,sub-CHO-20231010-c9/sub-CHO-20231010-c9_obj-1hkjy3z_image.nwb,17,38,431,4.153846153846154,13,13.668639053254442,13,25796108,80.0,25.0,1
2ce21ff0-8d84-4f18-9683-d3ab25dabf7c,001169,sub-J034/sub-J034_ses-RWTautowait2-20220222-155235.nwb,32,117,3004,5.481481481481482,31,46.397805212620035,27,1040864,80.0,25.0,1
2cfe6ac0-44d1-4213-a178-abac6ea2c880,001634,sub-Bilbo/sub-Bilbo_ses-2_obj-k5xf0r_ecephys.nwb,252,69,23364,3.0608695652173914,36,24.54412098298677,115,1988712,80.0,25.0,1
2d0d7814-269f-4d40-8e42-2517ce139e79,001271,sub-2-20240730/sub-2-20240730_obj-xu5n1j_image.nwb,17,38,431,4.153846153846154,13,13.668639053254442,13,725801,60.0,25.0,1
2d102046-2c3b-40c5-ac76-c5c161e12f0f,001051,sub-632295/sub-632295_ses-None_probe-391_ecephys.nwb,36,62,1087,3.3,14,12.343333333333334,30,3023254280,1260.0,25.0,1
2d157ca1-1578-48d6-b97b-8a3853f0b798,001550,sub-P059/sub-P059_ses-TaskSwitch4-160611a.nwb,35,111,2551,4.67741935483871,37,45.25078043704474,31,1260864,80.0,25.0,1
2d16c489-421d-4383-a1a4-87eeccca59f5,000773,sub-ant1-m1-d20-y2023/sub-ant1-m1-d20-y2023_ses-m1-d20-y2023-ant1-0-48x-propionic-acid-40-t143-z60um_ophys.nwb,22,48,624,4.176470588235294,13,14.615916955017303,17,84086336,600.0,160.0,0
2d173bb2-be97-4546-b278-df977b2353a1,001169,sub-S015/sub-S015_ses-RWTautowait2-20210216-103308.nwb,32,116,2974,5.444444444444445,31,46.46913580246915,27,953136,80.0,25.0,1
2d23c45e-d830-42cc-a5ec-df4a10ca1e56,000773,sub-ant4-m1-d18-y2023/sub-ant4-m1-d18-y2023_ses-m1-d18-y2023-ant4-0-48x-4-methyl-3-heptanone-40-t147-z110um_ophys.nwb,22,48,624,4.176470588235294,13,14.615916955017303,17,84086336,620.0,160.0,0
2d280223-64ee-4c7d-8f97-d3b2e3e7d32c,000959,sub-L/sub-L_ses-20191105_obj-cybydd_behavior.nwb,40,261,23864,8.333333333333334,15,33.00000000000001,36,17493528,300.0,60.0,0
2d2bad33-2e13-4d26-8876-170059e9c698,000959,sub-T/sub-T_ses-20220124_obj-mg7rtx_behavior.nwb,29,116,3192,5.76,13,16.1824,25,9981720,280.0,60.0,0
2d2ce6f5-c5a0-473c-aee8-fa52c25f6744,000951,sub-LC4-fly6/sub-LC4-fly6_ses-(-LC4-fly6-170404-1722--).nwb,18,33,433,3.8461538461538463,13,13.822485207100591,13,187360,420.0,160.0,0
2d31e87b-9b64-44b9-afe4-8f3e810641ab,001455,sub-982382865/sub-982382865_ses-988945355_icephys.nwb,142,565,63734,5.748201438848921,46,46.317892448631014,139,20894894,520.0,25.0,1
2d340ea0-235b-4889-ada2-51c6d4b2fba3,001550,sub-P100/sub-P100_ses-TaskSwitch4-181128a.nwb,35,112,2625,4.709677419354839,38,47.36732570239335,31,1831863,140.0,25.0,1
2d38ffbc-634a-4595-ae1d-006d564959f1,001702,sub-5xFAD+-6M-Fig1/sub-5xFAD+-6M-Fig1_ses-20240211T120000_obj-zrdfjq.nwb,16,37,446,4.7272727272727275,13,15.47107438016529,11,185480,25.0,25.0,1
2d3e834d-2656-4c46-8cdb-251379d2d3cb,001550,sub-P102/sub-P102_ses-TaskSwitch4-171010a.nwb,35,112,2625,4.709677419354839,38,47.36732570239335,31,1896704,120.0,25.0,1
2d3e8c20-36c7-4533-9942-4904859a93c7,000246,sub-phpV14-03-H5/sub-phpV14-03-H5_ses-20241118_obj-1r95iqf_ophys.nwb,33,46,581,3.5217391304347827,13,12.162570888468805,23,12760256,80.0,25.0,1
2d42fe6d-2537-4b3e-98d2-4795cce68226,001836,sub-molly/sub-molly_ses-molly-20220419_obj-3ntv4e.nwb,99,68,1558,2.6744186046511627,65,53.8474851270957,86,51357280,60.0,25.0,1
2d4e7da3-52bb-4f71-ad56-d16790aa8a7b,000773,sub-ant2-m2-d24-y2023/sub-ant2-m2-d24-y2023_ses-m2-d24-y2023-ant2-0-48x-ethylpyrazine-40-t160-z90um_ophys.nwb,22,48,624,4.176470588235294,13,14.615916955017303,17,84086336,600.0,160.0,0
2d502fb5-d59b-4de6-9139-2a93b1acfd76,000773,sub-ant2-m1-d11-y2023/sub-ant2-m1-d11-y2023_ses-m1-d11-y2023-ant2-0-03x-isopropanol-40-t152-z45um_ophys.nwb,22,48,624,4.176470588235294,13,14.615916955017303,17,84086336,640.0,180.0,0
2d56864c-9591-48a1-9f58-ab412b14891b,001183,sub-2020-02-15-0046/sub-2020-02-15-0046_ses-20200215T215531_slice-2020-02-15-0046-abf_cell-2020-02-15-0046-abf_icephys.nwb,30,60,926,3.64,13,9.270399999999999,25,2024347,60.0,25.0,1
2d586cb3-8b22-4dea-9526-af4e0bd9b5e5,001169,sub-M014/sub-M014_ses-RWTautowait2-20200903-101218.nwb,32,117,3004,5.481481481481482,31,46.397805212620035,27,1214122,60.0,25.0,1
2d601905-a058-4ae5-963a-b7e0a5d3f10e,000871,sub-644972/sub-644972_ses-1237081845-acq-1237345892_image+ophys.nwb,70,266,14478,5.2615384615384615,30,39.762366863905335,65,1141408516,2440.0,25.0,1
2d615809-b803-4633-bf1b-d78a2c4e2510,000773,sub-ant2-m2-d24-y2023/sub-ant2-m2-d24-y2023_ses-m2-d24-y2023-ant2-1x-paraffin-oil-40-t145-z10um_ophys.nwb,22,48,624,4.176470588235294,13,14.615916955017303,17,84086336,600.0,160.0,0
2d650671-3b3a-4281-88c7-27b5ff7ef819,000467,sub-ant3-m4-d27-y2022/sub-ant3-m4-d27-y2022_ses-m4-d27-y2022-ant3-0-12x-4-methyl-3-heptanone-40-t143-z40um_ophys.nwb,22,48,624,4.176470588235294,13,14.615916955017303,17,84086336,460.0,120.0,0
2d6690e4-88bf-420b-8775-b18460c12ecd,000728,sub-575188353/sub-575188353_ses-589755795-StimA_behavior+image+ophys.nwb,47,84,1733,3.5121951219512195,13,7.61570493753718,41,265417239,280.0,25.0,1
2d68190b-1b63-4df4-84d9-5444036319dc,001607,sub-Bilbo/sub-Bilbo_ses-3_obj-1la3q0r_ecephys.nwb,254,78,24032,3.1565217391304348,38,26.56680529300567,115,980104,80.0,25.0,1
2d71afa9-3cea-413a-a72a-f907973e0631,000467,sub-ant3-m4-d26-y2022/sub-ant3-m4-d26-y2022_ses-m4-d26-y2022-ant3-0-48x-4-methyl-3-heptanol-40-t219-z115um_ophys.nwb,22,48,624,4.176470588235294,13,14.615916955017303,17,84086336,580.0,160.0,0
2d7b0050-0e6f-4ac9-a0a5-f3646fa65a97,000341,Axonal_bleb_recording/sub-20220428/sub-20220428_ses-2204282lr-1_icephys.nwb,709,3132,3188422,6.431818181818182,343,325.293646694215,704,249704844,7960.0,25.0,1
2d7c429e-1716-4aaa-8b51-607c98d84b52,000971,sub-276-405/sub-276-405_ses-Opto-DLS-Excitatory-ChR2Scrambled-2020-09-22T11-30-52_ogen.nwb,30,56,729,3.3461538461538463,14,13.84171597633136,26,252156,60.0,25.0,1
2d816429-7c9f-448f-85c2-e9abbb051c4c,001836,sub-julio/sub-julio_ses-julio-20230803_obj-1jfrh40.nwb,103,84,1949,2.7777777777777777,65,53.68395061728392,90,715560,60.0,25.0,1
2d8ede04-30de-48bf-8fe0-e96c328f6184,000467,sub-ant4-m2-d10-y2023/sub-ant4-m2-d10-y2023_ses-m2-d10-y2023-ant4-0-48x-4-methyl-3-hexanol-40-t129-z40um_ophys.nwb,22,48,624,4.176470588235294,13,14.615916955017303,17,84086336,660.0,180.0,0
2d8f6718-b7b4-49d2-8ffd-49a9b5561ec0,001169,sub-L010/sub-L010_ses-RWTautowait2-20220907-095458.nwb,32,117,3004,5.481481481481482,31,46.397805212620035,27,750656,80.0,25.0,1
2d8fca9b-ad6f-4205-b9f0-e8f550e7451b,001841,sub-subject-ID-ST431/sub-subject-ID-ST431_ses-20200129T153403_icephys.nwb,67,170,6435,4.412698412698413,20,11.19475938523558,63,1126248,60.0,25.0,1
2d927a57-e01c-48e4-a159-e6520761c518,000341,"In_vivo/sub-1708251og/sub-1708251og_ses-1708251og-5-1,2-1_icephys+image.nwb",183,682,143811,5.758426966292135,107,73.87984471657622,178,1144885664,2500.0,25.0,1
2d981864-c4d9-4476-9fa0-29ace0ef7774,001169,sub-L017/sub-L017_ses-RWTautowait2-20230612-115606.nwb,32,118,3087,5.518518518518518,32,48.32373113854595,27,921131,80.0,25.0,1
2d9f37ec-0a1f-4ac5-ac75-0970eb9520f6,000713,sub-570299/sub-570299_ses-20210706T092824_image.nwb,48,114,2391,3.6818181818181817,23,23.762396694214885,44,188086019,340.0,25.0,1
2da26eb3-8b6b-4fbd-b4de-99ff25599957,001261,sub-M#11-Aamir/sub-M#11-Aamir_ses-Recordings-from-animal-M#11-Aamir-on-09-Mar-2022_obj-tdmcgd_icephys.nwb,62,217,12925,6.173076923076923,21,15.720044378698223,52,5251112,540.0,80.0,0
2da48ea9-9683-4655-8be4-031254086584,001349,sub-Chrm3q-Ncre20-7-ALAR/sub-Chrm3q-Ncre20-7-ALAR_ses-15_ophys.nwb,32,64,1380,3.923076923076923,13,11.07100591715976,26,18913434,120.0,25.0,1
2da9bb2b-2c27-4e6c-8881-aed4d5c55e96,000239,sub-MX181101/sub-MX181101_ses-20190308T165140.nwb,18,63,1228,6.153846153846154,29,58.13017751479289,13,398376,100.0,60.0,0
2dabb43b-c28f-413a-838f-7fc65f5b6aca,000467,sub-ant3-m4-d26-y2022/sub-ant3-m4-d26-y2022_ses-m4-d26-y2022-ant3-0-03x-4-methyl-3-heptanol-40-t209-z0um_ophys.nwb,22,48,624,4.176470588235294,13,14.615916955017303,17,84086336,640.0,160.0,0
2db21d3d-f77b-4ea9-8eb4-a51bf7bd19ec,000971,sub-140-306/sub-140-306_ses-FP-PS-2019-09-13T09-15-35_behavior.nwb,27,53,661,3.4347826086956523,13,13.637051039697546,23,239880,100.0,80.0,0
2db68dc4-d0ef-4610-9567-9ec03ddc7970,001550,sub-P187/sub-P187_ses-TaskSwitch6-210123a.nwb,33,110,2570,4.896551724137931,38,49.74791914387635,29,1408613,80.0,25.0,1
2dc64ff5-1b9d-405b-a652-2c07e0168370,001552,sub-JF-VR-FP-F2/sub-JF-VR-FP-F2_ses-Day8.nwb,20,42,448,3.8125,13,11.40234375,16,562768,60.0,25.0,1
2dc8a37f-48ca-4181-b14d-1d5c7d2d9613,000773,sub-ant2-m2-d24-y2023/sub-ant2-m2-d24-y2023_ses-m2-d24-y2023-ant2-0-48x-isopropanol-40-t161-z70um_ophys.nwb,22,48,624,4.176470588235294,13,14.615916955017303,17,84086336,580.0,160.0,0
2dcbab90-8a8d-4629-ad21-6bc84a34b472,001169,sub-G043/sub-G043_ses-RWTautowait2-20210617-100455.nwb,32,117,3004,5.481481481481482,31,46.397805212620035,27,1421830,100.0,25.0,1
2dcd6290-ec8a-4c98-b835-a443b9dedb6f,001550,sub-P049/sub-P049_ses-TaskSwitch4-161012a.nwb,35,112,2625,4.709677419354839,38,47.36732570239335,31,924146,80.0,25.0,1
2dd43d28-720f-47e5-862c-b2d8ba38292a,000467,sub-ant2-m4-d20-y2022/sub-ant2-m4-d20-y2022_ses-m4-d20-y2022-ant2-1x-isopropanol-40-t128-z115um_ophys.nwb,22,48,624,4.176470588235294,13,14.615916955017303,17,84086336,680.0,180.0,0
2dd6b4cc-e7b2-4d1f-ad33-dd72f6fc56ef,001452,sub-26/sub-26_ses-20250516T214801_icephys.nwb,61,153,8258,4.553571428571429,41,27.46141581632653,56,3573376,160.0,25.0,1
2dd9cbed-8812-4033-97ef-66e3d55ef436,001710,sub-Ctrl-1/sub-Ctrl-1_ses-ymaze-day1-scan0-novel-arm-1_behavior+ophys.nwb,62,111,4797,3.087719298245614,14,9.097568482610034,57,563157236,540.0,25.0,1
2ddabfe8-e164-4763-97fe-8f73540e93e3,000773,sub-ant1-m1-d11-y2023/sub-ant1-m1-d11-y2023_ses-m1-d11-y2023-ant1-0-03x-3-hexanone-40-t131-z50um_ophys.nwb,22,48,624,4.176470588235294,13,14.615916955017303,17,84086336,640.0,160.0,0
2ddb16e4-ae51-4704-8b65-761d028aaacf,001550,sub-P072/sub-P072_ses-TaskSwitch4-171027a.nwb,35,112,2625,4.709677419354839,38,47.36732570239335,31,2502897,60.0,25.0,1
2ddce48f-3652-4255-94ca-bec0cce23e7f,000959,sub-L/sub-L_ses-20200131_obj-1gmfl8y_behavior.nwb,42,289,30304,8.68421052631579,17,33.63711911357342,38,17585456,260.0,60.0,0
2ddecfc8-563f-491b-870f-c875aec61c9d,001169,sub-G022/sub-G022_ses-RWTautowait2-20201105-154734.nwb,32,117,3004,5.481481481481482,31,46.397805212620035,27,1148933,100.0,25.0,1
2de02fc8-fe8e-4473-b9aa-ef7d85e85091,000467,sub-ant2-m10-d11-y2022/sub-ant2-m10-d11-y2022_ses-m10-d11-y2022-ant2-0-48x-isopropanol-40-t153-z75um_ophys.nwb,22,48,624,4.176470588235294,13,14.615916955017303,17,84086336,680.0,180.0,0
2de51805-d0df-4a95-ab71-5617dea11266,000711,sub-561443/sub-561443_ses-20210510T085048_image+ophys.nwb,75,225,9298,4.428571428571429,24,26.73061224489796,70,242452770,560.0,25.0,1
2de6a98a-48ef-41bd-a6c7-84051cb23160,000467,sub-ant2-m4-d21-y2022/sub-ant2-m4-d21-y2022_ses-m4-d21-y2022-ant2-0-12x-4-methyl-3-hexanol-40-t167-z90um_ophys.nwb,22,48,624,4.176470588235294,13,14.615916955017303,17,84086336,640.0,160.0,0
2de6fc50-5b63-4497-b7ce-e212cf53ba03,001169,sub-G038/sub-G038_ses-RWTautowait2-20210824-141703.nwb,32,117,3004,5.481481481481482,31,46.397805212620035,27,1048307,25.0,25.0,1
2df17413-b0fc-4d43-b002-e4d58a38fe4b,000020,sub-660204283/sub-660204283_ses-661496074_icephys.nwb,187,776,138944,5.994565217391305,70,62.38584002835538,184,55528925,37700.0,420.0,0
2df1b74d-6924-4f66-b931-32d351423e20,001777,sub-9478/sub-9478_ses-20260108T151011_icephys.nwb,100,279,30585,4.831578947368421,80,62.20321329639889,95,38838224,680.0,25.0,1
2dfa0a90-98a3-46f6-98e2-6b6aa9a7d0fe,000773,sub-ant2-m1-d11-y2023/sub-ant2-m1-d11-y2023_ses-m1-d11-y2023-ant2-0-03x-3-hexanone-40-t164-z140um_ophys.nwb,22,48,624,4.176470588235294,13,14.615916955017303,17,84086336,640.0,160.0,0
2dfc11ae-3de9-4dd2-bad1-adef93424663,000773,sub-ant1-m4-d6-y2023/sub-ant1-m4-d6-y2023_ses-m4-d6-y2023-ant1-0-48x-3-hexanone-40-t134-z160um_ophys.nwb,22,48,624,4.176470588235294,13,14.615916955017303,17,84086336,580.0,160.0,0
2dff9c99-9849-4b22-8173-43857cf9b1f7,001184,sub-111/sub-111_ses-session-hheise-M111-2022-08-30-01_behavior+image+ophys.nwb,43,78,1130,3.2051282051282053,13,8.470742932281393,39,409012960,1760.0,140.0,0
2e010a91-c524-4c46-a1d6-9509af4caab7,001184,sub-69/sub-69_ses-session-hheise-M069-2021-03-14-01_behavior+image+ophys.nwb,43,78,1130,3.2051282051282053,13,8.470742932281393,39,696611208,1700.0,140.0,0
2e1437c2-02a0-4a49-b558-ee17c76b9023,001832,sub-test-animal02-slice01-roi03/sub-test-animal02-slice01-roi03_ses-MB++AChFP++pan++PD++none++WT++20250424155535_ophys.nwb,41,92,1470,4.088235294117647,13,11.609861591695504,34,8073382,60.0,25.0,1
2e155059-c8c1-4362-9018-743afb5d5a94,000773,sub-ant4-m4-d6-y2023/sub-ant4-m4-d6-y2023_ses-m4-d6-y2023-ant4-0-48x-ethylpyrazine-40-t155-z55um_ophys.nwb,22,48,624,4.176470588235294,13,14.615916955017303,17,84086336,600.0,160.0,0
2e1a9fc8-8b74-4606-942d-d4651067f935,000711,sub-438912/sub-438912_ses-20190410T121758_obj-13ppmi4_image+ophys.nwb,78,229,9548,4.342465753424658,24,25.896415837868265,73,251044797,800.0,25.0,1
2e1c0455-aa5b-4d30-8ee1-e26e5ae0326f,001607,sub-Frodo/sub-Frodo_ses-5_obj-1m6es5t_ecephys.nwb,252,77,23272,3.130434782608696,36,25.296030245746696,115,883712,60.0,25.0,1
2e26d12c-5751-49b5-bc5e-ea9ee4fddb3e,001348,sub-1223010848/sub-1223010848_ses-1223041284_icephys.nwb,162,583,72919,5.389937106918239,56,46.502037102962674,159,35824414,1080.0,80.0,0
2e288e6a-3290-457b-988e-8f602562bff4,001169,sub-J011/sub-J011_ses-RWTautowait2-20210624-153450.nwb,32,116,2974,5.444444444444445,31,46.46913580246915,27,1204717,80.0,25.0,1
2e335ce0-b691-48e8-89d7-9ec61c51f00e,000773,sub-ant1-m1-d20-y2023/sub-ant1-m1-d20-y2023_ses-m1-d20-y2023-ant1-0-48x-4-methyl-3-heptanone-40-t140-z60um_ophys.nwb,22,48,624,4.176470588235294,13,14.615916955017303,17,84086336,600.0,160.0,0
2e43c044-878a-4647-a3e6-e46d11916ac6,001611,sub-29641/sub-29641_ses-20250331T210202_ecephys.nwb,25,52,649,4.105263157894737,13,13.988919667590027,19,13601388,80.0,25.0,1
2e47a86f-bf2c-4136-a17c-35be6a88d9f2,001363,sub-BH672/sub-BH672_ses-20250512T224700_ecephys.nwb,28,46,627,4.111111111111111,14,15.654320987654321,18,987328,80.0,25.0,1
2e4b39d6-9d65-4ca2-b507-ec69e2384761,001538,sub-SubjectRecordedAt20160902000000/sub-SubjectRecordedAt20160902000000_ses-iSPN++OnState++none++CDGIKO++20160902.nwb,27,344,60186,16.863636363636363,128,1146.1177685950415,22,23524257,540.0,25.0,1
2e59d85c-1380-4160-8558-f623abb2236b,000467,sub-ant2-m4-d21-y2022/sub-ant2-m4-d21-y2022_ses-m4-d21-y2022-ant2-0-48x-4-methyl-3-heptanol-40-t179-z70um_ophys.nwb,22,48,624,4.176470588235294,13,14.615916955017303,17,84086336,640.0,160.0,0
2e5ee818-609f-460f-95cf-22768259dc7a,001836,sub-julio/sub-julio_ses-julio-20230804_obj-itslxo_behavior.nwb,108,76,1751,2.6,65,49.06105263157894,95,8513728,60.0,25.0,1
2e61e516-4c0d-4a99-9e4a-0c2e45ac3b4e,001054,sub-Dory/sub-Dory_ses-2021-02-03-010_ecephys.nwb,24,42,512,3.473684210526316,13,10.670360110803324,19,279408834,280.0,80.0,0
2e638490-3961-456c-a525-dc09dea81bc7,000773,sub-ant4-m4-d6-y2023/sub-ant4-m4-d6-y2023_ses-m4-d6-y2023-ant4-0-48x-4-methyl-3-heptanol-40-t157-z100um_ophys.nwb,22,48,624,4.176470588235294,13,14.615916955017303,17,84086336,600.0,160.0,0
2e656a55-1db9-4340-ba22-31921a50aeed,001635,sub-M068/sub-M068_ses-20240606T131518_behavior+ophys.nwb,105,208,20638,3.13,28,13.093100000000003,100,57218156,480.0,25.0,1
2e68bb64-8430-4fa7-9936-c759463b7646,000336,sub-621602/sub-621602_ses-1193555033-acq-1193675757-raw-movies_ophys.nwb,60,241,13178,5.5636363636363635,30,43.33685950413225,55,23256592521,1340.0,25.0,1
2e6a9459-c1c2-4336-b4d6-30804dd554df,000467,sub-ant3-m4-d21-y2022/sub-ant3-m4-d21-y2022_ses-m4-d21-y2022-ant3-0-48x-4-methyl-3-heptanol-40-t149-z85um_ophys.nwb,22,48,624,4.176470588235294,13,14.615916955017303,17,84086336,640.0,160.0,0
2e6f3768-2d81-4a13-bf32-2aae98169cc5,000467,sub-ant1-m4-d21-y2022/sub-ant1-m4-d21-y2022_ses-m4-d21-y2022-ant1-0-48x-4-methyl-3-heptanol-40-t145-z115um_ophys.nwb,22,48,624,4.176470588235294,13,14.615916955017303,17,84086336,660.0,160.0,0
2e70873a-ed1d-4cab-b0d4-2adcf4e5528b,000688,sub-M/sub-M_ses-CO-20150626_behavior+ecephys.nwb,33,69,815,3.814814814814815,13,13.55829903978052,27,47764096,4320.0,740.0,0
2e77b29a-48cd-4106-96e4-50cb3627c37a,000773,sub-ant2-m1-d17-y2023/sub-ant2-m1-d17-y2023_ses-m1-d17-y2023-ant2-0-03x-isopropanol-40-t173-z80um_ophys.nwb,22,48,624,4.176470588235294,13,14.615916955017303,17,84086336,620.0,160.0,0
2e7a8b36-dea8-48d2-8a9f-b571331a80d6,001550,sub-P078/sub-P078_ses-ProAnti3Marino-160906a.nwb,33,92,1544,4.275862068965517,20,19.44114149821641,29,1520774,100.0,25.0,1
2e7cdad1-8d53-43b3-8a68-88347f5affd5,000773,sub-ant2-m1-d17-y2023/sub-ant2-m1-d17-y2023_ses-m1-d17-y2023-ant2-0-03x-isopropanol-40-t151-z130um_ophys.nwb,22,48,624,4.176470588235294,13,14.615916955017303,17,84086336,620.0,160.0,0
2e7effe9-9e60-46cd-9937-93ac8a9c44bd,001359,sub-1250755141/sub-1250755141_ses-1250813940_icephys.nwb,187,747,134711,5.836956521739131,70,55.72341682419662,184,30121375,820.0,25.0,1
2e84bfc8-2f90-4c0b-a803-80cd732b4abd,001169,sub-G040/sub-G040_ses-RWTautowait2-20210817-135124.nwb,32,117,3004,5.481481481481482,31,46.397805212620035,27,1395956,100.0,25.0,1
2e868afc-f6b7-42b3-9027-f09587d85c8a,001169,sub-G008/sub-G008_ses-RWTautowait2-20200414-121747.nwb,32,116,2923,5.444444444444445,30,44.54320987654322,27,1142422,80.0,25.0,1
2e87125e-71a3-4fe2-92d9-d38f35796fbf,000467,sub-ant3-m4-d26-y2022/sub-ant3-m4-d26-y2022_ses-m4-d26-y2022-ant3-0-03x-6-methyl-5-hepten-2-one-40-t206-z30um_ophys.nwb,22,48,624,4.176470588235294,13,14.615916955017303,17,84086336,560.0,140.0,0
2e884c0a-d491-48bb-84f9-b2b9420c6016,000563,sub-691524/sub-691524_ses-1298257492_probe-0_ecephys.nwb,27,55,937,3.772727272727273,14,15.08471074380165,22,1878616074,280.0,25.0,1
2e8af9fc-4202-44ab-a545-7ec19ff61a2c,001169,sub-J073/sub-J073_ses-RWTautowait2-20230306-131428.nwb,32,118,3087,5.518518518518518,32,48.32373113854595,27,1394142,60.0,25.0,1
2e8d7b09-df2b-4f47-8dd8-db6b705ca089,001169,sub-J041/sub-J041_ses-RWTautowait2-20220617-115538.nwb,32,117,3004,5.481481481481482,31,46.397805212620035,27,1270945,80.0,25.0,1
2e902d00-4dd7-4800-83d2-c1444c7bfbd1,000773,sub-ant3-m1-d10-y2023/sub-ant3-m1-d10-y2023_ses-m1-d10-y2023-ant3-0-48x-isopropanol-40-t140-z5um_ophys.nwb,22,48,624,4.176470588235294,13,14.615916955017303,17,84086336,660.0,180.0,0
2e909923-cfed-4094-9a32-d927689f3faf,000711,sub-431252/sub-431252_ses-20190219T085458_image.nwb,48,116,2469,3.727272727272727,23,24.743801652892568,44,188570925,480.0,25.0,1
2e922259-8eb3-4d98-9c25-ded1edbb15f6,000773,sub-ant6-m1-d10-y2023/sub-ant6-m1-d10-y2023_ses-m1-d10-y2023-ant6-0-48x-3-hexanone-40-t217-z140um_ophys.nwb,22,48,624,4.176470588235294,13,14.615916955017303,17,84086336,640.0,160.0,0
2e929775-d159-4f25-96e9-a6c5916eebd7,001550,sub-P130/sub-P130_ses-TaskSwitch4-171021a.nwb,35,112,2625,4.709677419354839,38,47.36732570239335,31,1279638,60.0,25.0,1
2e9547e0-1025-42dc-9bbe-dae518b0cfc6,001169,sub-G081/sub-G081_ses-RWTautowait2-20221012-131243.nwb,32,118,3087,5.518518518518518,32,48.32373113854595,27,1111343,60.0,25.0,1
2e97fd4d-89b4-4d84-86ea-cb0e1a8c6ff7,001169,sub-L014/sub-L014_ses-RWTautowait2-20220505-102408.nwb,32,117,3004,5.481481481481482,31,46.397805212620035,27,1672941,100.0,25.0,1
2e98d9d4-3200-4744-ad1f-9bd7ca53aef7,000713,sub-548717/sub-548717_ses-None_probe-1079399672_ecephys.nwb,36,62,1087,3.3,14,12.343333333333334,30,4639135040,3140.0,240.0,0
2ea45beb-d8d7-438d-a9bb-ff7bcaf07054,001550,sub-P101/sub-P101_ses-TaskSwitch4-171002a.nwb,35,112,2625,4.709677419354839,38,47.36732570239335,31,1155455,100.0,25.0,1
2eacef42-6565-4283-9db6-3e93612347d1,000713,sub-536480/sub-536480_ses-20200924T122101_image.nwb,48,115,2402,3.7045454545454546,23,23.889979338842977,44,188022230,520.0,25.0,1
2eaecf62-4f3a-4e37-8041-4da15f9e4045,000711,sub-456564/sub-456564_ses-20190603T124640_image.nwb,50,156,5473,4.478260869565218,24,34.72778827977316,46,196144575,420.0,25.0,1
2ec4d998-2253-43a2-80d6-ba6be2d15aa2,000363,sub-479121/sub-479121_ses-20200924T134307_behavior+ecephys+ogen.nwb,56,154,3767,4.717391304347826,40,43.42013232514177,46,793755690,200040.0,340.0,0
2ecf8113-1b27-454e-976e-7db834f9f5c2,001169,sub-M041/sub-M041_ses-RWTautowait2-20220829-121408.nwb,32,116,2974,5.444444444444445,31,46.46913580246915,27,1332740,60.0,25.0,1
2ed14d91-b181-419b-bf2f-26c7af9c9b8e,000246,sub-PHP-V14-H11/sub-PHP-V14-H11_obj-5loq4z_ophys.nwb,31,41,560,3.8421052631578947,13,14.027700831024932,19,8564888,25.0,25.0,1
2ed5371d-885f-4250-8963-1940690c37a1,000467,sub-ant1-m4-d27-y2022/sub-ant1-m4-d27-y2022_ses-m4-d27-y2022-ant1-0-0075x-4-methyl-3-heptanol-40-t133-z140um_ophys.nwb,22,48,624,4.176470588235294,13,14.615916955017303,17,84086336,480.0,120.0,0
2edb0713-d6a0-43f3-88fa-e7d834cceb7e,000467,sub-ant2-m4-d26-y2022/sub-ant2-m4-d26-y2022_ses-m4-d26-y2022-ant2-1x-paraffin-oil-40-t160-z140um_ophys.nwb,22,48,624,4.176470588235294,13,14.615916955017303,17,84086336,680.0,180.0,0
2ef23330-4107-4692-bcb8-84b6c33054bb,001051,sub-632295/sub-632295_ses-None_probe-394_ecephys.nwb,36,62,1087,3.3,14,12.343333333333334,30,3004991392,1320.0,25.0,1
2efbdebf-b1c7-46bf-9ede-52162402e43e,001611,sub-25897/sub-25897_ses-20241107T144302_ecephys.nwb,25,52,649,4.105263157894737,13,13.988919667590027,19,22510932,100.0,25.0,1
2efd663c-7ef7-460c-b7de-19158a6a94eb,000773,sub-ant2-m2-d24-y2023/sub-ant2-m2-d24-y2023_ses-m2-d24-y2023-ant2-0-48x-3-hexanone-40-t165-z60um_ophys.nwb,22,48,624,4.176470588235294,13,14.615916955017303,17,84086336,600.0,160.0,0
2f029752-c9ac-471b-a78a-ac6aef53cea2,000570,sub-571458187/sub-571458187_ses-571674350_icephys.nwb,130,470,46855,5.3700787401574805,41,32.15438030876061,127,15512321,20180.0,380.0,0
2f106763-da32-40f1-9782-3445a5bef5f9,000989,sub-G2-36/sub-G2-36_obj-93cdjc_ecephys.nwb,22,45,579,3.9411764705882355,13,12.643598615916957,17,203596,60.0,25.0,1
2f10edd1-4de4-4a74-a09b-493dee03933c,000711,sub-544965/sub-544965_ses-20210106T113337_image.nwb,50,156,5473,4.478260869565218,24,34.72778827977316,46,196091686,320.0,25.0,1
2f139d61-60cd-499d-b647-a1a2258c070b,000773,sub-ant1-m2-d24-y2023/sub-ant1-m2-d24-y2023_ses-m2-d24-y2023-ant1-0-48x-ethanol-40-t132-z120um_ophys.nwb,22,48,624,4.176470588235294,13,14.615916955017303,17,84086336,600.0,160.0,0
2f186518-02ba-4f50-901b-f9df4b4d5588,000467,sub-ant3-m4-d26-y2022/sub-ant3-m4-d26-y2022_ses-m4-d26-y2022-ant3-0-03x-6-methyl-5-hepten-2-one-40-t206-z20um_ophys.nwb,22,48,624,4.176470588235294,13,14.615916955017303,17,84086336,560.0,160.0,0
2f236e3c-5ed9-4761-a428-79707c8ac83f,000713,sub-579993/sub-579993_ses-None_probe-1130277632_ecephys.nwb,36,62,1087,3.3,14,12.343333333333334,30,4115021816,3540.0,240.0,0
2f2d7182-90f9-4c63-a075-4e3027737d58,000563,sub-697302/sub-697302_ses-1309845146_probe-2_ecephys.nwb,27,55,937,3.772727272727273,14,15.08471074380165,22,2077599658,740.0,60.0,0
2f3eb65d-ff1b-46ad-9822-5c0abc7d5448,001169,sub-J022/sub-J022_ses-RWTautowait2-20211112-161329.nwb,32,116,2974,5.444444444444445,31,46.46913580246915,27,1195205,80.0,25.0,1
2f408573-d134-4d55-837d-0a4552766f1a,001634,sub-Bilbo/sub-Bilbo_ses-5_obj-gq7hnz_ecephys.nwb,253,69,23370,3.043103448275862,36,24.368831747919153,116,723032,25.0,25.0,1
2f5117e4-a310-4303-bfef-9320e16a8de6,000637,sub-BH470/sub-BH470_obj-1euzi7z_ecephys.nwb,28,46,627,4.111111111111111,14,15.654320987654321,18,3575592,140.0,60.0,0
2f56c7e0-95f2-439e-8f69-606cac5ec63a,001169,sub-S028/sub-S028_ses-RWTautowait2-20210902-115933.nwb,32,116,2974,5.444444444444445,31,46.46913580246915,27,1431837,40.0,25.0,1
2f5fb4e2-68f4-486c-a6b9-48c37b235d59,001753,sub-1467955115/sub-1467955115_ses-1468103806_icephys.nwb,185,710,111652,5.6098901098901095,63,50.776385702209865,182,29341025,2000.0,100.0,0
2f664c32-491d-4ab9-97ed-70a161edad30,000728,sub-554431707/sub-554431707_ses-562003583-StimC2_behavior+image+ophys.nwb,56,11485,195173008,231.12,5812,1245808.5056000003,50,688458176,1300.0,25.0,1
2f7001fe-1bec-42b5-b6ee-5c88c80989f3,001836,sub-lewis/sub-lewis_ses-lewis-20240110_obj-10d4auj.nwb,103,84,1949,2.7777777777777777,65,53.68395061728392,90,3790394,100.0,25.0,1
2f73c388-4638-4777-97a9-98e47037ad00,001550,sub-P049/sub-P049_ses-TaskSwitch4-170529a.nwb,35,112,2625,4.709677419354839,38,47.36732570239335,31,1150696,80.0,25.0,1
2f7519ac-6c57-4d78-9191-be85f4d1809b,000773,sub-ant4-m1-d10-y2023/sub-ant4-m1-d10-y2023_ses-m1-d10-y2023-ant4-0-48x-propionic-acid-40-t159-z150um_ophys.nwb,22,48,624,4.176470588235294,13,14.615916955017303,17,84086336,620.0,160.0,0
2f7d8fb6-5536-4981-833c-1aa8af0a0b70,001051,sub-640887/sub-640887_ses-None_probe-518_ecephys.nwb,36,62,1087,3.3,14,12.343333333333334,30,2800802548,1300.0,25.0,1
2f81ad03-1547-4ae0-8425-9a7105c3cccc,001455,sub-894287222/sub-894287222_ses-898929221_icephys.nwb,126,495,50143,5.715447154471545,41,37.48813536915857,123,19521595,340.0,25.0,1
2f83ae1f-494c-48ff-98bb-e674921997ca,001611,sub-29641/sub-29641_ses-20250327T040735_ecephys.nwb,25,52,649,4.105263157894737,13,13.988919667590027,19,12770564,80.0,25.0,1
2f8ec8ca-6faf-45dc-a23d-c2d8e025f891,000467,sub-ant2-m4-d20-y2022/sub-ant2-m4-d20-y2022_ses-m4-d20-y2022-ant2-0-03x-6-methyl-5-hepten-2-one-40-t140-z60um_ophys.nwb,22,48,624,4.176470588235294,13,14.615916955017303,17,84086336,660.0,160.0,0
2f903ece-41f5-4ada-b789-66af8f9d8c4f,000773,sub-ant1-m1-d20-y2023/sub-ant1-m1-d20-y2023_ses-m1-d20-y2023-ant1-0-48x-ethanol-40-t137-z155um_ophys.nwb,22,48,624,4.176470588235294,13,14.615916955017303,17,84086336,600.0,160.0,0
2f99e49d-b4eb-49dc-8e26-9baadc9ef4c5,001169,sub-G077/sub-G077_ses-RWTautowait2-20220930-133754.nwb,32,117,3004,5.481481481481482,31,46.397805212620035,27,1296022,100.0,25.0,1
2f9cfb8f-e8b5-40b4-a61b-ef2333593627,000020,sub-626194774/sub-626194774_ses-637919731_icephys.nwb,191,723,106545,5.5,60,50.462765957446805,188,21636686,33500.0,480.0,0
2fa9e712-ebd6-4013-b4fb-c4019577526a,000773,sub-ant5-m1-d10-y2023/sub-ant5-m1-d10-y2023_ses-m1-d10-y2023-ant5-0-48x-4-methyl-3-heptanone-40-t177-z50um_ophys.nwb,22,48,624,4.176470588235294,13,14.615916955017303,17,84086336,620.0,160.0,0
2faa1629-63fa-4088-93d8-6144fc8792ab,001634,sub-Bilbo/sub-Bilbo_ses-5_obj-kjfff7_ecephys.nwb,256,79,23510,3.0756302521008405,36,24.08671703975707,119,2917168,80.0,25.0,1
2fabb62e-6865-4aeb-8a84-e511928fd71f,001634,sub-Bilbo/sub-Bilbo_ses-2_obj-hg5kb5_ecephys.nwb,252,77,23272,3.130434782608696,36,25.296030245746696,115,713480,60.0,25.0,1
2fae4981-ca10-48cf-814d-a2ec8115ad53,001836,sub-molly/sub-molly_ses-molly-20220418_obj-k0j6k2.nwb,103,83,1904,2.7666666666666666,65,53.6011111111111,90,2973048,100.0,25.0,1
2fafd2ca-ff00-448c-80d1-c702c9260def,000711,sub-549976/sub-549976_ses-20210127T095348_image.nwb,48,116,2469,3.727272727272727,23,24.743801652892568,44,188651246,220.0,25.0,1
2fb4b07d-5f0b-49b7-be33-94a4f6ea949e,001169,sub-L006/sub-L006_ses-RWTautowait2-20211026-115254.nwb,32,116,2974,5.444444444444445,31,46.46913580246915,27,952800,100.0,25.0,1
2fb5a5f8-ccd8-4e78-92a1-0d33a2dc5764,001634,sub-Frodo/sub-Frodo_ses-5_obj-gh994t_ecephys.nwb,256,79,23510,3.0756302521008405,36,24.08671703975707,119,905616,100.0,25.0,1
2fba7bdd-563c-4125-8744-c07f1a7ac497,000020,sub-853715204/sub-853715204_ses-858252746_icephys.nwb,126,511,47926,5.829268292682927,42,41.735078326393015,123,22300836,25920.0,340.0,0
2fbf74bb-fcec-47cb-be40-2968b0d61903,001776,sub-M14G/sub-M14G_ses-20221204T152025_icephys.nwb,216,704,151093,5.342995169082125,93,76.63114658451771,207,32999355,660.0,25.0,1
2fc9c24a-7ed3-40c2-9174-02e4e0dde04f,001169,sub-M024/sub-M024_ses-RWTautowait2-20200804-105809.nwb,32,116,2923,5.444444444444445,30,44.54320987654322,27,904834,60.0,25.0,1
2fcc8acf-05c9-4825-a732-7de8b7d8014f,001550,sub-P078/sub-P078_ses-TaskSwitch4-170510a.nwb,35,112,2625,4.709677419354839,38,47.36732570239335,31,1272588,80.0,25.0,1
2fd2810d-2342-4913-b856-91cd83d0dacb,000467,sub-ant2-m4-d21-y2022/sub-ant2-m4-d21-y2022_ses-m4-d21-y2022-ant2-0-12x-4-methyl-3-heptanone-40-t160-z80um_ophys.nwb,22,48,624,4.176470588235294,13,14.615916955017303,17,84086336,660.0,160.0,0
2fd78107-bc0e-4098-89f4-10a1a700ea77,001748,sub-1400195706/sub-1400195706_ses-1401912928_icephys.nwb,228,928,216646,5.928888888888889,89,72.16383209876543,225,62686891,960.0,25.0,1
2fdbf7d6-2396-4fed-bd6b-f60c44d43f8d,000628,sub-Pa/sub-Pa_ses-20200128T101214.nwb,26,39,494,4.266666666666667,13,17.662222222222226,15,13419566,260.0,120.0,0
2fdc3bda-5636-4ead-bb97-02c0a5e3e2bd,000773,sub-ant4-m4-d6-y2023/sub-ant4-m4-d6-y2023_ses-m4-d6-y2023-ant4-0-48x-isopropanol-40-t168-z40um_ophys.nwb,22,48,624,4.176470588235294,13,14.615916955017303,17,84086336,580.0,140.0,0
2fe397de-2419-46fb-a52d-f145b0d75126,001169,sub-J055/sub-J055_ses-RWTautowait2-20221111-091930.nwb,32,118,3087,5.518518518518518,32,48.32373113854595,27,938983,60.0,25.0,1
2ff3f70b-2f46-4974-b173-5b0df05a66b8,000563,sub-692984/sub-692984_ses-1303229472_probe-4_ecephys.nwb,27,55,937,3.772727272727273,14,15.08471074380165,22,1874338880,620.0,25.0,1
2ff4433b-7c7f-4599-bcec-a154c07f1712,001550,sub-P102/sub-P102_ses-TaskSwitch4-171126a.nwb,35,112,2625,4.709677419354839,38,47.36732570239335,31,1385063,60.0,25.0,1
2ff74b30-b4fb-4909-9ba4-fe6ec3a7189a,001169,sub-S057/sub-S057_ses-RWTautowait2-20230516-095351.nwb,32,118,3087,5.518518518518518,32,48.32373113854595,27,1143243,100.0,25.0,1
2ffd5c8d-c553-4850-9fe4-55ba88e43960,001169,sub-G006/sub-G006_ses-RWTautowait2-20200406-102108.nwb,32,116,2923,5.444444444444445,30,44.54320987654322,27,1025837,80.0,25.0,1
30024abc-e1d3-4499-8d94-878a1105b0ed,001538,sub-dSPN-mouse-dSPN++OnState++none++WT++20230802/sub-dSPN-mouse-dSPN++OnState++none++WT++20230802_ses-dSPN++OnState++none++WT++20230802_icephys+ogen.nwb,68,138,3334,3.7704918032786887,15,10.799785004031179,61,724857,160.0,25.0,1
3005476b-514e-4ffc-a557-e671933be23f,001847,sub-RD039/sub-RD039_ses-RD039-20240308-161237_behavior.nwb,32,119,3077,5.357142857142857,34,47.301020408163254,28,526964,25.0,25.0,1
300c0c96-123d-444a-93ea-2d8e3828afd5,000467,sub-ant2-m4-d20-y2022/sub-ant2-m4-d20-y2022_ses-m4-d20-y2022-ant2-0-12x-4-methyl-3-heptanone-40-t150-z45um_ophys.nwb,22,48,624,4.176470588235294,13,14.615916955017303,17,84086336,660.0,160.0,0
300c6106-81c4-4b9b-bef1-28f6be168083,001832,sub-m23n14002/sub-m23n14002_ses-20231114T171815_icephys.nwb,31,73,998,4.0,13,9.555555555555555,27,1183240,80.0,25.0,1
30204dad-298e-41d9-9dc7-77c2661d6061,001169,sub-G041/sub-G041_ses-RWTautowait2-20210507-153839.nwb,32,117,3004,5.481481481481482,31,46.397805212620035,27,1201895,60.0,25.0,1
30234bda-2b5b-4d48-8901-87b03f315ed3,001359,sub-1295011705/sub-1295011705_ses-1298075952_icephys.nwb,174,667,97237,5.619883040935672,60,50.98416606819191,171,52477403,720.0,25.0,1
302862e5-cf08-41f3-9fb8-5c559b5685c1,000766,sub-Calcacre/sub-Calcacre_ses-20220224T153000_obj-1tuyxpf.nwb,17,35,401,3.923076923076923,13,13.609467455621298,13,192088,80.0,60.0,0
302aa029-b11d-4162-aba6-3556d4945b48,001455,sub-967547912/sub-967547912_ses-970760229_icephys.nwb,136,492,51837,5.413533834586466,46,40.6335010458477,133,24656182,460.0,25.0,1
302aaf69-298b-4cb9-9b1f-e9a6b9a5bcdd,000020,sub-710327102/sub-710327102_ses-710884122_icephys.nwb,108,418,31464,5.6,42,33.57333333333333,105,18643728,21740.0,380.0,0
302c807f-a42e-4b84-b232-985a045e6d72,000351,sub-HJ-FP-M4/sub-HJ-FP-M4_ses-Day72.nwb,25,49,554,3.3181818181818183,13,9.489669421487603,22,17579192,220.0,60.0,0
303833b8-3f77-4ed2-a332-665d44339313,000773,sub-ant1-m1-d11-y2023/sub-ant1-m1-d11-y2023_ses-m1-d11-y2023-ant1-0-03x-3-hexanone-40-t138-z160um_ophys.nwb,22,48,624,4.176470588235294,13,14.615916955017303,17,84086336,660.0,180.0,0
303b8829-c9e5-45ce-b094-296a3fe3ec3b,000351,sub-HJ-FP-M7/sub-HJ-FP-M7_ses-Day7.nwb,25,49,554,3.3181818181818183,13,9.489669421487603,22,9720536,2140.0,60.0,0
303c1ec9-43ed-4095-8fbe-1010c91b2488,000341,Human_persistent_RAF/sub-160511/sub-160511_ses-1605111rm-1-1-4_icephys.nwb,9142,41084,561550892,6.495129692459232,4560,4541.8264236917275,9137,1057775552,346960.0,180.0,0
303e8287-7d9b-44ea-b0ce-93f3c3ae66e7,000773,sub-ant2-m1-d17-y2023/sub-ant2-m1-d17-y2023_ses-m1-d17-y2023-ant2-0-03x-ethanol-40-t154-z5um_ophys.nwb,22,48,624,4.176470588235294,13,14.615916955017303,17,84086336,620.0,160.0,0
30466731-4d43-48fa-a9d1-60ad5d86ca05,000711,sub-523922/sub-523922_ses-20200819T095256_image.nwb,50,156,5473,4.478260869565218,24,34.72778827977316,46,196052324,300.0,25.0,1
304ebf4d-97ba-4857-9950-f795e94b2e31,000773,sub-ant4-m1-d18-y2023/sub-ant4-m1-d18-y2023_ses-m1-d18-y2023-ant4-0-48x-4-methyl-3-heptanol-40-t156-z105um_ophys.nwb,22,48,624,4.176470588235294,13,14.615916955017303,17,84086336,600.0,160.0,0
3050a894-78a5-4cc4-840f-654eb0c04fdc,000620,sub-Perle/sub-Perle_ses-2022-06-16_behavior+task.nwb,26,73,1194,4.454545454545454,23,26.247933884297524,22,148249284,620.0,100.0,0
30562603-addc-4315-a173-9ea313a397d2,000008,sub-mouse-XHGCQ/sub-mouse-XHGCQ_ses-20180726-sample-4_slice-20180726-slice-4_cell-20180726-sample-4_icephys.nwb,181,538,87573,4.96045197740113,80,65.58600657537744,177,9698155,14200.0,420.0,0
3056bfec-84f8-4174-969b-98d3af3c40a4,000713,sub-562033/sub-562033_ses-20210611T100238_image.nwb,48,115,2402,3.7045454545454546,23,23.889979338842977,44,191413234,260.0,25.0,1
3058e5ae-0e04-4ad3-a726-cabcdbecd02c,001169,sub-G031/sub-G031_ses-RWTautowait2-20210811-160657.nwb,32,117,3004,5.481481481481482,31,46.397805212620035,27,1053867,120.0,25.0,1
305d6387-d9e7-4fe3-b0db-b17e07f877e5,001169,sub-J055/sub-J055_ses-RWTautowait2-20221212-094412.nwb,32,118,3087,5.518518518518518,32,48.32373113854595,27,864231,80.0,25.0,1
30605f5f-e767-4c6a-98fa-9de9dcaf8f83,000728,sub-546734098/sub-546734098_ses-557984485-StimB_ophys.nwb,23,48,605,4.055555555555555,13,13.163580246913579,18,35590696886,14260.0,25.0,1
30680e8d-634f-4b6c-a8e8-d6773b6a7b6e,001274,sub-3-20240523/sub-3-20240523_obj-1gvntdm_image.nwb,17,38,431,4.153846153846154,13,13.668639053254442,13,117241731,180.0,25.0,1
30698f4e-884f-472a-9552-83b097bbdd77,000020,sub-703285845/sub-703285845_ses-707179441_icephys.nwb,128,493,45300,5.576,42,36.740224,125,19726522,24820.0,400.0,0
3078f7c3-b0a7-4b80-b1da-0d026615200c,000773,sub-ant4-m1-d18-y2023/sub-ant4-m1-d18-y2023_ses-m1-d18-y2023-ant4-0-48x-ethanol-40-t157-z80um_ophys.nwb,22,48,624,4.176470588235294,13,14.615916955017303,17,84086336,600.0,160.0,0
3088f3a4-f042-463f-b601-cc7d7c459b5e,000467,sub-ant4-m4-d26-y2022/sub-ant4-m4-d26-y2022_ses-m4-d26-y2022-ant4-0-48x-4-methyl-3-heptanone-40-t252-z160um_ophys.nwb,22,48,624,4.176470588235294,13,14.615916955017303,17,84086336,500.0,120.0,0
308a77e3-a875-4750-8b0a-f1d19adc2690,000148,sub-20210728001/sub-20210728001_icephys.nwb,202,570,101864,4.7727272727272725,86,68.40794306703403,198,16278480,12000.0,80.0,0
308cfff0-1288-43fa-bf0b-d3a124e1e447,000020,sub-794242514/sub-794242514_ses-797722090_icephys.nwb,519,2180,1190620,6.044573643410852,210,183.86041629108814,516,94468433,90780.0,360.0,0
3093da22-8714-4825-af8e-0b6f139bfea3,001169,sub-S056/sub-S056_ses-RWTautowait2-20230419-131930.nwb,32,118,3087,5.518518518518518,32,48.32373113854595,27,1111622,25.0,25.0,1
30981dd5-8bad-4d1b-b53c-6cbdf121b682,000467,sub-ant4-m4-d20-y2022/sub-ant4-m4-d20-y2022_ses-m4-d20-y2022-ant4-0-03x-4-methyl-3-heptanol-40-t209-z50um_ophys.nwb,22,48,624,4.176470588235294,13,14.615916955017303,17,84086336,680.0,160.0,0
30a6e8b8-7531-4f23-acb5-2adddb377177,001169,sub-G086/sub-G086_ses-RWTautowait2-20221202-161802.nwb,32,118,3087,5.518518518518518,32,48.32373113854595,27,1519984,80.0,25.0,1
30a97743-bfd5-4317-92a1-fab92995e479,001414,sub-alb14/sub-alb14_ses-20240422-14-bPAC-awake-ROI4_ophys.nwb,32,49,624,3.8181818181818183,13,14.148760330578511,22,632717560,280.0,25.0,1
30b51e7b-1f04-422c-a4eb-7fc28c99407e,000336,sub-661749/sub-661749_ses-1256379173-acq-1256498551_ophys.nwb,67,257,14389,5.409836065573771,30,42.01236226820747,61,139413674,720.0,25.0,1
30b794cb-a227-4169-8209-d58e1206761d,000773,sub-ant4-m1-d18-y2023/sub-ant4-m1-d18-y2023_ses-m1-d18-y2023-ant4-0-48x-ethanol-40-t157-z30um_ophys.nwb,22,48,624,4.176470588235294,13,14.615916955017303,17,84086336,600.0,160.0,0
30b84675-119b-4e93-9796-d87d1073521a,000467,sub-ant1-m4-d26-y2022/sub-ant1-m4-d26-y2022_ses-m4-d26-y2022-ant1-0-48x-4-methyl-3-hexanol-40-t147-z10um_ophys.nwb,22,48,624,4.176470588235294,13,14.615916955017303,17,84086336,620.0,160.0,0
30b87a9d-d6d2-412a-8069-f11c4622c42e,001475,sub-HSB-w18-11/sub-HSB-w18-11_ses-20250407_cell-au17_obj-q7b9lf_icephys.nwb,54,138,4015,4.44,15,8.8864,50,5097176,660.0,80.0,0
30cd21eb-218b-4a18-a3b3-66855d49305c,000773,sub-ant1-m2-d24-y2023/sub-ant1-m2-d24-y2023_ses-m2-d24-y2023-ant1-0-48x-propionic-acid-40-t129-z90um_ophys.nwb,22,48,624,4.176470588235294,13,14.615916955017303,17,84086336,580.0,160.0,0
30dc2f9d-fadb-46d7-bf7d-e21d6610ceaa,001550,sub-P127/sub-P127_ses-TaskSwitch4-180506a.nwb,35,112,2625,4.709677419354839,38,47.36732570239335,31,938166,60.0,25.0,1
30e5dd23-6899-4066-9910-58b7a1c90b1e,001534,sub-1398409326/sub-1398409326_ses-1402915053_icephys.nwb,306,1267,425224,6.016501650165017,125,103.77860558333062,303,65175946,1060.0,25.0,1
30ed54b2-8a8a-4436-85d7-4f78813e5b9b,001374,sub-001/sub-001_ses-20250502_obj-Traceiii20240619iii11iii52iii51iii22150aiiiday46iiiventraliiic57_ecephys.nwb,22,49,722,4.176470588235294,13,15.321799307958479,17,8544921723,2940.0,25.0,1
30f57166-d809-4c70-bcfe-84b343966843,000773,sub-ant1-m1-d20-y2023/sub-ant1-m1-d20-y2023_ses-m1-d20-y2023-ant1-0-48x-3-hexanone-40-t138-z115um_ophys.nwb,22,48,624,4.176470588235294,13,14.615916955017303,17,84086336,600.0,160.0,0
30fdb561-8b1f-4ce9-a3e1-73c7e5686095,001169,sub-G100/sub-G100_ses-RWTautowait2-20230403-150212.nwb,32,118,3087,5.518518518518518,32,48.32373113854595,27,1443906,80.0,25.0,1
30ff62c8-7e74-4363-95c7-27510bf39016,000246,sub-PHP-V16-K7/sub-PHP-V16-K7_obj-10160ei_ophys.nwb,31,41,560,3.8421052631578947,13,14.027700831024932,19,8566968,25.0,25.0,1
31039604-f32e-4ad9-a3d7-f9b7297eba32,000773,sub-ant1-m2-d24-y2023/sub-ant1-m2-d24-y2023_ses-m2-d24-y2023-ant1-0-48x-3-hexanone-40-t124-z45um_ophys.nwb,22,48,624,4.176470588235294,13,14.615916955017303,17,84086336,620.0,160.0,0
310e587f-0f74-47a0-a76b-084051d2645e,000341,Human_persistent_RAF/sub-160909/sub-160909_ses-1609091rm-3-1-4_icephys.nwb,5446,24452,198657284,6.491821356368314,2712,2693.8783102463444,5441,612510992,253180.0,180.0,0
311573b6-9df7-400f-be07-44369ec20fcc,001169,sub-J080/sub-J080_ses-RWTautowait2-20230605-125824.nwb,32,118,3087,5.518518518518518,32,48.32373113854595,27,1351924,80.0,25.0,1
311fac2e-c760-410c-a541-caa38e835e00,001550,sub-P124/sub-P124_ses-TaskSwitch6-190630a.nwb,33,112,2724,4.9655172413793105,40,54.44708680142688,29,1135696,60.0,25.0,1
312152f5-7bf0-4542-a6f1-19f6810e33f6,000728,sub-502185594/sub-502185594_ses-510524416-StimC_ophys.nwb,23,48,605,4.055555555555555,13,13.163580246913579,18,38737814216,14180.0,25.0,1
31238c09-d67c-45c0-9497-73944495cd85,001361,sub-m11/sub-m11_ses-14_behavior+ophys.nwb,46,80,1970,3.119047619047619,13,8.200113378684808,42,168764596,940.0,80.0,0
3123ea9d-661f-458c-8983-f1752ef681cc,001868,sub-ICMS83/sub-ICMS83_ses-2023-07-31_behavior+ecephys+ophys.nwb,63,204,18146,5.017857142857143,13,14.94610969387755,56,108753823,140.0,25.0,1
312efb35-67f0-4b06-a966-0ba629cd8ce1,001169,sub-G067/sub-G067_ses-RWTautowait2-20220525-153007.nwb,32,117,3004,5.481481481481482,31,46.397805212620035,27,1254936,80.0,25.0,1
312f3c28-5d4b-45c0-b13b-b38b1cadc92e,000959,sub-L/sub-L_ses-20190922_obj-10ekmzd_behavior.nwb,41,275,26986,8.513513513513514,16,33.330898466033595,37,17521992,320.0,60.0,0
313021d1-1a00-4349-a6ad-481d5f965590,000988,sub-185525Plate6-Cell3-0-1-0-25/sub-185525Plate6-Cell3-0-1-0-25_ses-20240924T185525_image.nwb,30,41,457,3.888888888888889,13,13.87654320987654,18,473601656,300.0,25.0,1
313368f6-7b26-453a-993b-4171ab44bd86,000336,sub-621602/sub-621602_ses-1194336696-acq-1194499460-raw-movies_ophys.nwb,68,260,14699,5.403225806451613,30,41.30515088449531,62,23264507532,1480.0,25.0,1
313bde7a-6284-4fa9-a9b5-61bc88a6b08f,001550,sub-P116/sub-P116_ses-TaskSwitch4-180422a.nwb,35,112,2625,4.709677419354839,38,47.36732570239335,31,1404384,80.0,25.0,1
313ce9e8-3df0-434c-b992-03a3c068915b,001634,sub-Bilbo/sub-Bilbo_ses-5_obj-16hx3s1_ecephys.nwb,253,68,23206,3.0344827586206895,36,24.274673008323433,116,904597,60.0,25.0,1
31425230-8ca0-41da-b634-ed13b248d793,001767,sub-S1455/sub-S1455_ses-20220707_behavior.nwb,66,111,4050,3.5918367346938775,20,14.200749687630152,49,5269448,240.0,25.0,1
314382f4-ac82-42c6-9ca7-c91e7598cca7,000711,sub-453988/sub-453988_ses-20190528T121647_image.nwb,48,119,2682,3.7954545454545454,26,27.571797520661153,44,66811053,220.0,25.0,1
3143883e-6cb4-47fd-a387-c52c00b2ef2d,001169,sub-M028/sub-M028_ses-RWTautowait2-20210219-114848.nwb,32,117,3004,5.481481481481482,31,46.397805212620035,27,1674569,100.0,25.0,1
314a3ffe-a77f-4ea5-a865-4866f1c58341,001746,sub-Mfa220419/sub-Mfa220419_ses-sess-220419d3_obj-16u0khc_icephys.nwb,63,156,6107,4.796296296296297,20,14.199245541838131,54,8313432,680.0,80.0,0
31515d01-a7c8-412d-892a-75710e538ef4,001526,sub-CHO-20250501-c9/sub-CHO-20250501-c9_ses-session-2025-05-01_obj-1tc5bfy_image.nwb,17,38,431,4.153846153846154,13,13.668639053254442,13,33950007,100.0,25.0,1
31559cba-e8da-4386-804b-df983488636b,000022,sub-820866111/sub-820866111_ses-840012044_probe-868297129_ecephys.nwb,26,52,791,3.590909090909091,14,14.878099173553721,22,1760191472,3260.0,80.0,0
31646389-287b-4735-8fd8-68768f8ec883,000959,sub-L/sub-L_ses-20190720_obj-14mpmyn_behavior.nwb,42,289,30304,8.68421052631579,17,33.63711911357342,38,17524168,340.0,60.0,0
3165503b-e190-49a0-908c-6397716aeade,001836,sub-eliot/sub-eliot_ses-eliot-20221025_obj-ewzgd6_behavior.nwb,72,71,1614,2.9491525423728815,33,26.69232979029014,59,3328376,60.0,25.0,1
316757c2-02dd-486a-97c3-37087da26409,000773,sub-ant3-m1-d10-y2023/sub-ant3-m1-d10-y2023_ses-m1-d10-y2023-ant3-0-48x-isopropanol-40-t140-z35um_ophys.nwb,22,48,624,4.176470588235294,13,14.615916955017303,17,84086336,640.0,160.0,0
316b5f7c-ead9-40a2-94b1-7b52add75ae2,000239,sub-MX181003/sub-MX181003_ses-20181024T163157.nwb,18,63,1228,6.153846153846154,29,58.13017751479289,13,363774,120.0,60.0,0
316d16df-c6b5-437a-8be8-c64e01167d1e,001184,sub-122/sub-122_ses-session-hheise-M122-2022-08-05-01_behavior+image+ophys.nwb,43,78,1130,3.2051282051282053,13,8.470742932281393,39,266389884,1580.0,140.0,0
316fdcc4-a65e-425f-a421-756900026ce8,001550,sub-H113/sub-H113_ses-TaskSwitch4-170916a.nwb,33,110,2570,4.896551724137931,38,49.74791914387635,29,1394007,120.0,25.0,1
31742f6b-b2b9-48a9-8eae-652085d69c79,000971,sub-361-427/sub-361-427_ses-Opto-DMS-Inhibitory-EYFP-2020-12-04T11-54-47_ogen.nwb,30,57,751,3.3846153846153846,15,14.698224852071005,26,244952,60.0,25.0,1
31785a30-7cf5-44d1-8054-ad1836fe3f9e,001550,sub-P074/sub-P074_ses-TaskSwitch4-160928a.nwb,35,112,2625,4.709677419354839,38,47.36732570239335,31,1166130,80.0,25.0,1
3187b655-df2b-4da2-8a78-1eb9a52fc261,001201,sub-Monkey-N/sub-Monkey-N_ses-20210628_ecephys.nwb,31,71,972,4.16,13,14.454399999999998,25,36960578,540.0,220.0,0
3188cd86-0ee7-48c5-9bd4-014ee80c23f2,000971,sub-484/sub-484_ses-Opto-DMS-Excitatory-ChR2-2019-05-31T13-01-15_behavior+ogen.nwb,31,57,739,3.2962962962962963,14,13.393689986282581,27,257977,60.0,25.0,1
3190674a-4be7-4119-b0cf-901a69b293e9,001034,sub-3-3/sub-3-3_ses-2kHz-spindle-stimulation-7V_image.nwb,17,38,431,4.153846153846154,13,13.668639053254442,13,560934,80.0,25.0,1
31a49b33-1160-4b4d-93b0-85ff9db56b53,001474,sub-MPK176/sub-MPK176_ses-20241101T120000.nwb,21,45,466,3.823529411764706,13,11.321799307958477,17,11130720,100.0,25.0,1
31a9b71b-943e-4408-b76e-e0b80873b6b6,000971,sub-361-427/sub-361-427_ses-Opto-DMS-Inhibitory-EYFP-2020-12-14T11-57-47_ogen.nwb,30,57,751,3.3846153846153846,15,14.698224852071005,26,247000,60.0,25.0,1
31bfc3ad-625b-4087-a252-5909b77824e1,000971,sub-244-465/sub-244-465_ses-Opto-DMS-Inhibitory-EYFP-2021-09-15T10-39-25_ogen.nwb,30,57,751,3.3846153846153846,15,14.698224852071005,26,244952,80.0,60.0,0
31c14ef8-faf2-4ce4-a09d-1af1467e152f,000008,sub-mouse-SGQTD/sub-mouse-SGQTD_ses-20180410-sample-5_slice-20180410-slice-5_cell-20180410-sample-5_icephys.nwb,181,538,87573,4.96045197740113,80,65.58600657537744,177,8417459,14100.0,440.0,0
31c22da3-14b5-4247-bdfd-759eda03a4ea,000467,sub-ant4-m4-d26-y2022/sub-ant4-m4-d26-y2022_ses-m4-d26-y2022-ant4-1x-paraffin-oil-40-t264-z20um_ophys.nwb,22,48,624,4.176470588235294,13,14.615916955017303,17,84086336,500.0,140.0,0
31c2593c-71c0-4785-b750-587f4f94fecd,001880,sub-iuvE14-cagCre-ef1aDIOchr2-6/sub-iuvE14-cagCre-ef1aDIOchr2-6_ses-iuvE14-cagCre-ef1aDIOchr2-6-230327_behavior+ecephys.nwb,50,108,2539,3.760869565217391,17,16.74716446124764,46,153848137,160.0,25.0,1
31c30d98-19e5-4f4a-8911-77758dc6f9bc,000232,sub-YT081/sub-YT081_ses-20190420T180627_behavior.nwb,2238,4495,20967021,3.0134288272157566,316,308.55666836847956,2234,27897832,880.0,25.0,1
31c48cd4-77a6-47f9-ac30-f08132e0eaa8,001455,sub-822442559/sub-822442559_ses-824978665_icephys.nwb,147,558,64459,5.5625,48,41.107204861111114,144,21391930,600.0,25.0,1
31cb67ed-5082-49c9-b2e0-fe7b8bcd4f08,000959,sub-T/sub-T_ses-20220526_obj-vquck1_behavior.nwb,29,116,3192,5.76,13,16.1824,25,10010208,280.0,60.0,0
31dbb122-4523-4fe5-8654-506e3a74e6b8,000246,sub-phpV13-4/sub-phpV13-4_ses-20230918_obj-q87t7v_ophys.nwb,33,46,581,3.5217391304347827,13,12.162570888468805,23,5163023152,2080.0,25.0,1
31dc166a-ef17-4c6b-88f2-342c56a312c7,001169,sub-J006/sub-J006_ses-RWTautowait2-20210318-133617.nwb,32,117,3004,5.481481481481482,31,46.397805212620035,27,1736286,80.0,25.0,1
31def7b9-3089-4460-9f33-ce7d1f7655e0,000711,sub-547486/sub-547486_ses-20210202T093627_image.nwb,50,156,5473,4.478260869565218,24,34.72778827977316,46,196122313,260.0,25.0,1
31df9421-9bf8-4ff8-9491-0a222caa9269,001169,sub-G008/sub-G008_ses-RWTautowait2-20200429-104452.nwb,32,116,2923,5.444444444444445,30,44.54320987654322,27,922155,80.0,25.0,1
31e0c95b-021b-43e6-bea1-a929b8be8346,001169,sub-J013/sub-J013_ses-RWTautowait2-20211007-135232.nwb,32,116,2974,5.444444444444445,31,46.46913580246915,27,1319818,80.0,25.0,1
31e4efb7-ac1e-43ab-aede-5179bcdb9f67,000728,sub-651725139/sub-651725139_ses-662107986-StimC2_behavior+image+ophys.nwb,50,11477,195172714,262.3181818181818,5812,1407580.2623966942,44,382585271,760.0,25.0,1
31f28fa2-2ff1-44e7-a286-a9169a40596c,001414,sub-alb570-IP3R2-KO/sub-alb570-IP3R2-KO_ses-20240315-570-KO-awake-ROI2_ophys.nwb,32,49,624,3.8181818181818183,13,14.148760330578511,22,657890654,280.0,25.0,1
31f6f39f-460a-46ad-816a-4f2cb8f05d65,001836,sub-lewis/sub-lewis_ses-lewis-20240105_obj-v06muf.nwb,103,83,1904,2.7666666666666666,65,53.6011111111111,90,914664,80.0,25.0,1
31f952d6-3f4d-465c-b388-52dbd9e44020,001550,sub-P095/sub-P095_ses-TaskSwitch4-180521a.nwb,35,112,2625,4.709677419354839,38,47.36732570239335,31,1760698,80.0,25.0,1
320100e6-b250-4374-9603-f97a2659d905,001349,sub-hM4Di-Ncre8-3-#3/sub-hM4Di-Ncre8-3-#3_ses-7_ophys.nwb,32,64,1380,3.923076923076923,13,11.07100591715976,26,33653898,100.0,25.0,1
320219c9-495e-4613-9e8f-35688821e983,000467,sub-ant4-m4-d26-y2022/sub-ant4-m4-d26-y2022_ses-m4-d26-y2022-ant4-0-48x-4-methyl-3-hexanol-40-t249-z120um_ophys.nwb,22,48,624,4.176470588235294,13,14.615916955017303,17,84086336,500.0,140.0,0
3203de58-16c0-4d75-b5cc-d8b2db64264a,001169,sub-L009/sub-L009_ses-RWTautowait2-20221018-102103.nwb,32,118,3087,5.518518518518518,32,48.32373113854595,27,992619,100.0,25.0,1
320d2214-13bd-45a5-8977-35e94c3dcd28,000617,sub-680787/sub-680787_ses-1285842466-acq-1285965157_ophys.nwb,66,196,6715,4.344262295081967,17,20.75033593120128,61,601448997,1980.0,25.0,1
32123d7b-545c-48d8-ad45-9181e24e1f63,001636,sub-Venus/sub-Venus_ses-Venus++v3228++PreMPTP++Depth22260um++19990713_behavior+ecephys.nwb,60,186,6636,5.297872340425532,19,28.294250792213678,47,13207093,880.0,120.0,0
321681d1-c755-48e9-8abd-55275b2e0ea0,001339,sub-240911-Fish81-GCaMP-vglut-TG-6dpf-FlowExperiment-warner-temp-stim-Z-3-0/sub-240911-Fish81-GCaMP-vglut-TG-6dpf-FlowExperiment-warner-temp-stim-Z-3-0_ses-20250204T181550_ophys.nwb,34,56,809,3.064516129032258,13,8.4474505723205,31,39527158,160.0,25.0,1
3217059a-0169-4a54-ab3d-06906ff0e487,000773,sub-ant5-m1-d11-y2023/sub-ant5-m1-d11-y2023_ses-m1-d11-y2023-ant5-0-03x-3-hexanone-40-t214-z100um_ophys.nwb,22,48,624,4.176470588235294,13,14.615916955017303,17,84086336,620.0,160.0,0
3218387d-0149-4f5d-943d-bdcfe48dc83e,001169,sub-S045/sub-S045_ses-RWTautowait2-20230307-121522.nwb,32,118,3087,5.518518518518518,32,48.32373113854595,27,1522007,60.0,25.0,1
32186f50-f864-4ee2-97cf-60290c17c848,001169,sub-M047/sub-M047_ses-RWTautowait2-20230331-114234.nwb,32,117,3057,5.481481481481482,32,48.397805212620035,27,1220194,60.0,25.0,1
322c7fd4-81e1-4b49-87b2-0ae42155f10a,000773,sub-ant4-m1-d11-y2023/sub-ant4-m1-d11-y2023_ses-m1-d11-y2023-ant4-0-03x-isopropanol-40-t200-z45um_ophys.nwb,22,48,624,4.176470588235294,13,14.615916955017303,17,84086336,600.0,160.0,0
322d9fe2-8790-487f-8b06-cd4e606cbf5e,001465,sub-1420407314/sub-1420407314_ses-1422002595_icephys.nwb,365,1469,544382,5.883977900552487,148,134.43957754647292,362,79481442,1200.0,80.0,0
323e133a-2220-4447-ac89-89bea717a8b9,000773,sub-ant3-m1-d17-y2023/sub-ant3-m1-d17-y2023_ses-m1-d17-y2023-ant3-0-03x-isopropanol-40-t189-z10um_ophys.nwb,22,48,624,4.176470588235294,13,14.615916955017303,17,84086336,620.0,160.0,0
3244687a-e5c7-4cd1-8bef-6b077ae66e3b,000971,sub-347-393/sub-347-393_ses-FP-PS-2020-07-21T11-42-49.nwb,25,51,641,3.5714285714285716,13,14.435374149659864,21,231992,80.0,60.0,0
324c4cf0-baa9-4b72-8b9c-e48106c62835,001169,sub-S060/sub-S060_ses-RWTautowait2-20230710-145047.nwb,32,118,3087,5.518518518518518,32,48.32373113854595,27,932474,120.0,25.0,1
324d3c3c-14f7-4253-9603-088ffca533c4,001169,sub-J002/sub-J002_ses-RWTautowait2-20200813-093125.nwb,32,116,2923,5.444444444444445,30,44.54320987654322,27,1366346,80.0,25.0,1
32558fb6-9bf8-4566-9cf5-d7dc50dc51c1,001169,sub-S049/sub-S049_ses-RWTautowait2-20230209-140346.nwb,32,117,3004,5.481481481481482,31,46.397805212620035,27,1150870,80.0,25.0,1
325de70c-9f98-476a-baf1-2f6c7c27425a,001169,sub-G081/sub-G081_ses-RWTautowait2-20230227-112744.nwb,32,118,3087,5.518518518518518,32,48.32373113854595,27,992924,60.0,25.0,1
325ec177-4e70-4bca-a46c-49bfdeec353a,001361,sub-m17/sub-m17_ses-02_behavior+ophys.nwb,50,90,2822,3.1956521739130435,13,7.374763705103971,46,1210396388,1560.0,25.0,1
32620810-a165-4052-b920-256f75a13937,001550,sub-P127/sub-P127_ses-TaskSwitch4-190422a.nwb,35,112,2625,4.709677419354839,38,47.36732570239335,31,1377992,120.0,25.0,1
3263610b-919c-40ca-9711-6bbb5cd83cc9,001035,sub-9-4/sub-9-4_ses-20kHz-sine-stimulation-7V_image.nwb,17,38,431,4.153846153846154,13,13.668639053254442,13,680139,80.0,25.0,1
3276516c-c97c-4424-9a13-51d72cedafcf,000020,sub-729731783/sub-729731783_ses-731917449_icephys.nwb,197,798,143832,5.871134020618556,72,62.83390902327558,194,46356345,35360.0,380.0,0
3276a136-674b-4ceb-9656-ecfe90bfe538,001273,sub-4-20240119/sub-4-20240119_obj-1lufvzn_image.nwb,17,38,431,4.153846153846154,13,13.668639053254442,13,58613116,120.0,25.0,1
3278148c-8ad1-4ad0-b54d-15136c37ff91,000773,sub-ant4-m1-d11-y2023/sub-ant4-m1-d11-y2023_ses-m1-d11-y2023-ant4-0-03x-ethanol-40-t184-z70um_ophys.nwb,22,48,624,4.176470588235294,13,14.615916955017303,17,84086336,620.0,160.0,0
32807877-268b-4776-b1ee-f1dc09535f52,001550,sub-H113/sub-H113_ses-TaskSwitch4-170618a.nwb,33,110,2570,4.896551724137931,38,49.74791914387635,29,1102035,100.0,25.0,1
32833bbb-a71f-4112-98ba-32cfa298ba33,000711,sub-435431/sub-435431_ses-20190619T104553_obj-127uq8z_image+ophys.nwb,75,225,9298,4.428571428571429,24,26.73061224489796,70,254419426,980.0,60.0,0
328e8a8a-1372-4ec8-a35b-49a9e6a53799,001169,sub-J045/sub-J045_ses-RWTautowait2-20220922-102752.nwb,32,117,3004,5.481481481481482,31,46.397805212620035,27,1109519,140.0,25.0,1
329268b7-9b5e-401b-850a-95d30e05b031,001169,sub-G008/sub-G008_ses-RWTautowait2-20200515-110134.nwb,32,116,2923,5.444444444444445,30,44.54320987654322,27,855944,80.0,25.0,1
329b868e-584b-47cb-8ea8-90a4c66d1856,000773,sub-ant2-m2-d24-y2023/sub-ant2-m2-d24-y2023_ses-m2-d24-y2023-ant2-0-48x-isopropanol-40-t147-z5um_ophys.nwb,22,48,624,4.176470588235294,13,14.615916955017303,17,84086336,580.0,160.0,0
32a002da-2782-4715-8d06-c47c22e353a5,000773,sub-ant2-m1-d17-y2023/sub-ant2-m1-d17-y2023_ses-m1-d17-y2023-ant2-0-03x-propionic-acid-40-t156-z35um_ophys.nwb,22,48,624,4.176470588235294,13,14.615916955017303,17,84086336,600.0,160.0,0
32a4d127-fcf8-4081-9872-b45c6fe33ff0,000363,sub-440956/sub-440956_ses-20190210T155629_behavior+ecephys+ogen.nwb,53,143,3296,4.568181818181818,32,33.69989669421488,44,108717382,91440.0,480.0,0
32a50bb6-54cd-4a3b-8cb3-ae3d4e08a65e,000773,sub-ant1-m4-d6-y2023/sub-ant1-m4-d6-y2023_ses-m4-d6-y2023-ant1-0-48x-propionic-acid-40-t136-z70um_ophys.nwb,22,48,624,4.176470588235294,13,14.615916955017303,17,84086336,600.0,160.0,0
32b1043b-a0cb-4595-be99-99f378134c8f,000020,sub-680823130/sub-680823130_ses-683859636_icephys.nwb,109,423,35111,5.660377358490566,42,34.90352438590247,106,30141697,25260.0,420.0,0
32b7d06d-8017-4a13-8892-e7fb6cb001cd,001550,sub-P055/sub-P055_ses-TaskSwitch4-160904a.nwb,35,112,2625,4.709677419354839,38,47.36732570239335,31,858070,80.0,25.0,1
32c51f43-ccc5-4f55-995e-70be27626101,000467,sub-ant3-m4-d27-y2022/sub-ant3-m4-d27-y2022_ses-m4-d27-y2022-ant3-0-0075x-4-methyl-3-heptanol-40-t126-z55um_ophys.nwb,22,48,624,4.176470588235294,13,14.615916955017303,17,84086336,460.0,120.0,0
32cd87c2-556d-4fbe-a77b-df709b519996,000341,In_vitro_Human_elevated_neuronal_activity/sub-161014/sub-161014_ses-1610141tm-1-1-4_icephys.nwb,72,269,18122,5.835820895522388,25,16.73423925150367,67,374798360,780.0,25.0,1
32d092ec-7bb8-403a-8d5f-c8905b99b68d,001607,sub-Frodo/sub-Frodo_ses-1_obj-ikxi0c_ecephys.nwb,255,68,23960,3.0517241379310347,38,25.531807372175987,116,11344720,1240.0,160.0,0
32d0fa92-e162-474b-bd1b-d6bccda46149,001169,sub-S043/sub-S043_ses-RWTautowait2-20220823-154521.nwb,32,117,3004,5.481481481481482,31,46.397805212620035,27,1351543,60.0,25.0,1
32d5f932-035c-488e-94d1-b88f7de629c2,000773,sub-ant5-m4-d6-y2023/sub-ant5-m4-d6-y2023_ses-m4-d6-y2023-ant5-0-48x-propionic-acid-40-t175-z0um_ophys.nwb,22,48,624,4.176470588235294,13,14.615916955017303,17,84086336,580.0,140.0,0
32d8f7ab-cb83-42a4-9254-8fad3bc564c0,000336,sub-690226/sub-690226_ses-1311417124-acq-1311643267-denoised-movies_image+ophys.nwb,75,292,16035,5.357142857142857,30,37.51530612244899,70,40729004139,1240.0,25.0,1
32db23b2-6a10-4132-809c-32dda83a6e13,000773,sub-ant2-m1-d20-y2023/sub-ant2-m1-d20-y2023_ses-m1-d20-y2023-ant2-0-48x-ethylpyrazine-40-t147-z10um_ophys.nwb,22,48,624,4.176470588235294,13,14.615916955017303,17,84086336,600.0,160.0,0
32dcca7c-24c9-41d9-9b5a-518266600575,001832,sub-metadata/sub-metadata_ses-figuremetadata.nwb,19,38,417,3.7333333333333334,13,13.66222222222222,15,320272,25.0,25.0,1
32e8ff02-cd43-41b4-b66e-d804e340e411,001836,sub-lewis/sub-lewis_ses-lewis-20240107_obj-pqbgwh.nwb,103,84,1949,2.7777777777777777,65,53.68395061728392,90,3626966,100.0,25.0,1
32ea6ee7-7c49-422f-a479-ad66852c9133,001169,sub-L026/sub-L026_ses-RWTautowait2-20230418-121349.nwb,32,118,3087,5.518518518518518,32,48.32373113854595,27,1313996,100.0,25.0,1
32f1a295-6084-4d22-8a81-dce088b5b879,001169,sub-S053/sub-S053_ses-RWTautowait2-20230711-125817.nwb,32,118,3087,5.518518518518518,32,48.32373113854595,27,917845,60.0,25.0,1
32f43307-e5cd-42e7-9fec-96bd7421133a,001550,sub-P100/sub-P100_ses-TaskSwitch4-170710a.nwb,35,112,2625,4.709677419354839,38,47.36732570239335,31,1605214,60.0,25.0,1
32f7dc75-aca4-41e6-9d53-57d2cecb6060,001414,sub-25ms-PF1/sub-25ms-PF1_ses-20250115-1-bPAC-KX-LED25ms-rec6_ophys.nwb,27,45,590,4.294117647058823,13,16.913494809688583,17,619907859,680.0,25.0,1
32fd67e9-fe06-4037-951c-d47333011f2e,000933,sub-1307828346/sub-1307828346_ses-1309476217_icephys.nwb,362,1448,538068,5.871866295264624,149,133.69945919103668,359,66153225,4080.0,80.0,0
32fded23-1492-41a2-862d-1727d0c711f9,001550,sub-P124/sub-P124_ses-TaskSwitch4-180622a.nwb,35,112,2625,4.709677419354839,38,47.36732570239335,31,1434891,80.0,25.0,1
32fe4e86-80fe-4e77-ae75-dc4be5f92b4f,001865,sub-27135/sub-27135_ses-27135-3-1_behavior+ophys.nwb,49,104,2331,3.6511627906976742,13,9.436452136289887,43,19397776,100.0,25.0,1
32fedb70-05a2-4612-b718-49fc37207975,000766,sub-PC12-cell/sub-PC12-cell_ses-20210221T153000_obj-n41mca.nwb,17,35,401,3.923076923076923,13,13.609467455621298,13,192088,100.0,60.0,0
3307efb3-21c4-4208-815c-b8186785da11,001357,sub-Z08115/sub-Z08115_ses-20191122SL_ecephys.nwb,24,62,687,4.777777777777778,13,18.839506172839506,18,2234824,1120.0,200.0,0
3308ca51-7960-428a-bd33-7d27612fb0e7,001634,sub-Frodo/sub-Frodo_ses-2_obj-1va5x8a_ecephys.nwb,254,68,23794,3.0695652173913044,38,25.629943289224943,115,718808,100.0,25.0,1
330d0d0e-367f-4edb-8cc4-34bdbcf5d51b,001169,sub-S047/sub-S047_ses-RWTautowait2-20230202-120911.nwb,32,117,3004,5.481481481481482,31,46.397805212620035,27,1247408,25.0,25.0,1
330d5847-ad03-4350-b9b5-78e5e81aed67,001455,sub-889552276/sub-889552276_ses-895877621_icephys.nwb,311,1310,424995,6.068181818181818,124,108.46613046044862,308,30800525,920.0,25.0,1
33136f82-ab78-4e60-bd83-4d5f91bc204e,001169,sub-L008/sub-L008_ses-RWTautowait2-20211129-153553.nwb,32,116,2974,5.444444444444445,31,46.46913580246915,27,1067622,80.0,25.0,1
33141441-a664-46bb-88be-5dc553c38cf4,000773,sub-ant2-m1-d11-y2023/sub-ant2-m1-d11-y2023_ses-m1-d11-y2023-ant2-0-03x-ethylpyrazine-40-t161-z0um_ophys.nwb,22,48,624,4.176470588235294,13,14.615916955017303,17,84086336,640.0,160.0,0
3319a69e-1c93-4b1c-a4ec-7ccae18ca210,001611,sub-29641/sub-29641_ses-20250331T125046_ecephys.nwb,25,52,649,4.105263157894737,13,13.988919667590027,19,13462740,100.0,25.0,1
331e2c20-0447-4122-bdfa-e8f85745173e,001169,sub-S022/sub-S022_ses-RWTautowait2-20210722-122341.nwb,32,117,3004,5.481481481481482,31,46.397805212620035,27,974476,60.0,25.0,1
332da9e0-7d8b-41e8-8113-bdc3964acd3d,000467,sub-ant2-m4-d21-y2022/sub-ant2-m4-d21-y2022_ses-m4-d21-y2022-ant2-0-48x-6-methyl-5-hepten-2-one-40-t127-z45um_ophys.nwb,22,48,624,4.176470588235294,13,14.615916955017303,17,84086336,660.0,160.0,0
3332d532-8066-470d-8469-e30f138ee04b,001550,sub-P167/sub-P167_ses-TaskSwitch4-181216a.nwb,35,112,2625,4.709677419354839,38,47.36732570239335,31,1120420,60.0,25.0,1
3333952d-7d55-40cb-ac73-3273ebd78a8c,001414,sub-PF497-IP3R2-KO/sub-PF497-IP3R2-KO_ses-20240503-497-KO-awake-rec3_ophys.nwb,27,45,590,4.294117647058823,13,16.913494809688583,17,649069379,280.0,25.0,1
3336312e-c112-4ad9-8442-a36158597fc6,000405,sub-s4/sub-s4_ses-Ca-T3g-031119.nwb,21,65,1025,5.0,16,18.235294117647058,17,5802160,740.0,180.0,0
333711bf-7ac7-47d0-9a85-209b8375fcc9,000467,sub-ant4-m4-d20-y2022/sub-ant4-m4-d20-y2022_ses-m4-d20-y2022-ant4-0-03x-4-methyl-3-heptanone-40-t198-z40um_ophys.nwb,22,48,624,4.176470588235294,13,14.615916955017303,17,84086336,680.0,180.0,0
333724ab-bc09-4bca-92fe-ce570cc32ec6,000467,sub-ant5-m4-d26-y2022/sub-ant5-m4-d26-y2022_ses-m4-d26-y2022-ant5-1x-isopropanol-40-t267-z115um_ophys.nwb,22,48,624,4.176470588235294,13,14.615916955017303,17,84086336,520.0,140.0,0
333b152f-552d-4074-8f71-76bfd5760d9b,001550,sub-P120/sub-P120_ses-TaskSwitch4-180513a.nwb,35,112,2625,4.709677419354839,38,47.36732570239335,31,1592133,60.0,25.0,1
3346f171-3917-4d36-a5f6-ead7a5598c90,001169,sub-S036/sub-S036_ses-RWTautowait2-20220919-150519.nwb,32,117,3004,5.481481481481482,31,46.397805212620035,27,1102441,80.0,25.0,1
334a320e-b33f-4d68-af7a-37a49c32110b,000947,sub-Isis/sub-Isis_ses-pre-MPTP-I-160623-4_ecephys.nwb,32,86,1331,4.37037037037037,16,20.085048010973942,27,1337324866,1840.0,200.0,0
334da98c-f00d-45c7-a0ad-da09a00386a6,001550,sub-P124/sub-P124_ses-TaskSwitch4double-190325a.nwb,33,112,2724,4.9655172413793105,40,54.44708680142688,29,1020571,80.0,25.0,1
3350b2fd-7a82-45f6-b491-a429e1a252de,001550,sub-P059/sub-P059_ses-TaskSwitch4-170127a.nwb,35,112,2625,4.709677419354839,38,47.36732570239335,31,1114251,100.0,25.0,1
33548263-6693-4e1d-81e2-d2b0c075bf5a,001836,sub-julio/sub-julio_ses-julio-20230804_obj-ub7eea.nwb,103,84,1949,2.7777777777777777,65,53.68395061728392,90,696172,80.0,25.0,1
3359b922-8d51-4157-bda9-a1314783aad0,001636,sub-Leu/sub-Leu_ses-Leu++l7401++PreMPTP++Depth24760um++19921012_behavior+ecephys.nwb,49,153,6100,5.857142857142857,19,34.57959183673469,35,1084082,720.0,120.0,0
33638254-6872-488c-b1d2-3b3f4c617f6a,001550,sub-P159/sub-P159_ses-TaskSwitch4-181113a.nwb,35,112,2625,4.709677419354839,38,47.36732570239335,31,1356138,100.0,25.0,1
33647ffe-3481-4eff-b872-15fbdc215e9f,000971,sub-108-411/sub-108-411_ses-Opto-DMS-Inhibitory-EYFP-2020-10-27T11-12-51_ogen.nwb,30,57,751,3.3846153846153846,15,14.698224852071005,26,249048,80.0,60.0,0
33672fd7-1bb2-49d0-8023-6602ce514de4,000409,sub-DY-011/sub-DY-011_ses-cf43dbb1-6992-40ec-a5f9-e8e838d0f643_desc-processed_behavior+ecephys.nwb,89,267,20749,4.602409638554217,32,23.372042386413124,83,345355377,2000.0,40.0,0
3368fe8a-7b0b-43b6-acab-0d9df6564e31,001169,sub-M044/sub-M044_ses-RWTautowait2-20220907-151319.nwb,32,116,2974,5.444444444444445,31,46.46913580246915,27,1407332,60.0,25.0,1
336c46a9-4777-43ce-b65e-c9601df621e7,000409,sub-KS091/sub-KS091_ses-196a2adf-ff83-49b2-823a-33f990049c2e_desc-processed_behavior+ecephys.nwb,76,234,11245,4.7101449275362315,32,27.307288384793114,69,729759616,2060.0,60.0,0
336e92bf-eec5-4c14-93dc-8456eb813818,001634,sub-Bilbo/sub-Bilbo_ses-5_obj-qqm7kz_ecephys.nwb,251,64,23194,3.0350877192982457,36,24.48999692212988,114,627144,80.0,25.0,1
33721b95-05f3-45ae-8a25-e65be61ba56e,001550,sub-P124/sub-P124_ses-TaskSwitch4-180228a.nwb,35,112,2625,4.709677419354839,38,47.36732570239335,31,1209737,100.0,25.0,1
3372e52c-8ad6-4185-addb-59ef0bdb2af5,000467,sub-ant2-m10-d11-y2022/sub-ant2-m10-d11-y2022_ses-m10-d11-y2022-ant2-0-48x-isopropanol-40-t153-z70um_ophys.nwb,22,48,624,4.176470588235294,13,14.615916955017303,17,84086336,700.0,180.0,0
337a204a-dc51-482a-912c-f3f14468bcdc,001475,sub-HSB-W20-17/sub-HSB-W20-17_ses-20250325_cell-as5_obj-1aq9j6u_icephys.nwb,26,54,676,3.727272727272727,13,10.3801652892562,22,530352,320.0,80.0,0
337b81af-c965-4a71-9756-a02a817f46f2,001169,sub-M051/sub-M051_ses-RWTautowait2-20230605-130202.nwb,32,117,3057,5.481481481481482,32,48.397805212620035,27,1236855,60.0,25.0,1
3385c5b2-c5c9-4fc4-afef-1b95fcf28192,001169,sub-L018/sub-L018_ses-RWTautowait2-20221107-120105.nwb,32,118,3087,5.518518518518518,32,48.32373113854595,27,1138622,100.0,25.0,1
3389be22-ce33-4a94-9789-ace0c04be96f,000462,sub-011/sub-011_ophys.nwb,24,47,597,3.736842105263158,13,12.614958448753464,19,787353287,2000.0,80.0,0
338a0883-4690-4bf4-8d57-955bd0b91cc5,001349,sub-FGF9-Ncre-GAD30-7-BL/sub-FGF9-Ncre-GAD30-7-BL_ses-3_ophys.nwb,32,64,1380,3.923076923076923,13,11.07100591715976,26,26100476,140.0,25.0,1
338ef1b1-0e72-43d1-983d-480e11b38af7,000467,sub-ant2-m4-d27-y2022/sub-ant2-m4-d27-y2022_ses-m4-d27-y2022-ant2-0-0075x-4-methyl-3-heptanone-40-t177-z100um_ophys.nwb,22,48,624,4.176470588235294,13,14.615916955017303,17,84086336,480.0,120.0,0
33992a6c-5463-4a53-a308-a8a9cac0bb07,001550,sub-P189/sub-P189_ses-TaskSwitch6-210323a.nwb,33,110,2570,4.896551724137931,38,49.74791914387635,29,1430404,80.0,25.0,1
339c15b0-65f5-4f73-8aee-dc90a00623c0,000467,sub-ant3-m4-d21-y2022/sub-ant3-m4-d21-y2022_ses-m4-d21-y2022-ant3-0-48x-6-methyl-5-hepten-2-one-40-t165-z40um_ophys.nwb,22,48,624,4.176470588235294,13,14.615916955017303,17,84086336,660.0,160.0,0
339ec0bf-da28-48ce-9c57-4aaa5a7e74af,001607,sub-Bilbo/sub-Bilbo_ses-5_obj-7ku87a_ecephys.nwb,253,67,23200,3.0258620689655173,36,24.266572532699158,116,37999712,80.0,25.0,1
33a2d666-82c9-4e26-b812-8efa08c011ac,000579,sub-7/sub-7_ses-mouse-7-session-date-2017-08-20-area-MM-L5-multi-plane-imaging_behavior+ophys.nwb,85,194,12152,4.178082191780822,17,15.817601801463686,73,838214149,7200.0,160.0,0
33a5dc34-d9a0-4428-a1e2-cb8966d5b385,001611,sub-29641/sub-29641_ses-20250319T181927_ecephys.nwb,25,52,649,4.105263157894737,13,13.988919667590027,19,11798576,100.0,25.0,1
33a71db5-9e73-439e-963d-d6bdd4207376,001550,sub-P187/sub-P187_ses-TaskSwitch6-210206a.nwb,33,110,2570,4.896551724137931,38,49.74791914387635,29,1386859,25.0,25.0,1
33aa75af-3c5d-4460-a342-d32d1d0f83a5,001827,sub-240530/sub-240530_ses-7_ecephys.nwb,24,61,1192,4.473684210526316,17,22.986149584487535,19,16674695,25.0,25.0,1
33abefb9-51e8-4f9a-a499-ad27d0e1f368,000773,sub-ant1-m1-d17-y2023/sub-ant1-m1-d17-y2023_ses-m1-d17-y2023-ant1-0-03x-3-hexanone-40-t144-z20um_ophys.nwb,22,48,624,4.176470588235294,13,14.615916955017303,17,84086336,640.0,160.0,0
33b230b3-b441-424f-a5be-097e37f54031,000467,sub-ant2-m4-d21-y2022/sub-ant2-m4-d21-y2022_ses-m4-d21-y2022-ant2-0-48x-4-methyl-3-heptanol-40-t179-z65um_ophys.nwb,22,48,624,4.176470588235294,13,14.615916955017303,17,84086336,640.0,160.0,0
33c5d0c7-c2b8-46f3-9f08-7b51ad18e476,000467,sub-ant3-m4-d26-y2022/sub-ant3-m4-d26-y2022_ses-m4-d26-y2022-ant3-0-03x-6-methyl-5-hepten-2-one-40-t211-z35um_ophys.nwb,22,48,624,4.176470588235294,13,14.615916955017303,17,84086336,540.0,140.0,0
33cbbb64-4d98-4b44-bb76-1ef6b6310570,000773,sub-ant2-m1-d11-y2023/sub-ant2-m1-d11-y2023_ses-m1-d11-y2023-ant2-0-03x-ethanol-40-t170-z30um_ophys.nwb,22,48,624,4.176470588235294,13,14.615916955017303,17,84086336,640.0,160.0,0
33d7d86b-397a-441f-a02c-f289b31018fe,000713,sub-563495/sub-563495_ses-20210312T083633_image.nwb,48,118,2609,3.772727272727273,25,26.584710743801654,44,66628531,180.0,25.0,1
33daa32d-9121-4050-8f8c-9f2cf5cddd6b,000773,sub-ant2-m1-d20-y2023/sub-ant2-m1-d20-y2023_ses-m1-d20-y2023-ant2-0-48x-4-methyl-3-heptanol-40-t156-z95um_ophys.nwb,22,48,624,4.176470588235294,13,14.615916955017303,17,84086336,620.0,160.0,0
33dd33fc-692b-49ee-9fd8-3d541afde2d4,001550,sub-P150/sub-P150_ses-TaskSwitch4-191116a.nwb,35,112,2625,4.709677419354839,38,47.36732570239335,31,1384749,60.0,25.0,1
33e628b8-1019-4513-b3bc-4a0e2f3fc1bd,001169,sub-G078/sub-G078_ses-RWTautowait2-20221031-133058.nwb,32,118,3087,5.518518518518518,32,48.32373113854595,27,1495980,80.0,25.0,1
33e8391b-cc00-4c15-87d1-ef102f9822a6,001847,sub-RD051/sub-RD051_ses-RD051-20240607-120543_behavior+image+ophys.nwb,42,133,3575,4.8108108108108105,36,43.126369612856095,37,90877729568,12580.0,25.0,1
33edc78e-3865-4ea1-9ddf-96e07d1e212e,001856,sub-1484874235/sub-1484874235_ses-1485836474_icephys.nwb,264,1056,267089,5.8084291187739465,98,82.00927760896047,261,43301396,600.0,25.0,1
33edc79b-6d59-4a74-aa38-77227ead6f5a,001337,sub-240813-Fish72-GCaMP-vglut-HB-5dpf-FlowExperiment-warner-temp-stim-trial2-Z-6-0/sub-240813-Fish72-GCaMP-vglut-HB-5dpf-FlowExperiment-warner-temp-stim-trial2-Z-6-0_ses-20240917T110729_ophys.nwb,34,56,809,3.064516129032258,13,8.4474505723205,31,127682177,200.0,25.0,1
33ef334f-3cbd-496c-a952-bbdab639e1d4,001687,sub-Ephys87/sub-Ephys87_ses-20240724-sp-session-1.nwb,31,101,1993,4.851851851851852,14,16.79286694101509,27,1766576,60.0,25.0,1
33fa6cbd-51be-48e8-9ed5-7c1697e10c6b,000766,sub-PC12-cell/sub-PC12-cell_ses-20210221T153000_obj-1g8jeol.nwb,17,35,401,3.923076923076923,13,13.609467455621298,13,192088,80.0,40.0,0
33fd0cbe-e0a0-487e-9eeb-36a2aa3f2918,001550,sub-P135/sub-P135_ses-TaskSwitch4-180317a.nwb,35,112,2625,4.709677419354839,38,47.36732570239335,31,1574813,60.0,25.0,1
33fd7b85-9f98-44d1-b1e4-4c88f7f44730,001184,sub-95/sub-95_ses-session-hheise-M095-2021-07-14-01_behavior+image+ophys.nwb,43,78,1130,3.2051282051282053,13,8.470742932281393,39,326707460,1700.0,140.0,0
3401bc0d-86a2-40cd-a4f3-29095708568f,001776,sub-M05G/sub-M05G_ses-20220215T122034_obj-1r7lew1_icephys.nwb,122,421,48399,5.619469026548672,46,32.89059440833269,113,40068733,620.0,25.0,1
34020e2d-3755-4d87-b639-ea8f530858f1,001550,sub-P072/sub-P072_ses-TaskSwitch4-170518a.nwb,35,112,2625,4.709677419354839,38,47.36732570239335,31,1656024,120.0,25.0,1
3402ba9f-fafd-445c-bf0b-a084e9557376,000467,sub-ant2-m10-d11-y2022/sub-ant2-m10-d11-y2022_ses-m10-d11-y2022-ant2-0-48x-isopropanol-40-t160-z10um_ophys.nwb,22,48,624,4.176470588235294,13,14.615916955017303,17,84086336,680.0,180.0,0
340b6142-d9fe-4bad-86c1-6ca09eb7d187,001550,sub-P159/sub-P159_ses-TaskSwitch4-191007a.nwb,35,112,2625,4.709677419354839,38,47.36732570239335,31,1465969,100.0,25.0,1
340d5407-739c-465e-a364-cc1871c9a70d,001169,sub-C015/sub-C015_ses-RWTautowait2-20191119-093820.nwb,32,115,2844,5.407407407407407,29,42.7599451303155,27,726339,1360.0,160.0,0
34128c59-dd49-491f-a38c-96416e344665,001169,sub-M036/sub-M036_ses-RWTautowait2-20211210-122257.nwb,32,116,2974,5.444444444444445,31,46.46913580246915,27,1083508,60.0,25.0,1
341a11b6-a706-496c-9610-8cc0bc11e87e,000773,sub-ant6-m1-d10-y2023/sub-ant6-m1-d10-y2023_ses-m1-d10-y2023-ant6-0-48x-3-hexanone-40-t202-z125um_ophys.nwb,22,48,624,4.176470588235294,13,14.615916955017303,17,84086336,620.0,160.0,0
341a393d-c4b1-4c15-b37d-b8b8467938f3,000773,sub-ant5-m1-d10-y2023/sub-ant5-m1-d10-y2023_ses-m1-d10-y2023-ant5-0-48x-ethylpyrazine-40-t178-z60um_ophys.nwb,22,48,624,4.176470588235294,13,14.615916955017303,17,84086336,620.0,160.0,0
341be95b-f2ee-4a7f-9b00-2331155ef8e4,000711,sub-484627/sub-484627_ses-20191022T124746_obj-8xh4t4_image+ophys.nwb,78,229,9548,4.342465753424658,24,25.896415837868265,73,409329505,440.0,25.0,1
341d465b-b4a8-40c3-9aa0-3ad7284360bf,000008,sub-mouse-PSDCQ/sub-mouse-PSDCQ_ses-20180829-sample-6_slice-20180829-slice-6_cell-20180829-sample-6_icephys.nwb,181,538,87573,4.96045197740113,80,65.58600657537744,177,9200871,15420.0,440.0,0
341e0d06-4378-4057-88a2-b6494ece7e2d,001550,sub-P131/sub-P131_ses-TaskSwitch4-180526a.nwb,35,112,2625,4.709677419354839,38,47.36732570239335,31,1088156,60.0,25.0,1
342a174e-3bd7-4bbf-ab26-0623b2ac18a0,001169,sub-L010/sub-L010_ses-RWTautowait2-20220809-102403.nwb,32,117,3004,5.481481481481482,31,46.397805212620035,27,822357,80.0,25.0,1
34309a38-c7d3-419b-8b05-217af37769a3,001611,sub-25273/sub-25273_ses-20250429T031419_ecephys.nwb,25,52,649,4.105263157894737,13,13.988919667590027,19,15682592,80.0,25.0,1
343619e2-53a2-4a4e-b5a9-f3fa71202a9b,001169,sub-G055/sub-G055_ses-RWTautowait2-20220207-153757.nwb,32,117,3004,5.481481481481482,31,46.397805212620035,27,1011223,100.0,25.0,1
343b879a-29d9-4750-9bb6-8a5cd88f2ab8,001169,sub-M020/sub-M020_ses-RWTautowait2-20201013-132836.nwb,32,117,3004,5.481481481481482,31,46.397805212620035,27,801284,60.0,25.0,1
343e1091-c5bc-4e32-8772-1a5c400fa881,001550,sub-P049/sub-P049_ses-TaskSwitch4-170426a.nwb,35,112,2625,4.709677419354839,38,47.36732570239335,31,1160936,100.0,25.0,1
344a4918-0dbb-4499-a8dd-bf54488da18d,000773,sub-ant1-m1-d11-y2023/sub-ant1-m1-d11-y2023_ses-m1-d11-y2023-ant1-0-03x-isopropanol-40-t146-z85um_ophys.nwb,22,48,624,4.176470588235294,13,14.615916955017303,17,84086336,640.0,160.0,0
344b88f7-2d20-48da-b77a-bf01f1f7610a,000959,sub-T/sub-T_ses-20220715_obj-b7ln19_behavior.nwb,29,116,3192,5.76,13,16.1824,25,10011216,260.0,60.0,0
344c2240-54f2-4734-a66c-7e98fb3a3b69,001692,sub-AD2/sub-AD2_ses-240402_ophys.nwb,63,106,3045,4.365853658536586,18,14.963712076145148,41,21628837444,3160.0,25.0,1
344c6bee-d277-4e56-893f-1f3fc6fdc8d2,001169,sub-L015/sub-L015_ses-RWTautowait2-20230104-095905.nwb,32,118,3087,5.518518518518518,32,48.32373113854595,27,1083955,60.0,25.0,1
344d89f5-5123-49bd-bcb8-b4e28f8dc8f5,000020,sub-790588075/sub-790588075_ses-795833502_icephys.nwb,213,850,163287,5.8428571428571425,82,68.7991156462585,210,33026646,36840.0,360.0,0
34556866-1e2b-4e9b-ab7e-389ccb216377,001348,sub-1340812489/sub-1340812489_ses-1340971818_icephys.nwb,182,699,108392,5.625698324022347,63,51.83196529446647,179,53337050,1180.0,80.0,0
345d4810-3cec-400a-805f-810607b3cd30,000971,sub-97-257/sub-97-257_ses-FP-RR20-2019-04-18T14-01-29_behavior.nwb,27,53,661,3.4347826086956523,13,13.637051039697546,23,239784,60.0,25.0,1
3462c874-e7fd-4467-8f1c-9bb06c5d0f83,001550,sub-P150/sub-P150_ses-TaskSwitch4-190208a.nwb,35,112,2625,4.709677419354839,38,47.36732570239335,31,1819005,80.0,25.0,1
346c18df-9e05-4ecb-8268-082d6cdec254,001550,sub-P101/sub-P101_ses-TaskSwitch4-170506a.nwb,35,112,2625,4.709677419354839,38,47.36732570239335,31,1044988,80.0,25.0,1
34734ec7-77b2-4350-99f6-f6dc3a297419,000467,sub-ant3-m10-d11-y2022/sub-ant3-m10-d11-y2022_ses-m10-d11-y2022-ant3-0-48x-ethylpyrazine-40-t171-z100um_ophys.nwb,22,48,624,4.176470588235294,13,14.615916955017303,17,84086336,700.0,180.0,0
3474d3f4-379a-4d6a-98f8-fea8f607107b,000773,sub-ant4-m1-d18-y2023/sub-ant4-m1-d18-y2023_ses-m1-d18-y2023-ant4-0-48x-isopropanol-40-t139-z15um_ophys.nwb,22,48,624,4.176470588235294,13,14.615916955017303,17,84086336,600.0,160.0,0
3483d625-4643-4231-a26c-057aa65260f2,000773,sub-ant1-m2-d24-y2023/sub-ant1-m2-d24-y2023_ses-m2-d24-y2023-ant1-0-48x-ethylpyrazine-40-t142-z10um_ophys.nwb,22,48,624,4.176470588235294,13,14.615916955017303,17,84086336,600.0,160.0,0
3486618d-0e02-4d54-8733-5ac722e2c9a8,000773,sub-ant5-m1-d11-y2023/sub-ant5-m1-d11-y2023_ses-m1-d11-y2023-ant5-0-03x-ethylpyrazine-40-t215-z160um_ophys.nwb,22,48,624,4.176470588235294,13,14.615916955017303,17,84086336,620.0,160.0,0
34880d87-e4c3-48f9-b578-111fc7581592,001550,sub-P074/sub-P074_ses-TaskSwitch4-171010a.nwb,35,112,2625,4.709677419354839,38,47.36732570239335,31,1410649,60.0,25.0,1
3489a262-df83-4ffa-aa85-3a57d1e16568,001169,sub-G100/sub-G100_ses-RWTautowait2-20230406-150729.nwb,32,118,3087,5.518518518518518,32,48.32373113854595,27,1410948,80.0,25.0,1
348edfab-0ba1-4793-a6d8-0577224d583b,000035,sub-mouse-WPOGH/sub-mouse-WPOGH_ses-20200406-sample-7_slice-20200406-slice-2_cell-20200406-sample-7_icephys.nwb,181,537,87781,4.954802259887006,80,65.62507580835644,177,9303933,15880.0,240.0,0
348ee5b8-d518-4e19-87c2-d054835e9e07,000628,sub-Lo/sub-Lo_ses-20220110T121445_behavior.nwb,1746,5200,26657066,4.000576036866359,1721,1699.35311026726,1736,89051163,6580.0,120.0,0
3493362e-4cb3-4aea-8416-aa4932d8c1d5,000467,sub-ant2-m10-d11-y2022/sub-ant2-m10-d11-y2022_ses-m10-d11-y2022-ant2-0-48x-isopropanol-40-t153-z90um_ophys.nwb,22,48,624,4.176470588235294,13,14.615916955017303,17,84086336,680.0,180.0,0
3498723f-5706-4762-9dc2-24100f066c19,001455,sub-877347644/sub-877347644_ses-880884599_icephys.nwb,240,957,227705,5.827004219409282,92,78.03336359913828,237,60644623,560.0,25.0,1
34a1b9fd-27cd-4f05-957a-527b98513941,001746,sub-Mfa220407/sub-Mfa220407_ses-sess-220407d1_obj-ikp5xw_icephys.nwb,107,288,24818,4.887755102040816,42,31.630258225739286,98,17255208,940.0,80.0,0
34a88bd0-bb4b-4ac8-b6be-12a9d89df8b3,001261,sub-M#19-29511/sub-M#19-29511_ses-Recordings-from-animal-M#19-29511-on-06-Mar-2023_obj-7553ja_icephys.nwb,50,163,6895,6.075,18,12.519375,40,12161256,500.0,80.0,0
34ad93f3-4022-4ff1-b1e4-4da10652936b,001032,sub-6-1/sub-6-1_ses-2kHz-sine-stimulation-3-5V_image.nwb,17,38,431,4.153846153846154,13,13.668639053254442,13,700268,80.0,25.0,1
34b495f2-4dc2-4d86-b2b9-530b429081c7,000467,sub-ant5-m4-d26-y2022/sub-ant5-m4-d26-y2022_ses-m4-d26-y2022-ant5-0-48x-6-methyl-5-hepten-2-one-40-t297-z15um_ophys.nwb,22,48,624,4.176470588235294,13,14.615916955017303,17,84086336,500.0,140.0,0
34b68ead-1e97-4281-8bb2-038a8e5ab20b,001550,sub-P124/sub-P124_ses-TaskSwitch4-171029a.nwb,35,112,2625,4.709677419354839,38,47.36732570239335,31,1392574,140.0,25.0,1
34b9e9ad-fc02-4495-9f6a-759849e48705,001550,sub-P095/sub-P095_ses-TaskSwitch4-180917a.nwb,35,112,2625,4.709677419354839,38,47.36732570239335,31,1044113,60.0,25.0,1
34bbcf5e-03ba-4944-a20c-346baba1463b,001169,sub-S017/sub-S017_ses-RWTautowait2-20210616-134023.nwb,32,116,2974,5.444444444444445,31,46.46913580246915,27,912124,60.0,25.0,1
34beffcf-8a4d-4917-8507-aaf4d26ea9dd,001550,sub-P049/sub-P049_ses-TaskSwitch4-160611a.nwb,35,112,2625,4.709677419354839,38,47.36732570239335,31,894930,60.0,25.0,1
34c20433-bab9-4e45-8902-f16f925fdaa7,001518,sub-CHO-20250124-c2/sub-CHO-20250124-c2_obj-liyh4_image.nwb,17,38,431,4.153846153846154,13,13.668639053254442,13,36471615,100.0,25.0,1
34cf057b-a4ef-44eb-9f0d-d52ad1b47e86,001359,sub-1214619242/sub-1214619242_ses-1215881564_icephys.nwb,237,930,203476,5.730769230769231,87,72.24802761341225,234,62404393,1240.0,25.0,1
34d97921-ace0-4ef2-b635-f675a6947e57,000253,sub-645322/sub-645322_ses-1226526314_probe-3_ecephys.nwb,27,55,937,3.772727272727273,14,15.08471074380165,22,7615635674,6620.0,80.0,0
34dd94bb-18a4-42d3-8b4a-e0ae3538cb4f,001552,sub-JF-dLight-ramp2-M3/sub-JF-dLight-ramp2-M3_ses-Day12.nwb,24,49,497,3.4285714285714284,13,9.863945578231291,21,1126421,60.0,25.0,1
34eba227-791d-49a4-acb9-b5e52c6fdb76,000711,sub-453988/sub-453988_ses-20190904T090318_obj-z2hprb_image+ophys.nwb,73,223,9181,4.5,24,27.25,68,248747271,620.0,25.0,1
34ebee55-dacc-44b7-8d85-96fc2ade44aa,000020,sub-718922659/sub-718922659_ses-722930841_icephys.nwb,86,318,16692,5.373493975903615,36,26.499056466831178,83,13248601,17120.0,400.0,0
34ec4e0e-117f-4a71-af5b-7fd1ad9bf3b6,000971,sub-124-280/sub-124-280_ses-Opto-DMS-Excitatory-ChR2Scrambled-2019-07-30T10-28-37_ogen.nwb,28,53,719,3.5217391304347827,14,15.11909262759924,23,234109,80.0,60.0,0
34f607ed-3b61-4829-898f-64f78658197a,000467,sub-ant4-m4-d26-y2022/sub-ant4-m4-d26-y2022_ses-m4-d26-y2022-ant4-0-48x-4-methyl-3-heptanol-40-t261-z15um_ophys.nwb,22,48,624,4.176470588235294,13,14.615916955017303,17,84086336,480.0,120.0,0
34f790bb-ef1b-40bb-a1d8-cf80b282dcd6,000246,sub-phpV15-blind-04/sub-phpV15-blind-04_ses-20240910_obj-qg4w63_ophys.nwb,33,46,581,3.5217391304347827,13,12.162570888468805,23,12760208,60.0,25.0,1
34fb9933-5f3c-4327-9d09-d16e0e104e3c,001550,sub-P074/sub-P074_ses-TaskSwitch4-180203a.nwb,35,112,2625,4.709677419354839,38,47.36732570239335,31,975419,80.0,25.0,1
35022680-2954-486d-b874-cea3a1046ec6,000678,sub-BW053/sub-BW053_ses-20220121T144423.nwb,29,70,949,4.083333333333333,20,21.743055555555557,24,18675240,300.0,60.0,0
35053cab-5422-4f3d-86ff-2d1db2280943,000351,sub-HJ-FP-M4/sub-HJ-FP-M4_ses-Day71.nwb,25,49,554,3.3181818181818183,13,9.489669421487603,22,13964056,180.0,60.0,0
3513b94b-831f-4ca5-8f02-02dd63fe2443,001784,sub-helloapril-7/sub-helloapril-7_ses-20251201.nwb,56,133,13983,4.902439024390244,38,33.84414039262344,41,19127496,220.0,25.0,1
35140a12-cc48-4d7c-99f6-8dfff0d758e1,000054,sub-R3/sub-R3_ses-testing-day12_behavior+ophys.nwb,50,85,2236,3.111111111111111,13,8.94320987654321,45,777030128,600.0,25.0,1
3516de6e-3075-49fa-964f-d4c8fa318635,000959,sub-T/sub-T_ses-20220221_obj-1eyqkd2_behavior.nwb,42,289,30304,8.68421052631579,17,33.63711911357342,38,17578256,260.0,60.0,0
3517d903-1b1a-4588-988f-638c28720c44,001611,sub-26303/sub-26303_ses-20250327T201206_ecephys.nwb,25,52,649,4.105263157894737,13,13.988919667590027,19,14001640,80.0,25.0,1
351e146d-ed79-47de-b5bc-290b7a893db3,000467,sub-ant2-m4-d20-y2022/sub-ant2-m4-d20-y2022_ses-m4-d20-y2022-ant2-0-03x-4-methyl-3-heptanone-40-t139-z30um_ophys.nwb,22,48,624,4.176470588235294,13,14.615916955017303,17,84086336,660.0,160.0,0
351fa8b7-f460-4604-9d50-07f3b40af5cc,001611,sub-26265/sub-26265_ses-20241224T171907_ecephys.nwb,25,52,649,4.105263157894737,13,13.988919667590027,19,12589040,60.0,25.0,1
35223002-439d-4d50-998b-3047db62761d,001169,sub-J071/sub-J071_ses-RWTautowait2-20230623-112623.nwb,32,118,3087,5.518518518518518,32,48.32373113854595,27,1376231,80.0,25.0,1
3528c944-3897-4120-a832-be726db36dc9,001169,sub-J065/sub-J065_ses-RWTautowait2-20230420-101101.nwb,32,118,3087,5.518518518518518,32,48.32373113854595,27,1372072,60.0,25.0,1
352b2354-643a-44da-af2e-790e11e2dfe9,000951,sub-LC16-fly12/sub-LC16-fly12_ses-(-LC16-fly12-211012-1509--).nwb,18,33,433,3.8461538461538463,13,13.822485207100591,13,187360,440.0,160.0,0
35315d92-e20c-4e56-8315-a1b77c943883,000020,sub-658360542/sub-658360542_ses-659413377_icephys.nwb,112,408,28845,5.321100917431193,36,29.59414190724687,109,14185389,20640.0,420.0,0
353c9253-12ae-481c-9c20-03fcb708fa30,001169,sub-J057/sub-J057_ses-RWTautowait2-20230224-114353.nwb,32,118,3087,5.518518518518518,32,48.32373113854595,27,1144276,80.0,25.0,1
353d726d-3666-492b-ae39-969216a25be4,000467,sub-ant3-m4-d21-y2022/sub-ant3-m4-d21-y2022_ses-m4-d21-y2022-ant3-0-12x-4-methyl-3-hexanol-40-t146-z80um_ophys.nwb,22,48,624,4.176470588235294,13,14.615916955017303,17,84086336,660.0,180.0,0
353dc949-5abf-4ee3-9bcf-ea980ec3f956,000341,Human_persistent_RAF/sub-151125/sub-151125_ses-1511252rm-2-1-4_icephys.nwb,2024,9053,27081626,6.477959385834572,1001,983.0954775595198,2019,146424508,34160.0,180.0,0
353dca72-31f1-427b-919b-ca07eedbd171,000020,sub-712195782/sub-712195782_ses-714701261_icephys.nwb,136,505,47332,5.421052631578948,40,36.28888009497429,133,18666509,23880.0,400.0,0
353f5e9a-4915-4089-9d59-dcae9c778312,000341,Human_persistent_RAF/sub-160812/sub-160812_ses-1608121rm-4-11-3_icephys.nwb,1356,6047,12030584,6.467061435973353,667,649.2659394773503,1351,119461540,58880.0,180.0,0
354000e6-5044-4a78-90fd-224be2e963d1,000020,sub-740369772/sub-740369772_ses-742954277_icephys.nwb,177,751,117430,6.091954022988506,72,74.27890077949532,174,39853442,38860.0,380.0,0
35405de5-638a-4d2a-ac2d-3196e7a3dc55,000773,sub-ant3-m1-d10-y2023/sub-ant3-m1-d10-y2023_ses-m1-d10-y2023-ant3-0-48x-ethanol-40-t134-z160um_ophys.nwb,22,48,624,4.176470588235294,13,14.615916955017303,17,84086336,640.0,180.0,0
35432a67-6b6d-490d-9642-94c57a90df92,000467,sub-ant3-m4-d21-y2022/sub-ant3-m4-d21-y2022_ses-m4-d21-y2022-ant3-0-12x-4-methyl-3-hexanol-40-t146-z105um_ophys.nwb,22,48,624,4.176470588235294,13,14.615916955017303,17,84086336,640.0,160.0,0
3545f433-0fc1-42ec-8ff0-528e09ce2c92,001634,sub-Frodo/sub-Frodo_ses-5_obj-2t7j1g_ecephys.nwb,251,65,23358,3.043859649122807,36,24.585795629424442,114,640288,25.0,25.0,1
35467157-c59b-4cc9-aa8b-bd5d0e6742c1,000467,sub-ant5-m10-d11-y2022/sub-ant5-m10-d11-y2022_ses-m10-d11-y2022-ant5-0-48x-propionic-acid-40-t216-z25um_ophys.nwb,22,48,624,4.176470588235294,13,14.615916955017303,17,84086336,680.0,180.0,0
3547e3fb-8126-4697-bfed-7f5e29c45ee0,000467,sub-ant2-m4-d20-y2022/sub-ant2-m4-d20-y2022_ses-m4-d20-y2022-ant2-0-03x-4-methyl-3-heptanone-40-t139-z115um_ophys.nwb,22,48,624,4.176470588235294,13,14.615916955017303,17,84086336,660.0,180.0,0
354acfdb-55e5-491a-850a-3b4eb74dace7,000020,sub-743050413/sub-743050413_ses-746748630_icephys.nwb,149,615,73206,5.904109589041096,49,45.64833927566147,146,21165713,25520.0,380.0,0
354f767c-9019-4415-a79c-92c97f0a07aa,000773,sub-ant2-m1-d17-y2023/sub-ant2-m1-d17-y2023_ses-m1-d17-y2023-ant2-0-03x-ethylpyrazine-40-t150-z130um_ophys.nwb,22,48,624,4.176470588235294,13,14.615916955017303,17,84086336,620.0,160.0,0
3554e473-c48f-4450-a5b7-90366d37713a,001065,sub-QM22-26-003/sub-QM22-26-003_ses-20220301T222313_icephys.nwb,133,532,72473,5.945736434108527,51,37.95829577549426,129,23581878,800.0,80.0,0
355a7aa0-ff01-4027-8392-8ab80b8f6dd2,000711,sub-555970/sub-555970_ses-20210511T123754_obj-ysj3a6_image+ophys.nwb,78,229,9548,4.342465753424658,24,25.896415837868265,73,247273908,500.0,25.0,1
356a4d44-46cc-46b1-aecf-3c6ec5e5351f,000409,sub-SWC-054/sub-SWC-054_ses-56b57c38-2699-4091-90a8-aba35103155e_desc-processed_behavior+ecephys.nwb,74,227,9084,4.6716417910447765,32,26.96680775228336,67,1392300845,1660.0,25.0,1
357124e2-a725-4e90-a3c9-83bb206bf797,000467,sub-ant1-m4-d27-y2022/sub-ant1-m4-d27-y2022_ses-m4-d27-y2022-ant1-1x-isopropanol-40-t123-z155um_ophys.nwb,22,48,624,4.176470588235294,13,14.615916955017303,17,84086336,500.0,140.0,0
3574e4eb-da5d-4e6b-b0d7-ee3c27eb29e5,000728,sub-503292439/sub-503292439_ses-510416190-StimC_behavior+image+ophys.nwb,54,9087,162235857,190.72916666666666,9000,1651139.5308159722,48,472769267,1520.0,60.0,0
357577b5-a3db-41a5-836e-d24fa3a83422,001169,sub-G012/sub-G012_ses-RWTautowait2-20210120-111126.nwb,32,117,3004,5.481481481481482,31,46.397805212620035,27,907758,80.0,25.0,1
357ee850-fe61-4926-96a7-ef54f2da4001,001455,sub-644988854/sub-644988854_ses-645833970_icephys.nwb,87,305,16928,5.214285714285714,36,26.239795918367356,84,12905717,420.0,25.0,1
358c68fa-e386-4155-b8ba-404c72085d2e,001051,sub-615564/sub-615564_ses-None_probe-257_ecephys.nwb,36,62,1087,3.3,14,12.343333333333334,30,3040720832,1400.0,25.0,1
3590227a-4ecc-4983-b9e6-9ba86022d0e9,000773,sub-ant1-m4-d6-y2023/sub-ant1-m4-d6-y2023_ses-m4-d6-y2023-ant1-0-48x-ethanol-40-t130-z145um_ophys.nwb,22,48,624,4.176470588235294,13,14.615916955017303,17,84086336,580.0,160.0,0
359da8e8-3033-4046-86e3-1d4bf64f06fe,001038,sub-Anxa-J079/sub-Anxa-J079_ses-20220419-0010.nwb,49,102,2105,4.108108108108108,16,14.258582907231554,37,14421502,80.0,25.0,1
359f537c-4cea-48a4-bd77-b6e8b7611dc7,000951,sub-LC16-fly11/sub-LC16-fly11_ses-(-LC16-fly11-170905-1759--).nwb,18,33,433,3.8461538461538463,13,13.822485207100591,13,187360,420.0,160.0,0
35a0755c-9bfc-4952-90f7-18acb8f560b5,001425,sub-VG1-GC#73/sub-VG1-GC#73_ses-2023-09-12-sensory-stim-day16_widefield.nwb,62,129,3038,3.473684210526316,15,9.828254847645429,57,11139000857,6460.0,80.0,0
35a325fd-364a-41c3-8907-b753b0c4d346,001550,sub-P101/sub-P101_ses-TaskSwitch4-171213a.nwb,35,112,2625,4.709677419354839,38,47.36732570239335,31,786176,80.0,25.0,1
35a5fd61-3416-4dd1-bbb3-327bd0cc446c,001205,sub-14904755025568170140/sub-14904755025568170140_ses-20220709T203704_ophys.nwb,27,41,539,4.0588235294117645,13,14.878892733564015,17,342590973,240.0,25.0,1
35a625c5-89b4-40ab-83f1-ff912a61448f,000773,sub-ant1-m1-d17-y2023/sub-ant1-m1-d17-y2023_ses-m1-d17-y2023-ant1-0-03x-ethylpyrazine-40-t142-z150um_ophys.nwb,22,48,624,4.176470588235294,13,14.615916955017303,17,84086336,620.0,160.0,0
35af5bb8-4b11-4352-b25e-7dca7184061a,000021,sub-719817799/sub-719817799_ses-744228101_probe-757904520_ecephys.nwb,26,52,791,3.590909090909091,14,14.878099173553721,22,2206008010,14880.0,100.0,0
35b7b7dc-de46-4f76-b1b5-575648e786eb,000971,sub-431-419/sub-431-419_ses-Opto-DMS-Excitatory-ChR2Scrambled-2020-11-06T12-10-42_ogen.nwb,30,56,729,3.3461538461538463,14,13.84171597633136,26,244536,60.0,25.0,1
35b8ea2f-4220-4c84-878f-a3c93f8f589f,001634,sub-Frodo/sub-Frodo_ses-5_obj-16kv2ds_ecephys.nwb,256,79,23510,3.0756302521008405,36,24.08671703975707,119,883312,60.0,25.0,1
35bd03ee-f8a6-4884-834f-d71568dd1b52,001848,sub-SM251/sub-SM251_ses-SM251-20230326-ALM_ecephys+ogen.nwb,28,72,1265,5.611111111111111,16,29.01543209876543,18,11731640,25.0,25.0,1
35c1e5b9-2c43-4e4e-b8e9-438170e8e2fc,000239,sub-MX180803/sub-MX180803_ses-20180816T124518_behavior.nwb,5155,10298,109387808,2.999805862939235,427,419.89885455365237,5151,102386159,3380.0,80.0,0
35c3e8d0-25b9-47c1-bbb6-a65f19e3a138,000971,sub-436-422/sub-436-422_ses-Opto-DMS-Inhibitory-NpHR-2020-11-21T12-09-46_behavior+ogen.nwb,31,57,739,3.2962962962962963,14,13.393689986282581,27,250800,80.0,25.0,1
35cc3676-e374-48bc-bc41-94d7f50b430f,001169,sub-E007/sub-E007_ses-RWTautowait2-20221004-152251.nwb,32,116,2974,5.444444444444445,31,46.46913580246915,27,1186441,60.0,25.0,1
35cd9d16-1d4b-446f-8865-c34748abb0af,001550,sub-H113/sub-H113_ses-TaskSwitch4-180530a.nwb,33,110,2570,4.896551724137931,38,49.74791914387635,29,1124862,80.0,25.0,1
35dbfda4-0b30-469b-841c-985fd9fce194,000773,sub-ant1-m4-d6-y2023/sub-ant1-m4-d6-y2023_ses-m4-d6-y2023-ant1-0-48x-3-hexanone-40-t127-z70um_ophys.nwb,22,48,624,4.176470588235294,13,14.615916955017303,17,84086336,600.0,160.0,0
35e1de18-06eb-44ec-bb63-74dcac23ad76,001847,sub-RD054/sub-RD054_ses-RD054-20240827-101107_behavior.nwb,32,121,3215,5.428571428571429,36,51.530612244897966,28,665748,25.0,25.0,1
35e67c82-3297-4500-acf6-9417e55797dc,000617,sub-688425/sub-688425_ses-1308420140-acq-1308519626-raw-movies_ophys.nwb,60,167,5466,4.277777777777778,17,22.12654320987654,54,21150738553,7980.0,25.0,1
35eb617b-f249-409c-9ea3-008eb8506a1a,001169,sub-G040/sub-G040_ses-RWTautowait2-20210830-140149.nwb,32,117,3004,5.481481481481482,31,46.397805212620035,27,1485774,60.0,25.0,1
35f79904-bc20-4ef7-8a50-b3e248e6064f,000773,sub-ant4-m4-d6-y2023/sub-ant4-m4-d6-y2023_ses-m4-d6-y2023-ant4-0-48x-isopropanol-40-t160-z85um_ophys.nwb,22,48,624,4.176470588235294,13,14.615916955017303,17,84086336,600.0,160.0,0
35fdc564-1fc0-4128-a913-64fa76de1b37,000946,sub-BH551/sub-BH551_ses-20240312T163900_ecephys.nwb,28,50,690,4.333333333333333,14,17.0,18,1745360,120.0,60.0,0
3601cd74-e8e5-42ea-bab8-9adeb1f30432,001274,sub-8-20240523/sub-8-20240523_obj-glhrny_image.nwb,17,38,431,4.153846153846154,13,13.668639053254442,13,177361694,200.0,25.0,1
3601cec2-bdcd-4daa-bacf-60303647a4bf,001776,sub-A33W/sub-A33W_ses-20230714T144634_icephys.nwb,142,502,70809,5.684210526315789,56,41.90027700831026,133,21083653,400.0,25.0,1
36024771-92fa-49ce-a192-5b8487087552,000232,sub-YT071/sub-YT071_ses-20190722T161338_behavior+ecephys.nwb,1954,4154,15290317,3.133914828116983,240,231.7793987839208,1949,411662335,9540.0,300.0,0
36060b72-5fb4-4be9-b5b4-4670c64f46f5,001634,sub-Frodo/sub-Frodo_ses-1_obj-1su5yjn_ecephys.nwb,253,64,23788,3.0526315789473686,38,25.681440443213305,114,617864,740.0,140.0,0
36074c9c-ff16-4d22-a0fc-d972f712ec95,000617,sub-703100/sub-703100_ses-1326968266-acq-1327082630-raw-movies_ophys.nwb,60,167,5466,4.277777777777778,17,22.12654320987654,54,21178720353,8160.0,25.0,1
36081277-96ff-4c55-b12b-b3ce26852130,000773,sub-ant4-m4-d6-y2023/sub-ant4-m4-d6-y2023_ses-m4-d6-y2023-ant4-0-48x-ethanol-40-t172-z60um_ophys.nwb,22,48,624,4.176470588235294,13,14.615916955017303,17,84086336,600.0,160.0,0
360c3eb7-20f2-40ce-b7bf-74e6ee122601,000467,sub-ant5-m4-d26-y2022/sub-ant5-m4-d26-y2022_ses-m4-d26-y2022-ant5-0-48x-4-methyl-3-heptanone-40-t290-z120um_ophys.nwb,22,48,624,4.176470588235294,13,14.615916955017303,17,84086336,500.0,140.0,0
360d4c3b-05e7-43ba-b4f1-b4b8bb0ce9e3,001847,sub-PB185/sub-PB185_ses-PB185-20240808-093815_behavior+image+ophys.nwb,42,133,3575,4.8108108108108105,36,43.126369612856095,37,63148675464,8820.0,25.0,1
360f1fc0-688d-4598-be05-2d7f583e09e0,000946,sub-BH539/sub-BH539_ses-20240126T163300_ecephys.nwb,28,50,690,4.333333333333333,14,17.0,18,3564440,100.0,80.0,0
36160773-3ca1-4b0a-b9d5-ba28e818dfc5,001347,sub-mouse/sub-mouse_ses-1035_behavior.nwb,17,36,413,4.0,13,13.692307692307692,13,2783088,60.0,25.0,1
3619c339-4b59-4951-84e2-2144d0939a8a,000246,sub-AAV-V14-B6/sub-AAV-V14-B6_obj-i97mnu_ophys.nwb,31,41,560,3.8421052631578947,13,14.027700831024932,19,8564888,25.0,25.0,1
36264def-3efb-4b87-80bb-59858af79796,000467,sub-ant4-m4-d26-y2022/sub-ant4-m4-d26-y2022_ses-m4-d26-y2022-ant4-0-48x-6-methyl-5-hepten-2-one-40-t253-z140um_ophys.nwb,22,48,624,4.176470588235294,13,14.615916955017303,17,84086336,500.0,120.0,0
362b4b76-85f6-4074-b456-db33393f45c0,001051,sub-640887/sub-640887_ses-20221220T073312.nwb,73,260,10045,5.5,34,47.28225806451613,62,1845400347,1480.0,25.0,1
362fd10b-4792-43d5-a7d1-939f7f839d8f,000246,sub-AAV-CaMPARI1-C9/sub-AAV-CaMPARI1-C9_obj-a46y3g_ophys.nwb,31,41,560,3.8421052631578947,13,14.027700831024932,19,8564888,25.0,25.0,1
362fe4b9-30d2-41e3-b6d5-b01ae715d69d,001169,sub-J026/sub-J026_ses-RWTautowait2-20220211-140527.nwb,32,117,3004,5.481481481481482,31,46.397805212620035,27,1110266,60.0,25.0,1
36416896-3022-42bd-8f15-d3d9514b1d19,001550,sub-P074/sub-P074_ses-TaskSwitch4-170911a.nwb,35,112,2625,4.709677419354839,38,47.36732570239335,31,1354483,80.0,25.0,1
3645751e-4485-4f12-b0f1-32722391781c,000336,sub-621603/sub-621603_ses-1193163594-acq-1193401245_ophys.nwb,59,238,12973,5.574074074074074,30,44.17043895747597,54,89522668,740.0,25.0,1
3649989e-496e-45c0-9328-db35b713f52e,000570,sub-813352040/sub-813352040_ses-819177656_icephys.nwb,142,555,59040,5.64748201438849,44,38.746234666942705,139,20437188,20720.0,360.0,0
364a4d1e-0d69-4356-9c9b-6e26c8b8e879,000467,sub-ant4-m4-d26-y2022/sub-ant4-m4-d26-y2022_ses-m4-d26-y2022-ant4-0-48x-4-methyl-3-heptanol-40-t261-z125um_ophys.nwb,22,48,624,4.176470588235294,13,14.615916955017303,17,84086336,480.0,120.0,0
364b921a-2e7e-4a14-ac6a-8d485e3b959b,000467,sub-ant2-m10-d11-y2022/sub-ant2-m10-d11-y2022_ses-m10-d11-y2022-ant2-0-48x-ethanol-40-t162-z160um_ophys.nwb,22,48,624,4.176470588235294,13,14.615916955017303,17,84086336,680.0,180.0,0
364be8f4-8bd4-4323-82cf-79f8de73cd82,000773,sub-ant4-m1-d18-y2023/sub-ant4-m1-d18-y2023_ses-m1-d18-y2023-ant4-0-48x-ethanol-40-t141-z0um_ophys.nwb,22,48,624,4.176470588235294,13,14.615916955017303,17,84086336,600.0,160.0,0
3656d7b9-2301-4d4a-9595-247643d9eb31,000773,sub-ant4-m1-d18-y2023/sub-ant4-m1-d18-y2023_ses-m1-d18-y2023-ant4-1x-paraffin-oil-40-t138-z40um_ophys.nwb,22,48,624,4.176470588235294,13,14.615916955017303,17,84086336,600.0,160.0,0
365a6420-d696-4967-94f4-2536633e49fe,000467,sub-ant3-m4-d27-y2022/sub-ant3-m4-d27-y2022_ses-m4-d27-y2022-ant3-0-12x-4-methyl-3-heptanol-40-t141-z115um_ophys.nwb,22,48,624,4.176470588235294,13,14.615916955017303,17,84086336,480.0,120.0,0
36620882-dcea-47a7-b38b-50b55efd5791,000547,sub-311/sub-311_ses-311-3rdrec-0_ophys.nwb,27,44,572,4.235294117647059,13,16.768166089965398,17,299419243,440.0,25.0,1
3662eb42-6fa5-423b-91fa-b121c77de96f,001836,sub-julio/sub-julio_ses-julio-20230805_obj-zf8zuo_behavior.nwb,108,76,1751,2.6,65,49.06105263157894,95,38132624,100.0,25.0,1
366a5a54-1b33-4505-9472-025005e32e03,001051,sub-637488/sub-637488_ses-None_probe-489_ecephys.nwb,36,62,1087,3.3,14,12.343333333333334,30,2758941104,1220.0,25.0,1
366e87c5-c10a-4249-937e-1421e550f37f,000467,sub-ant3-m4-d21-y2022/sub-ant3-m4-d21-y2022_ses-m4-d21-y2022-ant3-0-12x-4-methyl-3-heptanone-40-t138-z85um_ophys.nwb,22,48,624,4.176470588235294,13,14.615916955017303,17,84086336,660.0,160.0,0
36751b9d-f159-47f5-87a5-a15a6920057e,001465,sub-1409530413/sub-1409530413_ses-1410820797_icephys.nwb,212,844,171589,5.8086124401913874,79,63.3317918545821,209,56751099,900.0,80.0,0
3695bc08-9dcf-4b55-a84f-f0d7536dc313,001847,sub-PB191/sub-PB191_ses-PB191-20241118-105125_behavior+image+ophys.nwb,37,124,3240,5.0625,36,48.74609375,32,46664641576,6500.0,25.0,1
3695c56c-2807-45e9-b073-5a7670e2ec2d,000711,sub-489065/sub-489065_ses-20200303T151021_obj-1ifdzs6_image+ophys.nwb,75,225,9298,4.428571428571429,24,26.73061224489796,70,231596637,500.0,25.0,1
3699dbf6-3101-46a2-ad7c-e43348cd7d01,001169,sub-S020/sub-S020_ses-RWTautowait2-20210901-120012.nwb,32,116,2974,5.444444444444445,31,46.46913580246915,27,1315841,80.0,25.0,1
369ce597-09bc-4f58-b29f-bd9c4dd4d274,001856,sub-1484874777/sub-1484874777_ses-1486290996_icephys.nwb,269,1081,276877,5.827067669172933,100,86.93250042399227,266,67550281,820.0,25.0,1
369f9f85-1ea5-4060-a458-9a909321194c,001051,sub-607660/sub-607660_ses-None_probe-0_ecephys.nwb,36,62,1087,3.3,14,12.343333333333334,30,2999622768,1280.0,60.0,0
36aa6862-03ac-4f6a-9164-b9614d177db3,000467,sub-ant1-m10-d11-y2022/sub-ant1-m10-d11-y2022_ses-m10-d11-y2022-ant1-0-48x-3-hexanone-40-t132-z115um_ophys.nwb,22,48,624,4.176470588235294,13,14.615916955017303,17,84086336,720.0,180.0,0
36ad28ca-9e69-4614-87da-e71ba85e9f03,001634,sub-Frodo/sub-Frodo_ses-5_obj-1t13ii7_behavior+ecephys.nwb,254,68,23367,3.017094017094017,36,24.187741982613783,117,1083738,80.0,25.0,1
36ad87db-1a56-467a-b3b8-730704c70a5d,000713,sub-548716/sub-548716_ses-20210111T092248_image.nwb,48,115,2402,3.7045454545454546,23,23.889979338842977,44,191382290,300.0,25.0,1
36add1f2-93cc-4236-9d64-ce92d31fbf39,000405,sub-s1/sub-s1_ses-NE-OF-061218.nwb,19,42,447,4.0,13,11.6,15,11121296,760.0,180.0,0
36af9e30-4e5a-485a-9d01-f0d7dac33128,001169,sub-S025/sub-S025_ses-RWTautowait2-20211216-134435.nwb,32,117,3004,5.481481481481482,31,46.397805212620035,27,1074455,80.0,25.0,1
36b95d27-598d-465c-9243-d16616c5fa8b,000773,sub-ant6-m1-d10-y2023/sub-ant6-m1-d10-y2023_ses-m1-d10-y2023-ant6-0-48x-propionic-acid-40-t204-z125um_ophys.nwb,22,48,624,4.176470588235294,13,14.615916955017303,17,84086336,620.0,160.0,0
36ca2db7-82ed-46e2-aa21-a1a472f322bb,000020,sub-985736223/sub-985736223_ses-992272566_icephys.nwb,204,880,179826,6.1393034825870645,75,65.66218657954012,201,30952690,35900.0,340.0,0
36ce1442-6396-4818-a94e-dd193aef2768,001611,sub-25897/sub-25897_ses-20241111T195719_ecephys.nwb,25,52,649,4.105263157894737,13,13.988919667590027,19,12170780,100.0,25.0,1
36cf06db-38d5-4d48-a33d-b005bb5a9b24,001550,sub-H113/sub-H113_ses-TaskSwitch4-171001a.nwb,33,110,2570,4.896551724137931,38,49.74791914387635,29,1210085,80.0,25.0,1
36d00dbf-62ad-448a-afcf-c0d74c4c42d7,000711,sub-453989/sub-453989_ses-20190604T125547_image.nwb,48,119,2682,3.7954545454545454,26,27.571797520661153,44,68565257,200.0,25.0,1
36d0b4fe-1c8e-40cf-9162-f31c0974b37f,001550,sub-P095/sub-P095_ses-TaskSwitch4-180820a.nwb,35,112,2625,4.709677419354839,38,47.36732570239335,31,1336710,80.0,25.0,1
36d3289a-f0a0-47ec-8b68-d77538c27474,000947,sub-Isis/sub-Isis_ses-pre-MPTP-I-170317-2_ecephys.nwb,33,84,1310,4.214285714285714,16,19.66836734693877,28,1665820897,1840.0,200.0,0
36dbf058-2e84-4d48-a073-dbe6ba2ec7ee,001169,sub-J061/sub-J061_ses-RWTautowait2-20221202-162424.nwb,32,118,3087,5.518518518518518,32,48.32373113854595,27,1298952,60.0,25.0,1
36dc601f-7da0-4518-8a83-2584def254ef,001169,sub-G028/sub-G028_ses-RWTautowait2-20210922-122030.nwb,32,117,3004,5.481481481481482,31,46.397805212620035,27,1077569,60.0,25.0,1
36e5c072-ec8e-4a55-a420-1f24d7f4c16e,000711,sub-513626/sub-513626_ses-20200706T102209_image.nwb,48,116,2469,3.727272727272727,23,24.743801652892568,44,188724043,220.0,25.0,1
36ed7925-4860-4f09-b6f3-89e142030598,000020,sub-836125640/sub-836125640_ses-839814024_icephys.nwb,194,796,129414,5.884816753926701,67,63.05479564704916,191,62743792,39040.0,340.0,0
36f76208-4081-4c65-ab5e-147f67dc715d,000988,sub-121122cell3-1135nm-correctroi/sub-121122cell3-1135nm-correctroi_ses-20230328T121122_image.nwb,39,61,910,3.96,13,14.198399999999998,25,572944251,560.0,25.0,1
37068b61-ea52-4859-95ac-7eb5b9f2f4e4,001550,sub-P150/sub-P150_ses-TaskSwitch4-190418a.nwb,35,112,2625,4.709677419354839,38,47.36732570239335,31,1813084,60.0,25.0,1
3708d27a-1f9d-4b7a-a911-86adfc0dcd06,000713,sub-560964/sub-560964_ses-20210503T124453_image.nwb,48,115,2402,3.7045454545454546,23,23.889979338842977,44,191442303,320.0,25.0,1
370b65ff-cc8e-43a7-ac9a-b2c0d3fb0e2b,001169,sub-J077/sub-J077_ses-RWTautowait2-20230620-150609.nwb,32,118,3087,5.518518518518518,32,48.32373113854595,27,1913317,60.0,25.0,1
370cce60-2d67-48ff-9bff-6d752af97399,000020,sub-643830459/sub-643830459_ses-645057866_icephys.nwb,127,466,38915,5.346774193548387,36,32.54910249739854,124,14717894,23280.0,460.0,0
3717cde6-9ab0-495c-92c8-6b35f6f6941d,001038,sub-Dat-G557/sub-Dat-G557_ses-20210922-0004.nwb,54,117,2524,4.095238095238095,16,13.990929705215418,42,29291783,160.0,25.0,1
371a82ab-031b-4c68-86eb-5f4b538ad292,000467,sub-ant2-m4-d21-y2022/sub-ant2-m4-d21-y2022_ses-m4-d21-y2022-ant2-0-48x-4-methyl-3-heptanol-40-t125-z10um_ophys.nwb,22,48,624,4.176470588235294,13,14.615916955017303,17,84086336,640.0,160.0,0
37266580-65b9-4483-b295-d7df2e2ddad6,000467,sub-ant1-m4-d26-y2022/sub-ant1-m4-d26-y2022_ses-m4-d26-y2022-ant1-0-48x-4-methyl-3-hexanol-40-t147-z55um_ophys.nwb,22,48,624,4.176470588235294,13,14.615916955017303,17,84086336,640.0,160.0,0
37313cf7-7a47-49dd-b363-823b43360c95,001550,sub-P150/sub-P150_ses-TaskSwitch4-180806a.nwb,35,112,2625,4.709677419354839,38,47.36732570239335,31,1483098,140.0,25.0,1
3736d4c0-2ccd-4e60-8d3b-10402691c8f0,001169,sub-G035/sub-G035_ses-RWTautowait2-20210312-115833.nwb,32,117,3004,5.481481481481482,31,46.397805212620035,27,1275322,60.0,25.0,1
37385f29-bf8a-4538-9142-84977038da30,000971,sub-111-285/sub-111-285_ses-FP-PR-2019-07-11T10-17-28_behavior.nwb,26,52,651,3.5,13,13.886363636363637,22,234889,80.0,60.0,0
373a2296-e853-49ac-a210-f1fb353bdeba,001169,sub-L017/sub-L017_ses-RWTautowait2-20230214-122343.nwb,32,118,3087,5.518518518518518,32,48.32373113854595,27,1136136,60.0,25.0,1
373b2b7d-66d0-4d20-8938-abcf14e0808a,001550,sub-P100/sub-P100_ses-TaskSwitch4-171103a.nwb,35,112,2625,4.709677419354839,38,47.36732570239335,31,1337259,60.0,25.0,1
3743802e-2609-45c8-8e60-b31879348765,000575,sub-11/sub-11_ses-20190515T195800_behavior+ecephys.nwb,28,74,930,4.434782608695652,13,16.941398865784503,23,539976,220.0,80.0,0
37508c53-5729-48a9-b6bf-ba54639278a7,000239,sub-MX190103/sub-MX190103_ses-20190402T144916.nwb,18,63,1228,6.153846153846154,29,58.13017751479289,13,293616,100.0,60.0,0
375a91b0-6c55-463e-8465-02901eb29288,001169,sub-G022/sub-G022_ses-RWTautowait2-20201214-120348.nwb,32,117,3004,5.481481481481482,31,46.397805212620035,27,1367999,80.0,25.0,1
37650666-4ef7-44e1-b995-b7381dbd2522,000467,sub-ant1-m4-d27-y2022/sub-ant1-m4-d27-y2022_ses-m4-d27-y2022-ant1-0-0075x-4-methyl-3-hexanol-40-t129-z125um_ophys.nwb,22,48,624,4.176470588235294,13,14.615916955017303,17,84086336,480.0,120.0,0
3765e708-506f-4e71-958a-2cc26a452e1f,000467,sub-ant3-m4-d26-y2022/sub-ant3-m4-d26-y2022_ses-m4-d26-y2022-ant3-0-48x-4-methyl-3-heptanone-40-t215-z30um_ophys.nwb,22,48,624,4.176470588235294,13,14.615916955017303,17,84086336,580.0,140.0,0
3776171f-3f56-42bf-acb7-ae97aa10777c,000728,sub-575188353/sub-575188353_ses-591254266-StimC2_behavior+image+ophys.nwb,50,11477,195172714,262.3181818181818,5812,1407580.2623966942,44,129925363,780.0,25.0,1
3778886b-1724-44a4-b1e9-ed9e0eb90479,000728,sub-587049063/sub-587049063_ses-599420257-StimB_ophys.nwb,23,48,605,4.055555555555555,13,13.163580246913579,18,40923600504,16240.0,25.0,1
3781c57e-f9df-43b6-b1a4-900604ae530b,000713,sub-544358/sub-544358_ses-20201021T142625_image.nwb,48,118,2609,3.772727272727273,25,26.584710743801654,44,66587350,180.0,25.0,1
3783fb88-ac1c-49d6-8296-3cc898805269,001455,sub-942633684/sub-942633684_ses-947975028_icephys.nwb,261,1089,282122,6.015503875968992,101,90.60441079262063,258,61957988,980.0,25.0,1
37952ead-b16e-484d-9e02-419b48da7fed,000336,sub-647715/sub-647715_ses-1242287850-acq-1242432614_ophys.nwb,59,238,12973,5.574074074074074,30,44.17043895747597,54,89363794,860.0,25.0,1
379905c7-269b-4cd9-a74f-ded4e64bdf33,000008,sub-mouse-UWILU/sub-mouse-UWILU_ses-20181114-sample-4_slice-20181114-slice-3_cell-20181114-sample-4_icephys.nwb,157,466,63579,4.954248366013072,68,54.22666495792217,153,8191249,14100.0,440.0,0
3799bffc-ed85-4304-be73-79ee63c62a6e,001169,sub-L009/sub-L009_ses-RWTautowait2-20221128-101207.nwb,32,118,3087,5.518518518518518,32,48.32373113854595,27,1146736,80.0,25.0,1
379e9ed2-5161-43fb-9d43-787a8cb7948a,000020,sub-839065526/sub-839065526_ses-843270474_icephys.nwb,146,598,70768,5.888111888111888,49,43.3720964350335,143,22278673,24880.0,340.0,0
37a09155-2e2b-465f-89e2-d93595f33a72,001169,sub-S050/sub-S050_ses-RWTautowait2-20221130-154026.nwb,32,117,3004,5.481481481481482,31,46.397805212620035,27,934981,80.0,25.0,1
37b0282f-7173-4087-b087-6b8fe6fbb366,000467,sub-ant4-m4-d26-y2022/sub-ant4-m4-d26-y2022_ses-m4-d26-y2022-ant4-0-48x-6-methyl-5-hepten-2-one-40-t258-z15um_ophys.nwb,22,48,624,4.176470588235294,13,14.615916955017303,17,84086336,480.0,120.0,0
37b50ee3-8078-4f4a-90e8-4c65321c9b74,001550,sub-P102/sub-P102_ses-TaskSwitch4-180522a.nwb,35,112,2625,4.709677419354839,38,47.36732570239335,31,2099122,120.0,25.0,1
37bb5f68-a035-40bc-884b-ca258e129f18,001550,sub-P007/sub-P007_ses-TaskSwitch4-160415a.nwb,33,110,2570,4.896551724137931,38,49.74791914387635,29,1226890,80.0,25.0,1
37bc583a-5be9-4a4d-badc-afa577687e8d,000773,sub-ant1-m4-d6-y2023/sub-ant1-m4-d6-y2023_ses-m4-d6-y2023-ant1-1x-paraffin-oil-40-t124-z5um_ophys.nwb,22,48,624,4.176470588235294,13,14.615916955017303,17,84086336,600.0,160.0,0
37bcfb24-fa7c-4f5a-88bf-3ba7f5a19bc7,001169,sub-J053/sub-J053_ses-RWTautowait2-20220930-131157.nwb,32,117,3004,5.481481481481482,31,46.397805212620035,27,1162217,60.0,25.0,1
37dafbe1-a805-44f1-909e-14f7a494f690,000773,sub-ant2-m1-d17-y2023/sub-ant2-m1-d17-y2023_ses-m1-d17-y2023-ant2-0-03x-4-methyl-3-heptanol-40-t175-z55um_ophys.nwb,22,48,624,4.176470588235294,13,14.615916955017303,17,84086336,620.0,160.0,0
37dbb9e2-83f1-472c-9993-e0ec9673c604,001169,sub-J076/sub-J076_ses-RWTautowait2-20230601-133057.nwb,32,118,3087,5.518518518518518,32,48.32373113854595,27,1448119,80.0,25.0,1
37dce523-fa82-4053-9d31-506332e6b870,000637,sub-BH462/sub-BH462_obj-1urv839_ecephys.nwb,28,46,627,4.111111111111111,14,15.654320987654321,18,6771144,160.0,60.0,0
37ddd004-a837-4320-a776-31475f6329b6,000773,sub-ant2-m1-d20-y2023/sub-ant2-m1-d20-y2023_ses-m1-d20-y2023-ant2-0-48x-4-methyl-3-heptanol-40-t156-z85um_ophys.nwb,22,48,624,4.176470588235294,13,14.615916955017303,17,84086336,600.0,160.0,0
37e63a9c-669a-41bf-91e9-8b336d1c8ded,001374,sub-001/sub-001_ses-20250502_obj-23120iiiE14iiid38iii6iii10iii2024iiidorsaliiipasca_ecephys.nwb,22,49,722,4.176470588235294,13,15.321799307958479,17,3194146759,1140.0,25.0,1
37eae26c-b66d-45db-8a7a-189525df79f4,000483,sub-SKKS089/sub-SKKS089_ses-20210216T122844_behavior+ophys.nwb,33,58,718,3.357142857142857,13,9.443877551020407,28,6917227179,3060.0,25.0,1
37f51ad3-b50d-453f-bcc9-e628c19c0d08,001611,sub-25876/sub-25876_ses-20241111T190534_ecephys.nwb,25,52,649,4.105263157894737,13,13.988919667590027,19,12843836,120.0,25.0,1
38009fb4-4d29-4df1-af33-0742e018c39d,001701,sub-Curie/sub-Curie_ses-Curie-DY20-g1_behavior+ecephys.nwb,35,64,850,3.4482758620689653,13,10.868014268727707,29,30268938,560.0,80.0,0
380803dd-848f-438d-87a9-106f34c3e14e,001445,sub-G3-13/sub-G3-13_obj-7m7ndl_ecephys.nwb,22,45,579,3.9411764705882355,13,12.643598615916957,17,203556,25.0,25.0,1
380943c8-b25c-4190-bc72-6fc17c990a22,000773,sub-ant4-m1-d11-y2023/sub-ant4-m1-d11-y2023_ses-m1-d11-y2023-ant4-0-03x-propionic-acid-40-t194-z30um_ophys.nwb,22,48,624,4.176470588235294,13,14.615916955017303,17,84086336,620.0,160.0,0
38094e63-ca74-49a6-9a3f-7493b92aa6a8,000951,sub-LC17-fly11/sub-LC17-fly11_ses-(-LC17-fly11-210804-1625--).nwb,18,33,433,3.8461538461538463,13,13.822485207100591,13,187360,420.0,180.0,0
380c2f63-3bba-4fa7-87d3-286f1f8a2c28,000728,sub-597594615/sub-597594615_ses-617047316-StimC2_ophys.nwb,23,48,605,4.055555555555555,13,13.163580246913579,18,41557710989,16500.0,25.0,1
381846ef-f4a3-4978-a722-7c80596944a2,000617,sub-703100/sub-703100_ses-1325713091-acq-1325864449_ophys.nwb,66,196,6715,4.344262295081967,17,20.75033593120128,61,697427081,1260.0,25.0,1
38240ce3-019b-49db-8839-d4ce389caa46,000628,sub-Bf/sub-Bf_ses-20200918T151310.nwb,26,39,494,4.266666666666667,13,17.662222222222226,15,7527139,340.0,160.0,0
382ea46c-0963-4e47-966b-da02518f23cb,000467,sub-ant5-m4-d26-y2022/sub-ant5-m4-d26-y2022_ses-m4-d26-y2022-ant5-0-03x-4-methyl-3-hexanol-40-t275-z30um_ophys.nwb,22,48,624,4.176470588235294,13,14.615916955017303,17,84086336,500.0,140.0,0
3834cabd-5693-423f-8f6f-36cbb60ec504,001169,sub-L010/sub-L010_ses-RWTautowait2-20220503-103146.nwb,32,117,3004,5.481481481481482,31,46.397805212620035,27,1082796,100.0,25.0,1
3838003d-456a-4a98-b701-d33cbc2b885c,001777,sub-8600/sub-8600_ses-20241207T183206_icephys.nwb,85,234,20550,4.8,65,48.36,80,31602728,300.0,25.0,1
384190cf-e89b-4052-af48-a268fc415e82,001550,sub-P100/sub-P100_ses-TaskSwitch4-170705a.nwb,35,112,2625,4.709677419354839,38,47.36732570239335,31,944478,80.0,25.0,1
384200f5-67e1-4d7b-a055-f9388c23cefe,000971,sub-80-236/sub-80-236_ses-FP-PR-2019-02-15T12-05-10_behavior.nwb,25,51,643,3.5714285714285716,13,14.244897959183675,21,228384,60.0,25.0,1
38429028-9351-45b3-b416-280ac7ded534,001550,sub-P055/sub-P055_ses-TaskSwitch4-160713a.nwb,35,112,2625,4.709677419354839,38,47.36732570239335,31,850407,80.0,25.0,1
38467a24-86cd-4a30-8881-b4acaaa9d303,000467,sub-ant1-m10-d11-y2022/sub-ant1-m10-d11-y2022_ses-m10-d11-y2022-ant1-0-48x-isopropanol-40-t135-z130um_ophys.nwb,22,48,624,4.176470588235294,13,14.615916955017303,17,84086336,720.0,180.0,0
384720f9-c76d-444d-a620-af50cff2a805,000773,sub-ant5-m1-d10-y2023/sub-ant5-m1-d10-y2023_ses-m1-d10-y2023-ant5-0-48x-isopropanol-40-t176-z105um_ophys.nwb,22,48,624,4.176470588235294,13,14.615916955017303,17,84086336,640.0,160.0,0
3847eb39-4fb2-4641-9ec1-75892ddab95e,000713,sub-554013/sub-554013_ses-20210205T151235_image.nwb,48,115,2402,3.7045454545454546,23,23.889979338842977,44,191385583,280.0,25.0,1
3851197e-9d84-4a80-a121-eec56867f3e0,000971,sub-112-283/sub-112-283_ses-FP-PS-2019-07-10T09-39-59_behavior.nwb,26,52,651,3.5,13,13.886363636363637,22,236039,60.0,25.0,1
38595008-8e55-413b-83bf-2fde3e7acada,000728,sub-657195968/sub-657195968_ses-671162628-StimC2_behavior+image+ophys.nwb,50,11477,195172714,262.3181818181818,5812,1407580.2623966942,44,186443238,660.0,25.0,1
385b9c28-3cdf-4ed8-8249-4df517c315c6,001550,sub-P167/sub-P167_ses-TaskSwitch4-190730a.nwb,35,112,2625,4.709677419354839,38,47.36732570239335,31,1049402,60.0,25.0,1
385bb0e9-a046-452a-8fbd-100a47d31bb5,000246,sub-C2-AAV1blind-03/sub-C2-AAV1blind-03_ses-20240904_obj-9uqvvl_ophys.nwb,33,46,581,3.5217391304347827,13,12.162570888468805,23,12760208,60.0,25.0,1
385fcb00-6fea-4b40-9ee7-09c0dd1f737a,001169,sub-G078/sub-G078_ses-RWTautowait2-20220922-135214.nwb,32,117,3004,5.481481481481482,31,46.397805212620035,27,1464527,100.0,25.0,1
3861a13a-6c9a-4e4f-be33-0bbe371ec35b,001169,sub-S024/sub-S024_ses-RWTautowait2-20210728-155716.nwb,32,117,3004,5.481481481481482,31,46.397805212620035,27,1144192,60.0,25.0,1
38719d1f-a11f-4455-8d2e-cc4d8ac4d311,000467,sub-ant2-m4-d20-y2022/sub-ant2-m4-d20-y2022_ses-m4-d20-y2022-ant2-0-03x-4-methyl-3-heptanone-40-t144-z40um_ophys.nwb,22,48,624,4.176470588235294,13,14.615916955017303,17,84086336,660.0,180.0,0
38778bde-eee9-4db3-b948-80b465de069a,000773,sub-ant5-m4-d6-y2023/sub-ant5-m4-d6-y2023_ses-m4-d6-y2023-ant5-0-48x-4-methyl-3-heptanone-40-t192-z100um_ophys.nwb,22,48,624,4.176470588235294,13,14.615916955017303,17,84086336,560.0,140.0,0
387f610c-fce0-4396-9d3e-2eff8dd0385b,001347,sub-mouse/sub-mouse_ses-342_behavior.nwb,17,36,413,4.0,13,13.692307692307692,13,5375088,60.0,25.0,1
38800acb-099d-44dc-bc3e-ada449fd429d,001777,sub-7319/sub-7319_ses-20230130T172956_icephys.nwb,120,339,47115,4.860869565217391,100,81.12846880907372,115,48495544,540.0,25.0,1
3884679a-4a5a-43cc-9b91-ba8b7184bf01,001169,sub-L017/sub-L017_ses-RWTautowait2-20230626-113212.nwb,32,118,3087,5.518518518518518,32,48.32373113854595,27,861391,100.0,25.0,1
3893669d-e97f-4039-b101-7b7bf0ecafad,001169,sub-J064/sub-J064_ses-RWTautowait2-20230412-104204.nwb,32,118,3087,5.518518518518518,32,48.32373113854595,27,1190326,80.0,25.0,1
38986162-a0d7-4805-b2c9-7d7d434f0320,000713,sub-506940/sub-506940_ses-None_probe-1158270872_ecephys.nwb,36,62,1087,3.3,14,12.343333333333334,30,4981131984,3640.0,380.0,0
389887ca-35fe-4054-b012-c83d0aa52a6a,001169,sub-L028/sub-L028_ses-RWTautowait2-20230627-112219.nwb,32,118,3087,5.518518518518518,32,48.32373113854595,27,895499,80.0,25.0,1
389c5d49-6d68-4932-a240-c6897cd11177,000773,sub-ant3-m1-d10-y2023/sub-ant3-m1-d10-y2023_ses-m1-d10-y2023-ant3-0-48x-ethanol-40-t134-z145um_ophys.nwb,22,48,624,4.176470588235294,13,14.615916955017303,17,84086336,640.0,160.0,0
389ece9b-188b-4b70-9ea9-5b597dad0a5c,001169,sub-G098/sub-G098_ses-RWTautowait2-20230511-144159.nwb,32,118,3087,5.518518518518518,32,48.32373113854595,27,1065686,80.0,25.0,1
38a7e24c-ede5-4380-8d06-0338b890aada,001841,sub-subject-ID-ST439/sub-subject-ID-ST439_ses-20200303T145806_icephys.nwb,107,290,22905,4.640776699029126,40,26.73503628994251,103,2056936,60.0,25.0,1
38ac59f9-797a-4b90-a7f5-c5777e7bd330,001620,sub-b640-1/sub-b640-1_ses-GFAP_ophys.nwb,24,49,608,3.8947368421052633,13,13.673130193905815,19,2408084,60.0,25.0,1
38b90422-9a92-41a5-a6ed-d4e9ffd2de89,000579,sub-10/sub-10_ses-mouse-10-session-date-2017-11-04-area-visA-L23-multi-plane-imaging_behavior+ophys.nwb,85,193,12100,4.164383561643835,17,15.53462188027773,73,343421302,7220.0,180.0,0
38bfdfca-1634-48cd-b8e2-88344efdbd40,001181,sub-m1615/sub-m1615_ses-20220903T124547Z_photometry.nwb,18,54,762,5.461538461538462,19,29.940828402366858,13,207760,25.0,25.0,1
38c01d82-2e35-4409-8844-7fe31371131d,000773,sub-ant2-m2-d24-y2023/sub-ant2-m2-d24-y2023_ses-m2-d24-y2023-ant2-0-48x-ethylpyrazine-40-t153-z85um_ophys.nwb,22,48,624,4.176470588235294,13,14.615916955017303,17,84086336,580.0,160.0,0
38c1f814-b9f5-4e05-824b-e75b2fee1e09,001169,sub-M035/sub-M035_ses-RWTautowait2-20210720-121458.nwb,32,116,2974,5.444444444444445,31,46.46913580246915,27,1226987,80.0,25.0,1
38c6e903-df72-4740-9e4d-6486a4ba870c,000020,sub-682365442/sub-682365442_ses-684907313_icephys.nwb,114,446,37494,5.657657657657658,49,39.36027919811702,111,45943635,27280.0,420.0,0
38d0c5e9-48f6-4ba0-9f94-93dd5f408f96,001169,sub-L031/sub-L031_ses-RWTautowait2-20230501-094446.nwb,32,118,3087,5.518518518518518,32,48.32373113854595,27,1216831,80.0,25.0,1
38d27a60-fe97-461b-8b60-ba8c46f9c527,000467,sub-ant1-m4-d27-y2022/sub-ant1-m4-d27-y2022_ses-m4-d27-y2022-ant1-1x-isopropanol-40-t123-z105um_ophys.nwb,22,48,624,4.176470588235294,13,14.615916955017303,17,84086336,480.0,140.0,0
38da6c1c-7848-4b85-92c9-5afe8f0b6e4a,001550,sub-P189/sub-P189_ses-TaskSwitch6-190516b.nwb,33,111,2646,4.931034482758621,39,52.064209274673004,29,1286531,80.0,25.0,1
38e53e31-103c-4639-b611-4abc58675a29,000552,sub-e13-26m1/sub-e13-26m1_ses-e13-26m1-211019-raw_ecephys.nwb,32,46,574,3.0357142857142856,13,10.748724489795919,28,147353047025,69160.0,220.0,0
38e900b0-6bbc-4077-8b59-42076b943b28,000628,sub-Pa/sub-Pa_ses-20200115T101801_behavior.nwb,9921,29725,881377841,4.00010089799213,9896,9874.061850458995,9911,371752479,8000.0,100.0,0
38ebeacf-9a57-4a6e-b40c-3f596ec68406,001169,sub-M055/sub-M055_ses-RWTautowait2-20230707-150116.nwb,32,117,3057,5.481481481481482,32,48.397805212620035,27,1057027,80.0,25.0,1
38ee17b4-510a-477a-82b8-f709c910269d,001836,sub-klein/sub-klein_ses-klein-20231106_obj-16yytib.nwb,103,77,1781,2.7,65,52.16555555555553,90,557368,25.0,25.0,1
38f90dee-7d97-4503-bbfd-b66adcafd540,000971,sub-348-393/sub-348-393_ses-FP-PS-2020-06-27T12-38-21.nwb,25,51,641,3.5714285714285716,13,14.435374149659864,21,229944,60.0,25.0,1
38fda5e7-5017-4198-a99a-6c0a4e28663e,001033,sub-2-2/sub-2-2_ses-2kHz-spindle-stimulation-4-4V_image.nwb,17,38,431,4.153846153846154,13,13.668639053254442,13,702303,80.0,25.0,1
38fead24-4e95-4d05-80b3-42a3b9eb4fda,000467,sub-ant3-m4-d21-y2022/sub-ant3-m4-d21-y2022_ses-m4-d21-y2022-ant3-0-12x-4-methyl-3-heptanone-40-t138-z25um_ophys.nwb,22,48,624,4.176470588235294,13,14.615916955017303,17,84086336,640.0,160.0,0
39008b25-7956-4b06-8d56-c18c00d9030e,000467,sub-ant2-m4-d21-y2022/sub-ant2-m4-d21-y2022_ses-m4-d21-y2022-ant2-0-12x-6-methyl-5-hepten-2-one-40-t161-z140um_ophys.nwb,22,48,624,4.176470588235294,13,14.615916955017303,17,84086336,660.0,160.0,0
3904a275-207e-4dc5-b416-b07bedb5e9f7,000708,sub-Temp-pref-F32-B24-5dpf-15-unsorted-nac/sub-Temp-pref-F32-B24-5dpf-15-unsorted-nac_ses-20231024T142000_behavior.nwb,33,53,613,3.0357142857142856,13,8.391581632653063,28,9912761,260.0,25.0,1
3904da6a-f2fd-4ce8-9448-de1615a3318d,000467,sub-ant3-m4-d27-y2022/sub-ant3-m4-d27-y2022_ses-m4-d27-y2022-ant3-0-12x-4-methyl-3-heptanone-40-t154-z65um_ophys.nwb,22,48,624,4.176470588235294,13,14.615916955017303,17,84086336,480.0,120.0,0
3906fc09-27ba-40c0-8e61-96e743366af4,000946,sub-BH537/sub-BH537_ses-20240109T145200_ecephys.nwb,28,50,690,4.333333333333333,14,17.0,18,1839816,140.0,80.0,0
390931d9-b6a4-4d30-9227-b6e8eae88b72,000574,sub-02/sub-02_ses-02.nwb,30,87,1172,4.916666666666667,13,17.90972222222222,24,5913823210,2240.0,60.0,0
3912f4d7-c18f-4256-8be5-8040fe8ffcf9,001550,sub-P130/sub-P130_ses-TaskSwitch4-190412a.nwb,35,112,2625,4.709677419354839,38,47.36732570239335,31,1322036,60.0,25.0,1
391b653f-f065-415a-9ea4-5ccf0b88b703,000620,sub-Perle/sub-Perle_ses-2022-06-03_spikesorting.nwb,29,66,1271,4.409090909090909,17,19.514462809917354,22,127558424,600.0,180.0,0
392c574c-a9d9-45d9-b72f-d7dae44aa73c,000467,sub-ant3-m4-d21-y2022/sub-ant3-m4-d21-y2022_ses-m4-d21-y2022-ant3-0-12x-4-methyl-3-hexanol-40-t146-z10um_ophys.nwb,22,48,624,4.176470588235294,13,14.615916955017303,17,84086336,660.0,160.0,0
394548d0-613c-4d91-b699-4bcde2ac885e,001169,sub-G026/sub-G026_ses-RWTautowait2-20210416-094253.nwb,32,117,3004,5.481481481481482,31,46.397805212620035,27,1264344,100.0,25.0,1
39491b75-096e-4cc1-8030-51f3f22e64cf,001550,sub-H113/sub-H113_ses-TaskSwitch4-170627a.nwb,33,110,2570,4.896551724137931,38,49.74791914387635,29,1580667,100.0,25.0,1
394f6835-69e0-4fd6-9e6c-9a77c7bf4b72,001836,sub-eliot/sub-eliot_ses-eliot-20221019_obj-1d9nnam.nwb,71,84,1949,3.206896551724138,33,30.370986920332943,58,1591210,80.0,25.0,1
394fa8ac-5b48-4d35-a790-b93e4f18fedd,000467,sub-ant2-m4-d20-y2022/sub-ant2-m4-d20-y2022_ses-m4-d20-y2022-ant2-0-03x-4-methyl-3-heptanol-40-t137-z150um_ophys.nwb,22,48,624,4.176470588235294,13,14.615916955017303,17,84086336,680.0,180.0,0
39505302-9107-4254-83bd-80a6ccae0905,001550,sub-P127/sub-P127_ses-TaskSwitch4-190319a.nwb,35,112,2625,4.709677419354839,38,47.36732570239335,31,1424299,80.0,25.0,1
3950748f-c11d-42c1-8263-2ebd330c78d7,001752,sub-Mfa250904/sub-Mfa250904_ses-Sess250904HS_obj-kv91hc_icephys.nwb,25,43,479,4.375,13,18.984375,16,1899976,300.0,80.0,0
3951b5fc-4cca-4331-b68c-5db076a627dc,001550,sub-P135/sub-P135_ses-TaskSwitch4-181205a.nwb,35,112,2625,4.709677419354839,38,47.36732570239335,31,1613315,80.0,25.0,1
3954453b-d241-461c-82f2-ee0d45bd0f7e,001517,sub-CHO-20250228-c14/sub-CHO-20250228-c14_obj-1plka72_image.nwb,17,38,431,4.153846153846154,13,13.668639053254442,13,34422365,80.0,25.0,1
3954f2e2-fa27-4bb2-b675-106f834a01c5,000239,sub-MX200102/sub-MX200102_ses-20201213T153443.nwb,18,63,1228,6.153846153846154,29,58.13017751479289,13,391888,120.0,60.0,0
39578cb6-9615-445a-a7be-efbad2784a49,001550,sub-P124/sub-P124_ses-TaskSwitch4-181115a.nwb,35,112,2625,4.709677419354839,38,47.36732570239335,31,1635424,100.0,25.0,1
3960741d-683e-4e39-bd81-840a848d7dd2,000711,sub-476970/sub-476970_ses-20191030T140348_image.nwb,50,156,5473,4.478260869565218,24,34.72778827977316,46,196073356,360.0,25.0,1
39634aa2-5b1f-4b49-827a-d4408f1bcad6,000467,sub-ant4-m4-d20-y2022/sub-ant4-m4-d20-y2022_ses-m4-d20-y2022-ant4-0-03x-4-methyl-3-hexanol-40-t200-z145um_ophys.nwb,22,48,624,4.176470588235294,13,14.615916955017303,17,84086336,660.0,160.0,0
39673862-0c6e-4c07-9047-9ac4b357c275,000713,sub-571520/sub-571520_ses-20210511T155116_image.nwb,48,115,2402,3.7045454545454546,23,23.889979338842977,44,191360472,200.0,25.0,1
396bf4c2-04a1-4dd1-9ac0-2301af5cb288,000989,sub-G1-12A5D/sub-G1-12A5D_obj-3lfur6_ecephys.nwb,22,45,579,3.9411764705882355,13,12.643598615916957,17,203596,60.0,25.0,1
397111a1-eb53-479f-8c1e-84c9aa5f46c1,000773,sub-ant1-m2-d24-y2023/sub-ant1-m2-d24-y2023_ses-m2-d24-y2023-ant1-0-48x-3-hexanone-40-t138-z90um_ophys.nwb,22,48,624,4.176470588235294,13,14.615916955017303,17,84086336,600.0,160.0,0
397128a0-a4d3-4414-86f6-fa9ae7a4065a,000947,sub-Gaia/sub-Gaia_ses-post-MPTP-G-170104-2_ecephys.nwb,34,90,1430,4.310344827586207,16,19.317479191438764,29,4827419968,3200.0,200.0,0
3982e325-bdc6-4198-870e-5d804547ab35,000946,sub-BH513/sub-BH513_ses-20231006T175943_ecephys.nwb,28,50,690,4.333333333333333,14,17.0,18,954384,120.0,60.0,0
39960121-0e26-4481-8f2a-925389a35691,001550,sub-P059/sub-P059_ses-TaskSwitch4-170705a.nwb,35,112,2625,4.709677419354839,38,47.36732570239335,31,1795250,160.0,25.0,1
399691e6-c03a-40d6-9302-3b4df6f391fc,001359,sub-1369353330/sub-1369353330_ses-1370912249_icephys.nwb,179,649,90532,5.3977272727272725,61,50.00090392561984,176,66201791,680.0,25.0,1
39985d85-3048-4c4b-ae6c-6f0dd5d2752b,001414,sub-Mlc1-PF132/sub-Mlc1-PF132_ses-20220729-Mlc1PF132-awake-startle-rec1_ophys.nwb,27,45,590,4.294117647058823,13,16.913494809688583,17,3181010664,1120.0,25.0,1
39989907-58f5-4a1d-bd28-dfcd6c0ac4aa,000773,sub-ant4-m4-d6-y2023/sub-ant4-m4-d6-y2023_ses-m4-d6-y2023-ant4-0-48x-propionic-acid-40-t169-z0um_ophys.nwb,22,48,624,4.176470588235294,13,14.615916955017303,17,84086336,580.0,160.0,0
39a3696f-1081-4cb4-89aa-9f06d855a33a,001281,sub-181109/sub-181109_ses-1811091lr-2-1-2_icephys.nwb,64,233,13046,5.745762711864407,21,14.020109164033324,59,33786536,5860.0,160.0,0
39a7c55f-3ba5-4209-9de2-49e5169b5b94,001195,sub-5014/sub-5014_ses-20190305T201336_slice-slice-5_cell-C25_icephys.nwb,51,137,3340,4.446808510638298,13,7.736532367587142,47,31172891,220.0,25.0,1
39b2acc4-6002-4155-bc0e-52da6f0be85f,000020,sub-899526480/sub-899526480_ses-901178941_icephys.nwb,249,1007,240371,5.878048780487805,95,81.18024985127902,246,63165487,45000.0,340.0,0
39c06eec-7987-4cc3-9d90-0702c2cc20fb,001550,sub-P007/sub-P007_ses-TaskSwitch4-160514a.nwb,33,110,2570,4.896551724137931,38,49.74791914387635,29,1180430,80.0,25.0,1
39d451ca-42df-403e-8f6e-4fa3ea3cc11f,000971,sub-048-392/sub-048-392_ses-FP-PR-2020-06-19T12-45-31.nwb,25,51,641,3.5714285714285716,13,14.435374149659864,21,229944,80.0,60.0,0
39d678d6-0bc5-4987-85aa-83555a958fe3,001611,sub-24846/sub-24846_ses-20241120T232613_ecephys.nwb,25,52,649,4.105263157894737,13,13.988919667590027,19,10397712,120.0,25.0,1
39d6fbe1-48c1-4055-accd-c907682e06a4,000690,sub-714612/sub-714612_ses-1325995398_probe-0_ecephys.nwb,27,55,937,3.772727272727273,14,15.08471074380165,22,1498713746,640.0,80.0,0
39d8f319-76ff-4254-998a-3bf32ebd012a,000773,sub-ant1-m1-d20-y2023/sub-ant1-m1-d20-y2023_ses-m1-d20-y2023-ant1-0-48x-ethanol-40-t129-z30um_ophys.nwb,22,48,624,4.176470588235294,13,14.615916955017303,17,84086336,620.0,160.0,0
39e49fe9-fea0-4159-b5dd-f086fea2df3b,001452,sub-12/sub-12_ses-20250516T215223_icephys.nwb,30,60,911,4.0,13,8.88,25,994872,120.0,25.0,1
39e7218b-6db2-4c1d-9083-6248d8593a35,000773,sub-ant3-m2-d24-y2023/sub-ant3-m2-d24-y2023_ses-m2-d24-y2023-ant3-0-48x-4-methyl-3-heptanol-40-t186-z60um_ophys.nwb,22,48,624,4.176470588235294,13,14.615916955017303,17,84086336,580.0,160.0,0
39e743af-7e1f-4d30-ab61-a57763fc71db,001256,sub-AA0310/sub-AA0310_ses-20210418T142709_behavior+image+ophys.nwb,464,870,517549,3.4316702819956615,63,46.64446337067865,461,4514988587,17500.0,80.0,0
39efcc67-c3a8-40d2-a1ac-212ef1b39410,001169,sub-S035/sub-S035_ses-RWTautowait2-20211110-153357.nwb,32,117,3004,5.481481481481482,31,46.397805212620035,27,1196489,80.0,25.0,1
39fed596-0fda-44de-8eaa-2e048b2d1158,001200,sub-BH597/sub-BH597_ses-20240906T212000_ecephys+ogen.nwb,29,53,741,4.15,14,15.827499999999997,20,298032,60.0,25.0,1
3a00b1f6-4ad6-4982-94bd-cb268f77bb80,001550,sub-P131/sub-P131_ses-TaskSwitch4-180726a.nwb,35,112,2625,4.709677419354839,38,47.36732570239335,31,1388199,120.0,25.0,1
3a0358ff-0080-4f4c-8ad2-c4914deedca5,000773,sub-ant6-m1-d10-y2023/sub-ant6-m1-d10-y2023_ses-m1-d10-y2023-ant6-0-48x-3-hexanone-40-t202-z55um_ophys.nwb,22,48,624,4.176470588235294,13,14.615916955017303,17,84086336,640.0,180.0,0
3a050fa0-49d8-4584-999f-697c3d79fe80,001169,sub-S023/sub-S023_ses-RWTautowait2-20210517-153757.nwb,32,117,3004,5.481481481481482,31,46.397805212620035,27,1035403,80.0,25.0,1
3a13cc91-c78f-4fce-bb1c-7880cca15d6b,000971,sub-150-425/sub-150-425_ses-Opto-DMS-Excitatory-ChR2-2020-11-11T12-49-40_ogen.nwb,30,56,729,3.3461538461538463,14,13.84171597633136,26,246299,80.0,60.0,0
3a16be07-e456-48e6-ae1c-3cfe5e7c6c04,000467,sub-ant2-m4-d20-y2022/sub-ant2-m4-d20-y2022_ses-m4-d20-y2022-ant2-0-03x-6-methyl-5-hepten-2-one-40-t129-z85um_ophys.nwb,22,48,624,4.176470588235294,13,14.615916955017303,17,84086336,660.0,160.0,0
3a1a9b1b-dacf-4c48-932b-cabc4090e264,001611,sub-24846/sub-24846_ses-20241125T192436_ecephys.nwb,25,52,649,4.105263157894737,13,13.988919667590027,19,10999596,100.0,25.0,1
3a203df5-9e83-4f9e-8d05-c267d80e8488,000020,sub-642992296/sub-642992296_ses-644584663_icephys.nwb,104,389,26366,5.435643564356436,36,28.602293892755608,101,14105106,21100.0,440.0,0
3a302863-aa04-47f2-b0e4-c6c262621e34,000711,sub-453990/sub-453990_ses-20190809T134034_obj-1nb7a32_image+ophys.nwb,78,229,9548,4.342465753424658,24,25.896415837868265,73,251685517,380.0,25.0,1
3a34f6b3-db3f-479d-9159-7189dab4aa39,001038,sub-Anxa-A002/sub-Anxa-A002_ses-20220823-0003.nwb,49,102,2105,4.108108108108108,16,14.258582907231554,37,16159300,140.0,25.0,1
3a3ac73e-e1c8-42ab-bc5d-57878469680c,000020,sub-648085025/sub-648085025_ses-648544475_icephys.nwb,118,435,33381,5.3652173913043475,36,30.788355387523634,115,16430038,21720.0,440.0,0
3a436fe3-416d-443e-9892-aa337c9b91fa,001205,sub-1701716021014473602/sub-1701716021014473602_ses-20220212T193616_ophys.nwb,27,41,539,4.0588235294117645,13,14.878892733564015,17,413835469,200.0,25.0,1
3a470988-e922-44e6-9613-e93038924e42,000713,sub-553253/sub-553253_ses-None_probe-1093750562_ecephys.nwb,36,62,1087,3.3,14,12.343333333333334,30,3263141708,6640.0,260.0,0
3a4c8243-b9ee-4022-9da2-77938a81cab8,001169,sub-M032/sub-M032_ses-RWTautowait2-20210715-134116.nwb,32,117,3004,5.481481481481482,31,46.397805212620035,27,1851789,60.0,25.0,1
3a53b106-6494-4faa-9732-dcb9ad89408f,001634,sub-Bilbo/sub-Bilbo_ses-6_obj-yboycz_ecephys.nwb,253,68,23206,3.0344827586206895,36,24.274673008323433,116,5667082,60.0,25.0,1
3a54e107-728c-417e-9bb6-f3bb2b1e73d5,000946,sub-BH538/sub-BH538_ses-20240108T223600_ecephys.nwb,28,50,690,4.333333333333333,14,17.0,18,1248160,120.0,60.0,0
3a5dbf50-8ae3-43f6-a647-67bc35350d0f,001550,sub-P102/sub-P102_ses-TaskSwitch4-170601a.nwb,35,112,2625,4.709677419354839,38,47.36732570239335,31,1367892,60.0,25.0,1
3a6720e9-ebec-4484-8d46-bc71576dd662,000773,sub-ant5-m1-d11-y2023/sub-ant5-m1-d11-y2023_ses-m1-d11-y2023-ant5-1x-paraffin-oil-40-t206-z80um_ophys.nwb,22,48,624,4.176470588235294,13,14.615916955017303,17,84086336,640.0,160.0,0
3a7b21d3-6c9b-4696-9930-8c0dd47442d7,000467,sub-ant2-m4-d26-y2022/sub-ant2-m4-d26-y2022_ses-m4-d26-y2022-ant2-0-03x-4-methyl-3-heptanone-40-t163-z120um_ophys.nwb,22,48,624,4.176470588235294,13,14.615916955017303,17,84086336,660.0,180.0,0
3a85276b-9e29-480e-aa9c-c97035a448b3,000467,sub-ant3-m4-d21-y2022/sub-ant3-m4-d21-y2022_ses-m4-d21-y2022-ant3-0-12x-6-methyl-5-hepten-2-one-40-t142-z10um_ophys.nwb,22,48,624,4.176470588235294,13,14.615916955017303,17,84086336,640.0,160.0,0
3a873165-e894-439a-b607-b723c72bcc35,000773,sub-ant1-m1-d17-y2023/sub-ant1-m1-d17-y2023_ses-m1-d17-y2023-ant1-0-03x-propionic-acid-40-t131-z15um_ophys.nwb,22,48,624,4.176470588235294,13,14.615916955017303,17,84086336,620.0,160.0,0
3a960cd0-d3ed-4c05-9b52-ec67caae539c,001169,sub-S059/sub-S059_ses-RWTautowait2-20230516-144544.nwb,32,118,3087,5.518518518518518,32,48.32373113854595,27,1325257,100.0,25.0,1
3a9757b7-2c0c-4b26-9287-47b3eab0ac1e,000711,sub-563234/sub-563234_ses-20210402T090253_image.nwb,48,116,2469,3.727272727272727,23,24.743801652892568,44,188599499,260.0,25.0,1
3a98396b-a089-4550-9e23-71615cee26e9,000773,sub-ant5-m1-d10-y2023/sub-ant5-m1-d10-y2023_ses-m1-d10-y2023-ant5-0-48x-propionic-acid-40-t180-z85um_ophys.nwb,22,48,624,4.176470588235294,13,14.615916955017303,17,84086336,620.0,160.0,0
3a9f6416-4252-4f8e-b91e-511239bf12c5,000773,sub-ant4-m1-d11-y2023/sub-ant4-m1-d11-y2023_ses-m1-d11-y2023-ant4-0-03x-4-methyl-3-heptanol-40-t192-z35um_ophys.nwb,22,48,624,4.176470588235294,13,14.615916955017303,17,84086336,620.0,160.0,0
3aa19cb6-0178-40ad-9305-19286fa37215,001169,sub-L026/sub-L026_ses-RWTautowait2-20230403-112056.nwb,32,118,3087,5.518518518518518,32,48.32373113854595,27,1128670,120.0,25.0,1
3aa79e40-132d-458c-be9e-1265de30490c,000570,sub-907501068/sub-907501068_ses-910813336_icephys.nwb,259,1059,298093,5.96875,105,86.5771484375,256,31533956,27920.0,380.0,0
3ab3ed25-4a3a-4e20-9f28-c7e6d124b6e4,001461,sub-770966/sub-770966_ses-multiplane-ophys-770966-2025-04-30-14-46-30_ophys.nwb,148,331,30155,3.9375,18,10.44921875,128,1800291964,1900.0,25.0,1
3ab433f7-3720-4882-ae80-bb2262f94b43,000951,sub-LC22-fly20/sub-LC22-fly20_ses-(-LC22-fly20-211103-1414--).nwb,18,33,433,3.8461538461538463,13,13.822485207100591,13,187360,420.0,160.0,0
3ababc51-d849-463c-baa1-29811cf921ff,000773,sub-ant1-m1-d20-y2023/sub-ant1-m1-d20-y2023_ses-m1-d20-y2023-ant1-0-48x-3-hexanone-40-t138-z90um_ophys.nwb,22,48,624,4.176470588235294,13,14.615916955017303,17,84086336,600.0,160.0,0
3abc6238-aa60-449b-b4d9-9a79b9eb3a4c,001169,sub-S055/sub-S055_ses-RWTautowait2-20230331-133411.nwb,32,118,3087,5.518518518518518,32,48.32373113854595,27,1050704,80.0,25.0,1
3abe01b9-1d61-4fbf-8654-e08ec6da1c8c,001169,sub-S028/sub-S028_ses-RWTautowait2-20210709-103826.nwb,32,116,2974,5.444444444444445,31,46.46913580246915,27,1226535,60.0,25.0,1
3ac1a837-c0b0-44f5-bb52-461b13ff50ae,000988,sub-145809voltron1-JF608-cell4-vsteps-run2/sub-145809voltron1-JF608-cell4-vsteps-run2_ses-20230316T145809_image.nwb,38,59,854,4.0,13,14.0,24,1232967826,600.0,25.0,1
3ac2f422-b4c1-47f8-a426-ed0980584894,000971,sub-430-420/sub-430-420_ses-Opto-DMS-Inhibitory-NpHR-2020-11-09T11-01-14_behavior+ogen.nwb,30,56,731,3.3461538461538463,14,13.687869822485206,26,247040,60.0,25.0,1
3ac8a3e3-e735-48ea-8c4b-39e4ffd8279a,001038,sub-Calb-C003/sub-Calb-C003_ses-20220913-0003.nwb,54,117,2524,4.095238095238095,16,13.990929705215418,42,26902261,160.0,25.0,1
3acabf0d-e6a5-467b-af20-2077a44198ac,001169,sub-S036/sub-S036_ses-RWTautowait2-20220809-155059.nwb,32,117,3004,5.481481481481482,31,46.397805212620035,27,1119643,80.0,25.0,1
3acaec1c-7bbe-4ea3-82f5-b72f68a20171,001455,sub-938461799/sub-938461799_ses-941635174_icephys.nwb,206,799,153998,5.699507389162561,76,61.254531777039,203,25574476,420.0,25.0,1
3ad32a4e-6842-46f2-b387-3cc82fa87fe4,001865,sub-23331/sub-23331_ses-23331-11-1_behavior+ophys.nwb,43,87,1458,3.473684210526316,13,10.038781163434905,38,15495170,120.0,25.0,1
3ad6392c-62d1-4dd8-9f51-7912655e675f,001776,sub-M15G/sub-M15G_ses-20220419T154408_icephys.nwb,152,480,66197,5.2727272727272725,61,46.35219326128417,143,25397313,740.0,25.0,1
3ae7e027-f42d-41ee-a3e8-0c3f23881577,001541,sub-003/sub-003_ses-20240822_obj-mu4xn2_image.nwb,19,40,420,3.8666666666666667,13,12.382222222222222,15,370575466,80.0,25.0,1
3aedb026-c31f-4273-b76d-bbb16e9b8b26,001169,sub-G069/sub-G069_ses-RWTautowait2-20220928-151500.nwb,32,117,3004,5.481481481481482,31,46.397805212620035,27,892554,80.0,25.0,1
3af35e26-efdf-42fe-a9a0-6aed81579e5d,000020,sub-639391267/sub-639391267_ses-640006181_icephys.nwb,94,341,19549,5.3076923076923075,33,25.15807269653423,91,12901269,18300.0,460.0,0
3af4f9ef-270a-4ed8-9717-ae365fc47e36,000713,sub-531237/sub-531237_ses-20201001T092215_image.nwb,48,114,2391,3.6818181818181817,23,23.762396694214885,44,187980740,440.0,25.0,1
3af9e06b-064a-497f-9555-bf43287e24c8,001832,sub-m24125011/sub-m24125011_ses-20240128T032918_icephys.nwb,39,113,2898,4.685714285714286,13,9.644081632653062,35,3147504,160.0,25.0,1
3afaea8d-0115-47c5-82a1-e1b4a9e3ef32,001074,sub-ZS57ZS11-251001-wells101/sub-ZS57ZS11-251001-wells101_ses-ch0-means-movie-nobg-cnmf-mr-raw_ophys.nwb,29,51,766,3.5217391304347827,13,10.162570888468805,23,4609501002,640.0,25.0,1
3afd221d-037f-40ca-8204-ffc15466efea,000773,sub-ant1-m4-d6-y2023/sub-ant1-m4-d6-y2023_ses-m4-d6-y2023-ant1-0-48x-4-methyl-3-heptanol-40-t132-z45um_ophys.nwb,22,48,624,4.176470588235294,13,14.615916955017303,17,84086336,600.0,160.0,0
3affb85e-ce72-4099-b4d4-a00caf5f2405,000707,sub-Temp-pref-F26-B18-5dpf-26-unsorted-nac-#2024-7-17/sub-Temp-pref-F26-B18-5dpf-26-unsorted-nac-#2024-7-17_ses-20240717T161600_behavior.nwb,33,53,613,3.0357142857142856,13,8.391581632653063,28,9679472,120.0,25.0,1
3b0e0f33-5871-426a-aa7a-df017b67348d,000020,sub-985736238/sub-985736238_ses-992440575_icephys.nwb,157,634,84148,5.837662337662338,54,49.395724405464655,154,32370226,30060.0,340.0,0
3b1cc8ea-9172-4cc8-9c60-1ac0b3cc7dab,001621,sub-b433-5/sub-b433-5_ses-Sciatic 1H9 2_ophys.nwb,22,43,523,3.8823529411764706,13,12.221453287197232,17,19217347,80.0,25.0,1
3b2165e2-0482-4b98-9fc3-a07e8ef1a938,000773,sub-ant5-m4-d6-y2023/sub-ant5-m4-d6-y2023_ses-m4-d6-y2023-ant5-0-48x-3-hexanone-40-t193-z85um_ophys.nwb,22,48,624,4.176470588235294,13,14.615916955017303,17,84086336,580.0,160.0,0
3b228ddc-00d9-4a89-b713-135895e62bc9,000773,sub-ant1-m1-d11-y2023/sub-ant1-m1-d11-y2023_ses-m1-d11-y2023-ant1-0-03x-4-methyl-3-heptanol-40-t127-z155um_ophys.nwb,22,48,624,4.176470588235294,13,14.615916955017303,17,84086336,660.0,180.0,0
3b2c10db-ea41-44bf-b7d1-67f8850e59c8,000959,sub-T/sub-T_ses-20220610_obj-168xd2r_behavior.nwb,29,116,3192,5.76,13,16.1824,25,9982256,260.0,60.0,0
3b2cd81a-86e8-4d06-85a1-2f68984ccbf7,000467,sub-ant3-m10-d6-y2022/sub-ant3-m10-d6-y2022_ses-m10-d6-y2022-ant3-0-48x-isopropanol-40-t175-z130um_ophys.nwb,22,48,624,4.176470588235294,13,14.615916955017303,17,84086336,660.0,180.0,0
3b2d8cba-2cb1-4ee7-8aec-bba6b42bc1db,000711,sub-412036/sub-412036_ses-20181214T123749_image+ophys.nwb,73,206,8709,4.205882352941177,24,27.163494809688576,68,364535687,1340.0,60.0,0
3b32dda5-91d2-40ea-93a8-4db2434070ca,000467,sub-ant1-m10-d11-y2022/sub-ant1-m10-d11-y2022_ses-m10-d11-y2022-ant1-0-48x-3-hexanone-40-t139-z30um_ophys.nwb,22,48,624,4.176470588235294,13,14.615916955017303,17,84086336,700.0,180.0,0
3b330997-9dbe-417f-907e-8c5eba581eb4,000020,sub-755664397/sub-755664397_ses-757120688_icephys.nwb,140,577,64243,5.905109489051095,46,43.31216367414354,137,28720640,25700.0,380.0,0
3b352b8a-dcf3-46e4-a8d1-829f1af4f12e,001169,sub-L030/sub-L030_ses-RWTautowait2-20230331-100833.nwb,32,118,3087,5.518518518518518,32,48.32373113854595,27,1143769,80.0,25.0,1
3b39fcb8-8e3f-445e-93c5-292fc95741bf,001333,sub-parkinson-simulated-beta/sub-parkinson-simulated-beta_ses-298_ecephys.nwb,27,44,543,3.3636363636363638,13,11.59504132231405,22,225936,100.0,60.0,0
3b3a8d3b-a211-405a-9648-215f8abc3f9b,001611,sub-26303/sub-26303_ses-20250319T200303_ecephys.nwb,25,52,649,4.105263157894737,13,13.988919667590027,19,15486280,60.0,25.0,1
3b3aec08-00f7-40e7-8053-6a5cab318a5b,001841,sub-subject-ID-ST574/sub-subject-ID-ST574_ses-20210519T115947_icephys.nwb,509,1492,783058,4.918811881188119,240,220.1696461131262,505,16064912,640.0,25.0,1
3b3db278-0ab8-4691-a5a9-acf432968d2a,000467,sub-ant2-m4-d21-y2022/sub-ant2-m4-d21-y2022_ses-m4-d21-y2022-ant2-0-12x-6-methyl-5-hepten-2-one-40-t166-z140um_ophys.nwb,22,48,624,4.176470588235294,13,14.615916955017303,17,84086336,620.0,160.0,0
3b4265f2-5087-4c6a-9aa1-ce9deec3ed28,001550,sub-P189/sub-P189_ses-TaskSwitch6-210422a.nwb,33,110,2570,4.896551724137931,38,49.74791914387635,29,895272,60.0,25.0,1
3b42f2a3-aeb9-4726-b100-c18491ae185a,000336,sub-656228/sub-656228_ses-1246372987-acq-1246487567_ophys.nwb,76,410,48355,7.0285714285714285,30,52.82775510204082,70,97924157,1680.0,25.0,1
3b4bed27-a77c-4f01-aecf-68da178dcaab,001051,sub-608671/sub-608671_ses-None_probe-31_ecephys.nwb,36,62,1087,3.3,14,12.343333333333334,30,3017962888,1360.0,25.0,1
3b4c5576-c716-40d5-98fb-9d05dbe2f0ca,001526,sub-CHO-20250506-c5/sub-CHO-20250506-c5_ses-session-2025-05-06_obj-1j2grjc_image.nwb,17,38,431,4.153846153846154,13,13.668639053254442,13,34972849,80.0,25.0,1
3b53d1f3-3817-476a-8e42-c13d144edd99,001871,sub-20241230-smoke-2a-vial3-vflipFals-old-opto-26501545/sub-20241230-smoke-2a-vial3-vflipFals-old-opto-26501545_ses-20241230-smoke-2a-vial3-vflipFals-old-opto-26501545_behavior.nwb,781,1640,3507924,3.1145431145431144,684,604.9070857951164,777,14015752,25.0,25.0,1
3b59a7cf-c7f6-4968-92ee-43cd1a1812aa,001169,sub-G054/sub-G054_ses-RWTautowait2-20220224-115738.nwb,32,117,3004,5.481481481481482,31,46.397805212620035,27,1164016,100.0,25.0,1
3b605bfc-0091-48d8-9e3f-d2bd344d1b5f,000711,sub-479426/sub-479426_ses-20191011T083721_image.nwb,50,156,5473,4.478260869565218,24,34.72778827977316,46,196203156,280.0,25.0,1
3b6b53db-9867-4e43-9f19-0578fce02e36,001169,sub-L012/sub-L012_ses-RWTautowait2-20230111-095901.nwb,32,118,3087,5.518518518518518,32,48.32373113854595,27,1107074,80.0,25.0,1
3b781a39-852a-4ae7-8897-46b92e77e5c4,001474,sub-MPK119/sub-MPK119_ses-20240131T120000.nwb,21,45,466,3.823529411764706,13,11.321799307958477,17,7531816,80.0,25.0,1
3b786639-928f-4495-af1e-f4919e888480,001550,sub-P078/sub-P078_ses-TaskSwitch4-170706a.nwb,35,112,2625,4.709677419354839,38,47.36732570239335,31,1333631,60.0,25.0,1
3b957f19-92ac-45c3-a0dc-4546153774fe,001550,sub-P124/sub-P124_ses-TaskSwitch4double-190417b.nwb,33,112,2724,4.9655172413793105,40,54.44708680142688,29,1220744,80.0,25.0,1
3b9cd036-531e-4e55-8ecf-b1d113a077a8,000773,sub-ant1-m1-d17-y2023/sub-ant1-m1-d17-y2023_ses-m1-d17-y2023-ant1-1x-paraffin-oil-40-t122-z130um_ophys.nwb,22,48,624,4.176470588235294,13,14.615916955017303,17,84086336,620.0,160.0,0
3b9e3769-9cc6-4d9e-bb2f-6f0b98bbc9d9,001205,sub-15566814253778155746/sub-15566814253778155746_ses-20230728T112938_ophys.nwb,27,41,539,4.0588235294117645,13,14.878892733564015,17,223823367,200.0,25.0,1
3baba43e-94e7-47ec-85aa-86d158c5515c,001550,sub-P130/sub-P130_ses-TaskSwitch4-190513a.nwb,35,112,2625,4.709677419354839,38,47.36732570239335,31,1626981,80.0,25.0,1
3bac7107-e1da-4dd8-a1df-6dfa5559910d,000713,sub-536213/sub-536213_ses-20200916T122149_image.nwb,48,118,2609,3.772727272727273,25,26.584710743801654,44,67958917,500.0,25.0,1
3bae263a-ebdc-4941-9c57-21822594b7dc,000713,sub-578257/sub-578257_ses-20210618T133820_image.nwb,48,118,2609,3.772727272727273,25,26.584710743801654,44,51463317,120.0,25.0,1
3baf2a89-88bf-412a-8f4b-2c140351735e,001623,sub-20240626-15-08-33/sub-20240626-15-08-33_ses-20240626T150833.nwb,35,99,4586,4.6,16,13.24,30,3150369256,1180.0,25.0,1
3bb46966-5a03-4025-a57c-6272281c6af3,000467,sub-ant3-m10-d11-y2022/sub-ant3-m10-d11-y2022_ses-m10-d11-y2022-ant3-0-48x-3-hexanone-40-t182-z160um_ophys.nwb,22,48,624,4.176470588235294,13,14.615916955017303,17,84086336,660.0,180.0,0
3bba7609-58f5-415f-832c-7fb735a07acb,000469,sub-18/sub-18_ses-2_ecephys+image.nwb,115,93,4297,3.803030303030303,44,64.73393021120292,66,365508952,720.0,220.0,0
3bbb1983-55e3-49cb-98e9-f70331d49e86,001832,sub-test-animal01-slice04-roi01/sub-test-animal01-slice04-roi01_ses-MB++AChFP++pan++PD++none++WT++20250423205023_ophys.nwb,41,92,1470,4.088235294117647,13,11.609861591695504,34,9389062,60.0,25.0,1
3bbff63e-4958-4034-bdde-f4248ef839cc,000971,sub-439-424/sub-439-424_ses-Opto-DMS-Inhibitory-NpHRScrambled-2020-11-10T10-48-12_ogen.nwb,30,56,729,3.3461538461538463,14,13.84171597633136,26,243352,60.0,25.0,1
3bc01caa-e70e-440e-8ff1-95b61b62644c,000971,sub-114-273/sub-114-273_ses-FP-PS-2019-06-17T13-03-47_behavior.nwb,26,52,651,3.5,13,13.886363636363637,22,236016,80.0,40.0,0
3bc560b8-9d2a-4a50-9f3f-e3c87b1ea044,000467,sub-ant3-m4-d26-y2022/sub-ant3-m4-d26-y2022_ses-m4-d26-y2022-ant3-0-03x-4-methyl-3-hexanol-40-t202-z45um_ophys.nwb,22,48,624,4.176470588235294,13,14.615916955017303,17,84086336,560.0,140.0,0
3bcb0c09-d9c5-4dc7-9094-3d730565d909,001847,sub-PB173/sub-PB173_ses-PB173-20240314-093012_behavior.nwb,31,114,2874,5.333333333333333,34,49.85185185185184,27,611064,25.0,25.0,1
3bd2f1c9-040a-46a1-90f1-3f5fce9cf5dc,001414,sub-25ms-PF1/sub-25ms-PF1_ses-20250115-1-bPAC-KX-LED25ms-rec1_ophys.nwb,27,45,590,4.294117647058823,13,16.913494809688583,17,634393027,720.0,25.0,1
3bd88422-0cd9-462e-8cd2-63873bd6e6f0,000467,sub-ant2-m4-d27-y2022/sub-ant2-m4-d27-y2022_ses-m4-d27-y2022-ant2-0-12x-4-methyl-3-heptanone-40-t187-z120um_ophys.nwb,22,48,624,4.176470588235294,13,14.615916955017303,17,84086336,480.0,120.0,0
3bdbda01-6537-406d-ada2-90fdc1a7f8c5,000728,sub-573625485/sub-573625485_ses-587071892-StimB_ophys.nwb,23,48,605,4.055555555555555,13,13.163580246913579,18,39373511985,13840.0,25.0,1
3be49520-2de7-4e5b-a828-a08471d6beef,001550,sub-P102/sub-P102_ses-TaskSwitch4-180407a.nwb,35,112,2625,4.709677419354839,38,47.36732570239335,31,1747144,120.0,25.0,1
3be73893-d864-4df6-9ea9-9070d2ce57bc,000891,sub-nm190910/sub-nm190910_ses-nm190910-01002_image.nwb,36,62,838,3.88,13,15.225600000000002,25,381886785,1140.0,160.0,0
3be91e46-037f-4f69-b5cf-fbd482cb459a,001455,sub-812985816/sub-812985816_ses-827903466_icephys.nwb,285,1148,305733,5.826241134751773,105,90.88824757305973,282,63032918,1140.0,25.0,1
3bfa5067-1481-4140-8fb4-5ed78fa2ac72,001550,sub-P123/sub-P123_ses-TaskSwitch4-180917a.nwb,35,112,2625,4.709677419354839,38,47.36732570239335,31,1262187,120.0,25.0,1
3c039be0-69d8-4fce-b04d-c8a43918f3f1,001517,sub-CHO-20250122-c5/sub-CHO-20250122-c5_obj-1imob1e_image.nwb,17,38,431,4.153846153846154,13,13.668639053254442,13,36575385,80.0,25.0,1
3c041459-bcad-439a-b352-ef566aa4194e,001550,sub-P150/sub-P150_ses-TaskSwitch4-180917a.nwb,35,112,2625,4.709677419354839,38,47.36732570239335,31,1524975,100.0,25.0,1
3c16ec0e-6802-4897-81be-6e67ee1f9b6c,001258,sub-BSD019/sub-BSD019_ses-p139.nwb,36,74,1456,5.190476190476191,21,27.011337868480723,21,4001944,140.0,25.0,1
3c17e2de-c26f-4e66-9182-418608831378,000711,sub-523922/sub-523922_ses-20200915T093158_obj-1q10jnn_image+ophys.nwb,78,229,9548,4.342465753424658,24,25.896415837868265,73,251332457,460.0,25.0,1
3c18f3ed-7f11-4c4c-b822-b91712704896,001169,sub-L022/sub-L022_ses-RWTautowait2-20230313-094555.nwb,32,118,3087,5.518518518518518,32,48.32373113854595,27,893417,60.0,25.0,1
3c23b999-66ac-4553-9a5f-b09fe97e0189,000467,sub-ant2-m4-d20-y2022/sub-ant2-m4-d20-y2022_ses-m4-d20-y2022-ant2-0-03x-4-methyl-3-hexanol-40-t130-z50um_ophys.nwb,22,48,624,4.176470588235294,13,14.615916955017303,17,84086336,640.0,160.0,0
3c263a2e-9f79-418b-bdbd-073ebbf575ab,001636,sub-Venus/sub-Venus_ses-Venus++v5107++PostMPTP++Depth20040um++20000217_behavior+ecephys.nwb,60,186,6636,5.297872340425532,19,28.294250792213678,47,55025552,940.0,120.0,0
3c2c5563-5873-4547-ad97-92549f96eaee,001169,sub-G021/sub-G021_ses-RWTautowait2-20201218-095300.nwb,32,117,3004,5.481481481481482,31,46.397805212620035,27,963355,60.0,25.0,1
3c3453a7-3248-4e07-9a31-5314d37fef85,001038,sub-VGlut-A997/sub-VGlut-A997_ses-20200201-0003.nwb,48,101,2005,4.054054054054054,16,13.834915997078161,37,22027548,120.0,25.0,1
3c348cd6-dcfe-4561-a1a6-1a2a92237725,000711,sub-484631/sub-484631_ses-20191206T141346_obj-gbhtkb_image+ophys.nwb,75,225,9298,4.428571428571429,24,26.73061224489796,70,467820458,660.0,25.0,1
3c36280c-6390-4eb0-b179-ab089f125853,000773,sub-ant2-m1-d20-y2023/sub-ant2-m1-d20-y2023_ses-m1-d20-y2023-ant2-1x-paraffin-oil-40-t146-z100um_ophys.nwb,22,48,624,4.176470588235294,13,14.615916955017303,17,84086336,600.0,160.0,0
3c3c995b-a2b5-4626-8806-a971bdece4b1,000773,sub-ant2-m2-d24-y2023/sub-ant2-m2-d24-y2023_ses-m2-d24-y2023-ant2-0-48x-propionic-acid-40-t164-z65um_ophys.nwb,22,48,624,4.176470588235294,13,14.615916955017303,17,84086336,580.0,160.0,0
3c3f6191-3545-4fbd-9859-a89c2c3a175c,000711,sub-440631/sub-440631_ses-20190411T094649_obj-nu87k4_image+ophys.nwb,78,229,9548,4.342465753424658,24,25.896415837868265,73,248821305,800.0,25.0,1
3c44e4d4-f616-4b94-a5cb-09fbbec1e244,000773,sub-ant5-m4-d6-y2023/sub-ant5-m4-d6-y2023_ses-m4-d6-y2023-ant5-0-48x-4-methyl-3-heptanone-40-t192-z20um_ophys.nwb,22,48,624,4.176470588235294,13,14.615916955017303,17,84086336,580.0,140.0,0
3c4e18d5-f392-4c43-af7e-76d28d412a7b,001634,sub-Frodo/sub-Frodo_ses-5_obj-c4qm68_ecephys.nwb,253,72,23250,3.0689655172413794,36,24.478002378121293,116,1253153,80.0,25.0,1
3c4e96b7-c3fb-49c9-a133-4933c56065a1,001169,sub-G045/sub-G045_ses-RWTautowait2-20210901-134213.nwb,32,117,3004,5.481481481481482,31,46.397805212620035,27,1411285,60.0,25.0,1
3c53d139-ab58-4d86-8efe-c7c3fe1d0eaa,000773,sub-ant2-m2-d24-y2023/sub-ant2-m2-d24-y2023_ses-m2-d24-y2023-ant2-0-48x-propionic-acid-40-t150-z45um_ophys.nwb,22,48,624,4.176470588235294,13,14.615916955017303,17,84086336,600.0,160.0,0
3c562ddb-c86e-4f8b-bcf5-7810d8be5fc5,000467,sub-ant3-m4-d26-y2022/sub-ant3-m4-d26-y2022_ses-m4-d26-y2022-ant3-0-03x-4-methyl-3-heptanone-40-t210-z100um_ophys.nwb,22,48,624,4.176470588235294,13,14.615916955017303,17,84086336,560.0,140.0,0
3c5c25bf-a150-46a7-8305-913cd9a1f136,000020,sub-760005680/sub-760005680_ses-763385920_icephys.nwb,189,763,119984,5.817204301075269,65,54.9880911087987,186,24900994,28820.0,360.0,0
3c5ebfcb-95da-4ca7-bf04-2fdef8b50664,001032,sub-5-1/sub-5-1_ses-2kHz-spindle-stimulation-8V_image.nwb,17,38,431,4.153846153846154,13,13.668639053254442,13,716408,80.0,25.0,1
3c612722-8306-43f9-92c4-75cac8588a02,001169,sub-S017/sub-S017_ses-RWTautowait2-20210204-100704.nwb,32,116,2974,5.444444444444445,31,46.46913580246915,27,1119097,60.0,25.0,1
3c6d6c28-d7fd-4f99-810b-f66f0f28d1bc,001692,sub-AD1/sub-AD1_ses-240507_ophys.nwb,63,106,3045,4.365853658536586,18,14.963712076145148,41,14832100716,2200.0,25.0,1
3c771535-f92f-4106-84e0-f13bd6bb2c17,000020,sub-833280518/sub-833280518_ses-837095857_icephys.nwb,172,701,96875,5.840236686390533,57,51.27033367179021,169,26510230,30520.0,360.0,0
3c788636-b57f-4945-b52d-0d35eb2f6307,000773,sub-ant3-m1-d10-y2023/sub-ant3-m1-d10-y2023_ses-m1-d10-y2023-ant3-0-48x-isopropanol-40-t140-z140um_ophys.nwb,22,48,624,4.176470588235294,13,14.615916955017303,17,84086336,640.0,160.0,0
3c78aeb8-a15a-4390-a8ff-d0e73949ca50,001337,sub-240919-Fish85-GCaMP-HB-6dpf-FlowExperiment-warner-temp-stim-Z-11-0/sub-240919-Fish85-GCaMP-HB-6dpf-FlowExperiment-warner-temp-stim-Z-11-0_ses-20241206T122053_ophys.nwb,34,56,809,3.064516129032258,13,8.4474505723205,31,100483469,220.0,25.0,1
3c7bb751-c077-420a-90f4-3323f28efc78,001550,sub-P135/sub-P135_ses-ProAnti3Marino-170825a.nwb,33,92,1544,4.275862068965517,20,19.44114149821641,29,1197104,25.0,25.0,1
3c810668-cc93-4208-8d88-51a72c8d199e,000773,sub-ant1-m4-d6-y2023/sub-ant1-m4-d6-y2023_ses-m4-d6-y2023-ant1-0-48x-4-methyl-3-heptanol-40-t132-z100um_ophys.nwb,22,48,624,4.176470588235294,13,14.615916955017303,17,84086336,580.0,160.0,0
3c82ca73-7147-4a09-a1f1-4f673e49b570,001357,sub-Z11111/sub-Z11111_ses-20210628SL_ecephys.nwb,24,62,687,4.777777777777778,13,18.839506172839506,18,2086336,1080.0,180.0,0
3c8382e6-7820-4e94-aa69-b505c8bafc8c,000971,sub-88-239/sub-88-239_ses-FP-DPR-2019-03-08T11-14-27_behavior.nwb,26,52,651,3.5,13,13.886363636363637,22,236678,500.0,160.0,0
3c88f262-63d3-45df-93d9-37dec36609d6,000628,sub-An/sub-An_ses-20220111T175615_behavior.nwb,1017,3013,8857073,4.000993048659384,992,970.6087378420567,1007,51273259,7620.0,160.0,0
3c8a6405-fa8f-4aa0-8979-0c7ad13bcad4,001611,sub-25897/sub-25897_ses-20241024T131944_ecephys.nwb,25,52,649,4.105263157894737,13,13.988919667590027,19,13075384,140.0,25.0,1
3c9ffae9-a5f3-4ddf-b4f8-d2df3cef9c67,001550,sub-P124/sub-P124_ses-TaskSwitch4-180316a.nwb,35,112,2625,4.709677419354839,38,47.36732570239335,31,1183074,80.0,25.0,1
3ca95ca4-48ab-4d38-a402-36c94768cfbb,001550,sub-P007/sub-P007_ses-TaskSwitch4-160901a.nwb,33,110,2570,4.896551724137931,38,49.74791914387635,29,1424991,80.0,25.0,1
3cac3e87-f630-422a-aeb7-0ae0d573b1f4,000773,sub-ant3-m1-d17-y2023/sub-ant3-m1-d17-y2023_ses-m1-d17-y2023-ant3-0-03x-3-hexanone-40-t205-z30um_ophys.nwb,22,48,624,4.176470588235294,13,14.615916955017303,17,84086336,620.0,160.0,0
3cade8bb-c0f9-43c9-b25e-b56d52a8fe1f,001517,sub-CHO-20250228-c1/sub-CHO-20250228-c1_obj-1ofpf0v_image.nwb,17,38,431,4.153846153846154,13,13.668639053254442,13,34395690,80.0,25.0,1
3cb21040-2ce1-431c-a501-ef406c712dd4,000713,sub-550324/sub-550324_ses-20210211T104847_image.nwb,48,114,2391,3.6818181818181817,23,23.762396694214885,44,188059805,260.0,25.0,1
3cb302b5-2944-4161-8c45-63a9f01771a6,001169,sub-S020/sub-S020_ses-RWTautowait2-20210618-122035.nwb,32,116,2974,5.444444444444445,31,46.46913580246915,27,1396404,80.0,25.0,1
3cb56745-153a-4be3-bce8-26af587b76ec,000971,sub-342-483/sub-342-483_ses-Opto-DMS-Inhibitory-NpHR-2021-10-19T12-54-18_ogen.nwb,30,56,729,3.3461538461538463,14,13.84171597633136,26,246728,60.0,25.0,1
3cb5d8d5-d748-4d9d-ab14-c5090c481420,000773,sub-ant3-m2-d24-y2023/sub-ant3-m2-d24-y2023_ses-m2-d24-y2023-ant3-0-48x-4-methyl-3-heptanol-40-t179-z5um_ophys.nwb,22,48,624,4.176470588235294,13,14.615916955017303,17,84086336,600.0,160.0,0
3cc022ed-e0ce-4e43-a640-e69453f8e54b,000226,sub-KSm8/sub-KSm8_ses-20160604T120000_behavior.nwb,3015,6007,36834145,2.9960146130853538,213,206.1587353621246,3011,65955361,4520.0,60.0,0
3cc05ae1-dce8-4c48-b3fe-171124ffa51b,000239,sub-MX181301/sub-MX181301_ses-20190127T131932.nwb,18,63,1228,6.153846153846154,29,58.13017751479289,13,342454,100.0,60.0,0
3cdc44b2-4910-4fc4-aad1-dc75b75f332c,000467,sub-ant1-m4-d21-y2022/sub-ant1-m4-d21-y2022_ses-m4-d21-y2022-ant1-0-48x-6-methyl-5-hepten-2-one-40-t142-z140um_ophys.nwb,22,48,624,4.176470588235294,13,14.615916955017303,17,84086336,660.0,180.0,0
3cdd04f6-f1d2-4de8-8e05-d8608f842f3e,001634,sub-Frodo/sub-Frodo_ses-4_obj-167l617_ecephys.nwb,254,72,23975,3.1043478260869564,38,25.849981096408317,115,979720,60.0,25.0,1
3cebb1b2-429b-48e7-a432-b5f29d3fddaf,000467,sub-ant2-m10-d11-y2022/sub-ant2-m10-d11-y2022_ses-m10-d11-y2022-ant2-0-48x-3-hexanone-40-t164-z35um_ophys.nwb,22,48,624,4.176470588235294,13,14.615916955017303,17,84086336,680.0,180.0,0
3ced1407-b292-4504-8fd7-d15ec8b05c8a,001465,sub-1386440230/sub-1386440230_ses-1386619326_icephys.nwb,211,829,159958,5.730769230769231,76,61.66789940828404,208,57038465,1520.0,80.0,0
3cfc7afe-a850-4f17-b09e-bc06f6676ad8,000408,sub-RuOx/sub-RuOx_obj-ylibh7_ecephys.nwb,22,45,579,3.9411764705882355,13,12.643598615916957,17,195196,540.0,200.0,0
3cff4897-713c-4c9b-a82a-5fa37e497b96,000467,sub-ant1-m4-d21-y2022/sub-ant1-m4-d21-y2022_ses-m4-d21-y2022-ant1-0-48x-6-methyl-5-hepten-2-one-40-t147-z160um_ophys.nwb,22,48,624,4.176470588235294,13,14.615916955017303,17,84086336,660.0,180.0,0
3d004503-c9b8-4b64-ab68-c1b50b7df6ca,001550,sub-P101/sub-P101_ses-TaskSwitch4-180829a.nwb,35,112,2625,4.709677419354839,38,47.36732570239335,31,1349905,120.0,25.0,1
3d0812c1-839c-4a54-b6f4-da21284fe0d5,001550,sub-P013/sub-P013_ses-TaskSwitch4-161105a.nwb,33,110,2570,4.896551724137931,38,49.74791914387635,29,2368346,100.0,25.0,1
3d0952dd-3b0b-4ea2-9bca-5ecef0b19af6,001855,sub-1295011705/sub-1295011705_ses-1295045151_icephys.nwb,209,779,135447,5.514563106796117,74,62.02648694504666,206,76113272,860.0,25.0,1
3d12ebd5-20c4-4fb1-ba4e-ea8180d15e28,001550,sub-P074/sub-P074_ses-TaskSwitch4-160824a.nwb,35,112,2625,4.709677419354839,38,47.36732570239335,31,1207125,120.0,25.0,1
3d13c63f-c8e8-499a-8ada-6c3517f37b49,001865,sub-27411/sub-27411_ses-27411-3-3_behavior+ophys.nwb,49,104,2331,3.6511627906976742,13,9.436452136289887,43,18817446,120.0,25.0,1
3d15f9fb-4522-4082-99c2-e8b890c88d6c,001550,sub-P187/sub-P187_ses-TaskSwitch6-190919a.nwb,33,110,2570,4.896551724137931,38,49.74791914387635,29,1037168,80.0,25.0,1
3d21995f-7f6a-462a-b014-f1630acd7dc8,001607,sub-Frodo/sub-Frodo_ses-5_obj-lysbf1_ecephys.nwb,253,68,23206,3.0344827586206895,36,24.274673008323433,116,942335,40.0,25.0,1
3d294173-eff7-4072-b8eb-5101bf0d2a86,000467,sub-ant3-m4-d21-y2022/sub-ant3-m4-d21-y2022_ses-m4-d21-y2022-ant3-0-48x-4-methyl-3-heptanone-40-t166-z130um_ophys.nwb,22,48,624,4.176470588235294,13,14.615916955017303,17,84086336,640.0,160.0,0
3d350830-1244-45fc-8c61-c3e5ef078e70,000617,sub-703100/sub-703100_ses-1326196206-acq-1326305870-raw-movies_ophys.nwb,60,167,5466,4.277777777777778,17,22.12654320987654,54,23944251595,8740.0,25.0,1
3d35ecb2-a5fe-4385-9009-d51617fafeb5,001273,sub-4-20240119/sub-4-20240119_obj-1opggfi_image.nwb,17,38,431,4.153846153846154,13,13.668639053254442,13,58561482,100.0,25.0,1
3d383230-0250-4d65-b8fa-ea9ab72421df,001169,sub-J038/sub-J038_ses-RWTautowait2-20220422-102452.nwb,32,117,3004,5.481481481481482,31,46.397805212620035,27,1127063,60.0,25.0,1
3d47efe9-5dc3-4c5e-8764-9801c0d5b2c2,001258,sub-BSD015/sub-BSD015_ses-p105.nwb,36,74,1456,5.190476190476191,21,27.011337868480723,21,3625952,2440.0,280.0,0
3d4a9f9c-2160-498a-894b-0548a3c4e10c,000341,"In_vivo/sub-1707061rm/sub-1707061rm_ses-1707061rm-2-5,8-1_icephys.nwb",629,2467,2030937,5.934294871794871,404,318.7504905284353,624,3169639160,5820.0,25.0,1
3d4ad5ba-4d67-4a72-90be-6179dbf98891,001767,sub-WT64/sub-WT64_ses-20211110_behavior.nwb,73,123,4677,3.5454545454545454,20,13.447933884297518,55,5053624,240.0,25.0,1
3d5cde3a-4bff-436d-8cb0-2f3c8cda1c31,000769,sub-1250755141/sub-1250755141_ses-1252300019_icephys.nwb,141,508,50938,5.340579710144928,44,38.96371560596513,138,33845493,10780.0,160.0,0
3d620cb5-060b-4f58-b312-cf5506dbf3f0,000776,sub-2022-07-20-01-SWF702/sub-2022-07-20-01-SWF702_ses-20220720_behavior+image+ophys.nwb,65,114,3317,3.3859649122807016,13,9.570329332102183,57,26465047468,13900.0,160.0,0
3d64250a-9b59-4019-94d3-de5316fc0dd7,000773,sub-ant5-m1-d10-y2023/sub-ant5-m1-d10-y2023_ses-m1-d10-y2023-ant5-0-48x-3-hexanone-40-t172-z135um_ophys.nwb,22,48,624,4.176470588235294,13,14.615916955017303,17,84086336,620.0,160.0,0
3d68cd0f-cf2a-4c27-b4f4-94cb6a48d7c1,000773,sub-ant4-m1-d10-y2023/sub-ant4-m1-d10-y2023_ses-m1-d10-y2023-ant4-0-48x-isopropanol-40-t150-z35um_ophys.nwb,22,48,624,4.176470588235294,13,14.615916955017303,17,84086336,620.0,160.0,0
3d72a7d4-a8d7-47ec-aeff-b95242a64a38,001169,sub-S044/sub-S044_ses-RWTautowait2-20221130-115315.nwb,32,118,3087,5.518518518518518,32,48.32373113854595,27,1309933,80.0,25.0,1
3d7ac637-0f4e-4315-b270-8f6c36e265d6,000713,sub-570299/sub-570299_ses-20210518T105353_image.nwb,48,115,2402,3.7045454545454546,23,23.889979338842977,44,191403680,200.0,25.0,1
3d7cd9a9-4db1-45ec-88e9-4e7ff0071314,000336,sub-661749/sub-661749_ses-1252346608-acq-1252421559-raw-movies_ophys.nwb,68,260,14699,5.403225806451613,30,41.30515088449531,62,19941256829,1620.0,25.0,1
3d8393b8-0b21-489d-98eb-66e69c4c143c,001683,sub-BH645/sub-BH645_ses-20250114T174451_ecephys.nwb,28,52,725,4.2105263157894735,13,17.534626038781166,19,625411016,320.0,25.0,1
3d8fa268-7b63-47b5-9b98-32820a8df609,000773,sub-ant4-m4-d6-y2023/sub-ant4-m4-d6-y2023_ses-m4-d6-y2023-ant4-0-48x-4-methyl-3-heptanone-40-t151-z65um_ophys.nwb,22,48,624,4.176470588235294,13,14.615916955017303,17,84086336,600.0,160.0,0
3d9f76f0-db51-42cd-b027-0505db406f15,001550,sub-P131/sub-P131_ses-TaskSwitch4-171219a.nwb,35,112,2625,4.709677419354839,38,47.36732570239335,31,1211386,140.0,25.0,1
3da24f9a-0df4-4b7b-93ef-18b2b53b6310,000467,sub-ant2-m10-d11-y2022/sub-ant2-m10-d11-y2022_ses-m10-d11-y2022-ant2-0-48x-3-hexanone-40-t164-z15um_ophys.nwb,22,48,624,4.176470588235294,13,14.615916955017303,17,84086336,680.0,180.0,0
3da782de-c58e-4991-9de9-df55e39345ee,000773,sub-ant2-m1-d20-y2023/sub-ant2-m1-d20-y2023_ses-m1-d20-y2023-ant2-0-48x-4-methyl-3-heptanone-40-t157-z155um_ophys.nwb,22,48,624,4.176470588235294,13,14.615916955017303,17,84086336,600.0,160.0,0
3db97c1a-d764-45b0-a552-131ca41b0778,000351,sub-HJ-FP-datHT-stGtACR-M8/sub-HJ-FP-datHT-stGtACR-M8_ses-Day2-Pavlovian.nwb,25,49,554,3.3181818181818183,13,9.489669421487603,22,1864815600,1220.0,60.0,0
3dd0e694-21ef-4756-8610-70f8659afbec,001169,sub-S044/sub-S044_ses-RWTautowait2-20221219-105957.nwb,32,117,3004,5.481481481481482,31,46.397805212620035,27,1115743,60.0,25.0,1
3ddac157-4ea4-4392-9e12-4692f2d6939d,000020,sub-902290725/sub-902290725_ses-906699686_icephys.nwb,137,558,56893,5.813432835820896,42,42.27116284250389,134,19975086,25600.0,340.0,0
3ddc8e08-56e3-431a-af1b-e4da4e2a2a78,001836,sub-julio/sub-julio_ses-julio-20230803_obj-116gcyi.nwb,103,84,1949,2.7777777777777777,65,53.68395061728392,90,625636,80.0,25.0,1
3de15dda-da03-4709-8055-e25c365b2ea0,001169,sub-J008/sub-J008_ses-RWTautowait2-20201113-161909.nwb,32,117,3004,5.481481481481482,31,46.397805212620035,27,1182490,80.0,25.0,1
3de40164-47c9-47c3-b1e3-62a161503b4a,000773,sub-ant2-m1-d20-y2023/sub-ant2-m1-d20-y2023_ses-m1-d20-y2023-ant2-0-48x-4-methyl-3-heptanone-40-t150-z75um_ophys.nwb,22,48,624,4.176470588235294,13,14.615916955017303,17,84086336,600.0,160.0,0
3de525e7-6888-4ab1-8f99-8aedc981eee3,000467,sub-ant2-m4-d27-y2022/sub-ant2-m4-d27-y2022_ses-m4-d27-y2022-ant2-0-0075x-6-methyl-5-hepten-2-one-40-t178-z105um_ophys.nwb,22,48,624,4.176470588235294,13,14.615916955017303,17,84086336,480.0,120.0,0
3df4bbc1-ff94-44a6-8b1a-8641f8b1716c,000971,sub-101-260/sub-101-260_ses-FP-RR20-2019-05-09T09-50-05_behavior.nwb,26,52,651,3.5,13,13.886363636363637,22,233968,80.0,60.0,0
3dfcd8c0-7bd6-49b3-991d-b2dbd6e8b340,001169,sub-G095/sub-G095_ses-RWTautowait2-20230623-125910.nwb,32,118,3087,5.518518518518518,32,48.32373113854595,27,1881443,120.0,25.0,1
3dfe0a34-3398-4a52-a5f7-d7aaaf1f80cf,000713,sub-560964/sub-560964_ses-20210506T125451_image.nwb,48,115,2402,3.7045454545454546,23,23.889979338842977,44,191408700,220.0,25.0,1
3e003733-9558-4f28-b837-715aa8765cbc,001836,sub-klein/sub-klein_ses-klein-20231101_obj-1731ovi.nwb,103,77,1781,2.7,65,52.16555555555553,90,1384416,40.0,25.0,1
3e05c983-7171-4218-a826-ef56b52eb2ca,000409,sub-PL033/sub-PL033_ses-a34b4013-414b-42ed-9318-e93fbbc71e7b_desc-processed_behavior+ecephys.nwb,89,268,20821,4.614457831325301,32,23.465815067498912,83,597618210,4460.0,120.0,0
3e070493-1633-41ac-8587-2178a1d4b683,000773,sub-ant6-m1-d10-y2023/sub-ant6-m1-d10-y2023_ses-m1-d10-y2023-ant6-0-48x-ethanol-40-t200-z40um_ophys.nwb,22,48,624,4.176470588235294,13,14.615916955017303,17,84086336,620.0,160.0,0
3e0d89e5-b932-4267-9191-531d406b0b74,001550,sub-P167/sub-P167_ses-TaskSwitch4-190825a.nwb,35,112,2625,4.709677419354839,38,47.36732570239335,31,1284750,140.0,25.0,1
3e1275c8-4a87-4f68-b158-675c1059e042,001169,sub-J060/sub-J060_ses-RWTautowait2-20230227-150527.nwb,32,118,3087,5.518518518518518,32,48.32373113854595,27,1147399,60.0,25.0,1
3e18f54a-5399-4d3e-ba3e-e16efad614e8,001169,sub-S022/sub-S022_ses-RWTautowait2-20220506-120713.nwb,32,117,3004,5.481481481481482,31,46.397805212620035,27,961787,80.0,25.0,1
3e226a2c-0432-4df2-8dcc-a25d6595a64c,000773,sub-ant1-m2-d24-y2023/sub-ant1-m2-d24-y2023_ses-m2-d24-y2023-ant1-0-48x-4-methyl-3-heptanone-40-t134-z5um_ophys.nwb,22,48,624,4.176470588235294,13,14.615916955017303,17,84086336,600.0,160.0,0
3e2315d5-afd6-4b52-b53a-f20176975728,000713,sub-544835/sub-544835_ses-20201116T122340_image.nwb,48,115,2402,3.7045454545454546,23,23.889979338842977,44,191468864,380.0,25.0,1
3e26f31d-c62b-499f-9cff-ac7e73518d17,001637,sub-830794/sub-830794_ses-ecephys-830794-2026-01-28-11-01-44_ecephys.nwb,65,406,33609,8.385964912280702,58,109.99138196368114,57,11342181128,8240.0,60.0,0
3e28f0cb-d26e-46bd-9583-efbc310c2f92,000773,sub-ant4-m1-d10-y2023/sub-ant4-m1-d10-y2023_ses-m1-d10-y2023-ant4-0-48x-4-methyl-3-heptanone-40-t158-z100um_ophys.nwb,22,48,624,4.176470588235294,13,14.615916955017303,17,84086336,640.0,160.0,0
3e2ac72d-0686-410c-8f03-647782fe663d,000467,sub-ant1-m10-d6-y2022/sub-ant1-m10-d6-y2022_ses-m10-d6-y2022-ant1-0-48x-ethanol-40-t137-z125um_ophys.nwb,22,48,624,4.176470588235294,13,14.615916955017303,17,84086336,700.0,180.0,0
3e2effc6-9a68-45af-810f-524948c7aa33,000336,sub-656228/sub-656228_ses-1246372987-acq-1246487569_ophys.nwb,76,410,48355,7.0285714285714285,30,52.82775510204082,70,115471333,1040.0,25.0,1
3e37773b-1047-44f5-8790-985b416604f7,000946,sub-BH513/sub-BH513_ses-20231016T133657_ecephys.nwb,28,50,690,4.333333333333333,14,17.0,18,1661992,120.0,60.0,0
3e3face2-3b5b-4157-80ac-b6e5d96d9dc2,000020,sub-679618558/sub-679618558_ses-682145030_icephys.nwb,99,390,27747,5.697916666666667,42,33.18999565972222,96,21985380,22700.0,400.0,0
3e4052ca-8b93-47a5-b03f-7d31a8807c22,000773,sub-ant1-m2-d24-y2023/sub-ant1-m2-d24-y2023_ses-m2-d24-y2023-ant1-0-48x-4-methyl-3-heptanol-40-t133-z55um_ophys.nwb,22,48,624,4.176470588235294,13,14.615916955017303,17,84086336,580.0,160.0,0
3e415bdf-52fc-45d8-91b7-8457716f6292,000713,sub-558306/sub-558306_ses-20210330T094722_image.nwb,48,114,2391,3.6818181818181817,23,23.762396694214885,44,188061268,220.0,25.0,1
3e44dd0f-4a00-444e-b432-a5d38cd77eab,001525,sub-CHO-20250318-c9/sub-CHO-20250318-c9_obj-1pivdt1_image.nwb,17,38,431,4.153846153846154,13,13.668639053254442,13,34341739,100.0,25.0,1
3e49e4e3-4781-4dc6-bdab-0a4cc77466c2,000773,sub-ant4-m1-d11-y2023/sub-ant4-m1-d11-y2023_ses-m1-d11-y2023-ant4-0-03x-propionic-acid-40-t187-z20um_ophys.nwb,22,48,624,4.176470588235294,13,14.615916955017303,17,84086336,620.0,160.0,0
3e528055-c7dc-4072-8360-a6edc89a82e7,000773,sub-ant5-m4-d6-y2023/sub-ant5-m4-d6-y2023_ses-m4-d6-y2023-ant5-1x-paraffin-oil-40-t173-z80um_ophys.nwb,22,48,624,4.176470588235294,13,14.615916955017303,17,84086336,580.0,160.0,0
3e53ae0c-1ca6-4ed1-a309-b7479329ab0b,000467,sub-ant2-m4-d26-y2022/sub-ant2-m4-d26-y2022_ses-m4-d26-y2022-ant2-0-48x-4-methyl-3-heptanol-40-t192-z20um_ophys.nwb,22,48,624,4.176470588235294,13,14.615916955017303,17,84086336,660.0,180.0,0
3e56469f-617b-4c61-acbc-47cd92122c6d,001169,sub-C035/sub-C035_ses-RWTautowait2-20191213-115102.nwb,32,115,2844,5.407407407407407,29,42.7599451303155,27,1520125,1680.0,160.0,0
3e583af8-0548-4d54-8727-17d2bcfd37d9,001550,sub-P049/sub-P049_ses-TaskSwitch4-170610a.nwb,35,112,2625,4.709677419354839,38,47.36732570239335,31,1151265,100.0,25.0,1
3e5a9f79-ebf4-4ae3-9ebc-fe74537baf97,001607,sub-Bilbo/sub-Bilbo_ses-5_obj-1wmdmwg_behavior+ecephys.nwb,259,74,23259,2.9836065573770494,36,23.13087879602257,122,4095168,80.0,25.0,1
3e60223c-8cdf-4461-b415-1f6c6b85add5,001169,sub-J014/sub-J014_ses-RWTautowait2-20210706-142514.nwb,32,116,2974,5.444444444444445,31,46.46913580246915,27,1475131,25.0,25.0,1
3e6a2833-0405-48ef-b2aa-ccf0a1febb49,000713,sub-530862/sub-530862_ses-None_probe-1052445242_ecephys.nwb,36,62,1087,3.3,14,12.343333333333334,30,2940340192,7720.0,280.0,0
3e6c237a-8496-4ad8-928e-77abe43a7c67,000467,sub-ant1-m10-d6-y2022/sub-ant1-m10-d6-y2022_ses-m10-d6-y2022-ant1-0-48x-ethanol-40-t137-z40um_ophys.nwb,22,48,624,4.176470588235294,13,14.615916955017303,17,84086336,680.0,180.0,0
3e755f46-a929-48b4-a9a1-e14b89aff0dc,000946,sub-BH538/sub-BH538_ses-20240110T171200_ecephys.nwb,28,50,690,4.333333333333333,14,17.0,18,1496488,100.0,60.0,0
3e756172-0d0e-4a85-917e-3580ce280d11,001550,sub-P187/sub-P187_ses-TaskSwitch6-190914a.nwb,33,110,2570,4.896551724137931,38,49.74791914387635,29,1016131,40.0,25.0,1
3e776d67-9208-48d0-95b7-d80710aa2e47,001169,sub-J045/sub-J045_ses-RWTautowait2-20221208-131535.nwb,32,117,3004,5.481481481481482,31,46.397805212620035,27,993183,80.0,25.0,1
3e781e9f-61fd-439c-8693-c237eef6d3d2,001611,sub-25897/sub-25897_ses-20241119T161112_ecephys.nwb,25,52,649,4.105263157894737,13,13.988919667590027,19,15276280,120.0,25.0,1
3e7966b1-9ccc-4794-81d7-26bc2d479bf9,000239,sub-MX200101/sub-MX200101_ses-20201129T154911.nwb,18,63,1228,6.153846153846154,29,58.13017751479289,13,469168,100.0,60.0,0
3e7d7b7a-b28a-456d-88fe-e57f1667944e,000467,sub-ant5-m4-d26-y2022/sub-ant5-m4-d26-y2022_ses-m4-d26-y2022-ant5-0-03x-4-methyl-3-heptanol-40-t272-z80um_ophys.nwb,22,48,624,4.176470588235294,13,14.615916955017303,17,84086336,500.0,140.0,0
3e8e3859-4dc6-4708-8ac1-5ab9ad10da42,000467,sub-ant3-m4-d26-y2022/sub-ant3-m4-d26-y2022_ses-m4-d26-y2022-ant3-0-03x-4-methyl-3-heptanone-40-t205-z90um_ophys.nwb,22,48,624,4.176470588235294,13,14.615916955017303,17,84086336,560.0,140.0,0
3e93b377-803a-4fe8-89d7-a1e405f3eb4c,000579,sub-3/sub-3_ses-mouse-3-session-date-2017-05-01-area-RSC-L5-single-plane-imaging_behavior+ophys.nwb,66,141,4000,3.912280701754386,17,14.992305324715295,57,1153122742,5220.0,180.0,0
3e9ae288-cab2-462a-bf05-e73a1220fa6d,000728,sub-558793503/sub-558793503_ses-569635505-StimC2_ophys.nwb,23,48,605,4.055555555555555,13,13.163580246913579,18,39941896416,14380.0,25.0,1
3ea03e93-1837-41aa-9c10-bd8fda188fb0,000711,sub-449653/sub-449653_ses-20190425T133623_image.nwb,48,119,2682,3.7954545454545454,26,27.571797520661153,44,66815492,180.0,25.0,1
3eab6da1-641e-4456-9047-7b153dbd575c,001169,sub-S047/sub-S047_ses-RWTautowait2-20221206-102219.nwb,32,117,3004,5.481481481481482,31,46.397805212620035,27,895453,60.0,25.0,1
3eaf28b9-b745-439b-a956-c1e3b6d137d5,000623,sub-CS56/sub-CS56_ses-P56CSR2_behavior+ecephys.nwb,228,96,1165,2.2622222222222224,187,155.98012839506157,225,1187278887,4000.0,400.0,0
3eb0f3fe-cb1e-4c81-a938-e362b37cdc6a,000773,sub-ant2-m1-d11-y2023/sub-ant2-m1-d11-y2023_ses-m1-d11-y2023-ant2-0-03x-3-hexanone-40-t155-z25um_ophys.nwb,22,48,624,4.176470588235294,13,14.615916955017303,17,84086336,640.0,160.0,0
3eb2a3ed-5692-4dfb-b139-aaa9923abe6f,001550,sub-P055/sub-P055_ses-TaskSwitch4-170718a.nwb,35,112,2625,4.709677419354839,38,47.36732570239335,31,789236,60.0,25.0,1
3eb6d09d-6696-4149-be0b-d4d035050fff,001461,sub-770196/sub-770196_ses-multiplane-ophys-770196-2025-03-27-13-35-10_ophys.nwb,148,326,30005,3.8984375,13,9.54437255859375,128,1583871808,1860.0,25.0,1
3ebbe726-ccad-44ef-843a-693e4aa29890,001051,sub-642504/sub-642504_ses-None_probe-572_ecephys.nwb,36,62,1087,3.3,14,12.343333333333334,30,2694951904,1180.0,25.0,1
3ebf8712-cb1a-439c-96a6-ed54d6b31fb5,001550,sub-P124/sub-P124_ses-TaskSwitch4-171211a.nwb,35,112,2625,4.709677419354839,38,47.36732570239335,31,1171930,100.0,25.0,1
3ec4501f-3b32-4382-b31e-0d5b57e3ec9f,001348,sub-1347447837/sub-1347447837_ses-1363496565_icephys.nwb,180,668,96056,5.468926553672317,60,48.47502314149829,177,43918889,1640.0,80.0,0
3ec68666-cca7-4f4d-9e65-05c908b24bf3,001261,sub-M22/sub-M22_ses-Recordings-from-animal-M22-on-08-May-2023_obj-1df1t3v_icephys.nwb,48,154,6079,6.052631578947368,18,12.155124653739609,38,4634880,360.0,80.0,0
3ecc5d7b-868d-449e-a7af-cf10fd051552,001550,sub-P100/sub-P100_ses-TaskSwitch4-190318a.nwb,35,112,2625,4.709677419354839,38,47.36732570239335,31,2013246,120.0,25.0,1
3ecd1a01-63f4-486a-89e1-630e602fa188,000467,sub-ant2-m10-d11-y2022/sub-ant2-m10-d11-y2022_ses-m10-d11-y2022-ant2-0-48x-3-hexanone-40-t150-z40um_ophys.nwb,22,48,624,4.176470588235294,13,14.615916955017303,17,84086336,700.0,180.0,0
3ed5e47e-c3ea-4db7-a0f1-6aa454110492,000773,sub-ant3-m2-d24-y2023/sub-ant3-m2-d24-y2023_ses-m2-d24-y2023-ant3-0-48x-isopropanol-40-t184-z85um_ophys.nwb,22,48,624,4.176470588235294,13,14.615916955017303,17,84086336,600.0,160.0,0
3ed61fa5-2c1d-4464-89e2-71bfe95e3512,001676,sub-A0668/sub-A0668_ses-20230313T100824_behavior+ophys.nwb,35,66,895,3.433333333333333,13,10.245555555555557,30,189720984,240.0,25.0,1
3ed6c5db-2f58-4d74-b5a0-fd43059ab525,001169,sub-J061/sub-J061_ses-RWTautowait2-20221222-142650.nwb,32,118,3087,5.518518518518518,32,48.32373113854595,27,1466450,120.0,25.0,1
3ed76eab-264f-427d-ab3a-5794cc5a7c09,000773,sub-ant4-m1-d11-y2023/sub-ant4-m1-d11-y2023_ses-m1-d11-y2023-ant4-0-03x-4-methyl-3-heptanone-40-t190-z10um_ophys.nwb,22,48,624,4.176470588235294,13,14.615916955017303,17,84086336,620.0,160.0,0
3eda2f27-7d98-4509-a952-0bbe6c2b6bd9,000711,sub-499478/sub-499478_ses-20200227T093918_obj-79z4ql_image+ophys.nwb,73,223,9181,4.5,24,27.25,68,235259633,380.0,25.0,1
3edc8fdf-55a9-443b-9dce-e8a62b41847c,001550,sub-P167/sub-P167_ses-TaskSwitch4-190331a.nwb,35,112,2625,4.709677419354839,38,47.36732570239335,31,852056,25.0,25.0,1
3edd1786-d0e3-4cec-bfd1-a2257f4947e0,001550,sub-P049/sub-P049_ses-TaskSwitch4-170609a.nwb,35,112,2625,4.709677419354839,38,47.36732570239335,31,1112993,60.0,25.0,1
3edd8110-467a-449e-8082-b277c3719b61,000226,sub-KSt130/sub-KSt130_ses-20160923T120000_behavior.nwb,3016,6012,36834155,2.997011952191235,213,206.09793263863548,3012,66472456,3340.0,60.0,0
3ee9b220-0bae-4058-bdc7-f7896b0b3f61,001074,sub-230908-PK109PL52-mouse/sub-230908-PK109PL52-mouse_ses-ch0-means-movie-nobg-cnmf-mr-raw-matched_ophys.nwb,29,51,766,3.5217391304347827,13,10.162570888468805,23,2962251680,420.0,25.0,1
3ef08943-0218-410c-ae65-aa29e34806ad,000467,sub-ant3-m10-d6-y2022/sub-ant3-m10-d6-y2022_ses-m10-d6-y2022-ant3-0-48x-3-hexanone-40-t185-z95um_ophys.nwb,22,48,624,4.176470588235294,13,14.615916955017303,17,84086336,660.0,180.0,0
3efe4df5-3b63-4955-b7b6-5cda78674af4,000713,sub-530862/sub-530862_ses-20200821T125330_image.nwb,48,115,2402,3.7045454545454546,23,23.889979338842977,44,191352298,440.0,25.0,1
3efee7d7-90d3-481d-b58d-56c6f3f6f93a,001634,sub-Frodo/sub-Frodo_ses-5_obj-1hc5w9l_ecephys.nwb,256,79,23510,3.0756302521008405,36,24.08671703975707,119,2519928,80.0,25.0,1
3efff062-7149-4807-8b85-1ae221c87f16,000728,sub-601712623/sub-601712623_ses-612044635-StimA_ophys.nwb,23,48,605,4.055555555555555,13,13.163580246913579,18,37472131508,14780.0,25.0,1
3f00ab27-5f18-411c-81a0-631febda0588,000889,sub-la-replay-01-0124-nac-het-#2024-1-30/sub-la-replay-01-0124-nac-het-#2024-1-30_ses-20240130T122800_behavior.nwb,30,48,515,2.8518518518518516,13,8.718792866941017,27,35309227,280.0,25.0,1
3f01eadd-b17f-4c4f-95ff-0055d292eb4e,000467,sub-ant3-m4-d21-y2022/sub-ant3-m4-d21-y2022_ses-m4-d21-y2022-ant3-0-12x-4-methyl-3-hexanol-40-t146-z140um_ophys.nwb,22,48,624,4.176470588235294,13,14.615916955017303,17,84086336,640.0,160.0,0
3f0b8c28-bf1b-4cb8-a4d7-b0d5a1c07831,001515,sub-CHO-20231010-c7/sub-CHO-20231010-c7_obj-fcrphp_image.nwb,17,38,431,4.153846153846154,13,13.668639053254442,13,25637997,80.0,25.0,1
3f0c3602-e0f0-4a4b-87ca-e5df554024d1,001051,sub-623784/sub-623784_ses-None_probe-324_ecephys.nwb,36,62,1087,3.3,14,12.343333333333334,30,2880221648,1300.0,25.0,1
3f133ded-2ba0-4744-b4a0-29bac6760e20,000008,sub-mouse-ZQHAI/sub-mouse-ZQHAI_ses-20180917-sample-2_slice-20180917-slice-2_cell-20180917-sample-2_icephys.nwb,181,538,87573,4.96045197740113,80,65.58600657537744,177,9404992,16240.0,420.0,0
3f13b505-d8f1-4ea1-b04e-eb9e4a7df455,001623,sub-20240917-20-52-20/sub-20240917-20-52-20_ses-20240917T205220.nwb,35,99,4586,4.6,16,13.24,30,12992078552,4400.0,25.0,1
3f16966f-1d06-47d3-89c6-344121d88322,000363,sub-480927/sub-480927_ses-20210223T135753_behavior+ecephys+ogen.nwb,52,157,3800,4.863636363636363,43,49.70867768595042,44,271431321,133180.0,300.0,0
3f19f8e9-4ae8-4bf3-884a-dbc838500d81,001464,sub-1421402613/sub-1421402613_ses-1421618159_icephys.nwb,361,1441,525070,5.849162011173185,146,130.32920320838923,358,57458945,1180.0,25.0,1
3f1e19d1-b7fb-4175-aacc-498a882a121a,000336,sub-641331/sub-641331_ses-1234014099-acq-1237173938_ophys.nwb,66,384,46693,7.426229508196721,30,56.57242676699811,61,90295333,780.0,25.0,1
3f228443-5f5c-4e75-8687-efa8d114a582,001611,sub-26349/sub-26349_ses-20250322T011648_ecephys.nwb,25,52,649,4.105263157894737,13,13.988919667590027,19,13440864,100.0,25.0,1
3f2bd85d-364e-4495-a93d-f67b15cc9bd2,001337,sub-241029-Fish92-GCaMP-HB-5dpf-FlowExperiment-warner-temp-stim-Z-17-0/sub-241029-Fish92-GCaMP-HB-5dpf-FlowExperiment-warner-temp-stim-Z-17-0_ses-20241205T173409_ophys.nwb,34,56,809,3.064516129032258,13,8.4474505723205,31,97928373,140.0,25.0,1
3f30d24b-d0ef-4c85-8d13-7da1942d3a68,000713,sub-556016/sub-556016_ses-20210205T101701_image.nwb,48,118,2609,3.772727272727273,25,26.584710743801654,44,68108001,200.0,25.0,1
3f34c320-e16c-4e48-9503-380788710a79,001455,sub-982382865/sub-982382865_ses-988957428_icephys.nwb,316,1636,756113,7.086261980830671,133,125.3951147812063,313,53597406,1360.0,25.0,1
3f37f184-d902-4aec-926b-4c87e0eb305a,000971,sub-238-388/sub-238-388_ses-Opto-DLS-Excitatory-EYFP-2020-07-27T12-12-09_behavior+ogen.nwb,31,58,761,3.3333333333333335,15,14.22222222222222,27,253535,60.0,25.0,1
3f3d96e3-e8df-42f3-9fdb-35bee72c1e5f,001550,sub-P130/sub-P130_ses-TaskSwitch4-190706a.nwb,35,111,2551,4.67741935483871,37,45.25078043704474,31,567097,25.0,25.0,1
3f46394b-5cbf-42e8-bbd6-6f424d40cc3e,001169,sub-J073/sub-J073_ses-RWTautowait2-20230314-131745.nwb,32,118,3087,5.518518518518518,32,48.32373113854595,27,1456576,80.0,25.0,1
3f463f01-3854-4667-99e8-8167e6ed9c05,001169,sub-J057/sub-J057_ses-RWTautowait2-20230103-114605.nwb,32,117,3004,5.481481481481482,31,46.397805212620035,27,1269053,60.0,25.0,1
3f4a4198-aadd-4a61-a9d0-c01916251444,000959,sub-L/sub-L_ses-20200127_obj-1nt3pj2_behavior.nwb,29,116,3192,5.76,13,16.1824,25,10007880,280.0,60.0,0
3f51d0ab-3959-4e3c-935f-1ffc009e4505,000773,sub-ant2-m1-d11-y2023/sub-ant2-m1-d11-y2023_ses-m1-d11-y2023-ant2-0-03x-4-methyl-3-heptanol-40-t167-z140um_ophys.nwb,22,48,624,4.176470588235294,13,14.615916955017303,17,84086336,620.0,160.0,0
3f5ebe12-6b5b-4e33-bf53-a9df9cc5e66f,001550,sub-P102/sub-P102_ses-TaskSwitch4-180201a.nwb,35,112,2625,4.709677419354839,38,47.36732570239335,31,1125218,80.0,25.0,1
3f639964-57bc-499f-a7d9-66cef76ad932,001464,sub-1402749231/sub-1402749231_ses-1402870478_icephys.nwb,316,1260,399496,5.814696485623003,122,100.02956037113779,313,69535803,1180.0,60.0,0
3f68a32a-b591-433f-9afb-df07d5cbb54a,001634,sub-Bilbo/sub-Bilbo_ses-3_obj-16sic1c_ecephys.nwb,255,70,23818,3.0689655172413794,38,25.512485136741976,116,23788152,60.0,25.0,1
3f76e07c-17bf-4701-af46-602055947261,001607,sub-Frodo/sub-Frodo_ses-5_obj-q445q8_behavior+ecephys.nwb,257,72,23393,3.0,36,23.583333333333332,120,2233624,100.0,25.0,1
3f7751d2-7922-4de4-89e0-56ad6d6d3344,001349,sub-Chrm3q-Ncre20-7-ALAR/sub-Chrm3q-Ncre20-7-ALAR_ses-4_ophys.nwb,32,64,1380,3.923076923076923,13,11.07100591715976,26,31120574,140.0,25.0,1
3f7a8ba5-ebb0-4769-9ba2-772c47ca3a96,001836,sub-eliot/sub-eliot_ses-eliot-20221025_obj-1fe6g1m.nwb,71,84,1949,3.206896551724138,33,30.370986920332943,58,3181134,100.0,25.0,1
3f8021ab-a74e-4a84-869c-705fee3f67a4,001550,sub-H113/sub-H113_ses-TaskSwitch4-190125b.nwb,33,112,2724,4.9655172413793105,40,54.44708680142688,29,614460,60.0,25.0,1
3f81ce23-cc0a-494e-9991-e11589c76dd0,000711,sub-539517/sub-539517_ses-20201021T093819_image+ophys.nwb,78,229,9548,4.342465753424658,24,25.896415837868265,73,855883625,920.0,25.0,1
3fa20a2a-1533-4a59-bdcb-586b438e99e1,000336,sub-655580/sub-655580_ses-1245207935-acq-1245409226-raw-movies_ophys.nwb,68,260,14699,5.403225806451613,30,41.30515088449531,62,19764659810,1000.0,25.0,1
3fa3ef0a-66a1-4a58-b168-9f4747b97e8c,000467,sub-ant5-m4-d26-y2022/sub-ant5-m4-d26-y2022_ses-m4-d26-y2022-ant5-0-48x-4-methyl-3-hexanol-40-t291-z130um_ophys.nwb,22,48,624,4.176470588235294,13,14.615916955017303,17,84086336,500.0,140.0,0
3fb0baf5-f589-42d1-be7b-6641c42c8e50,000467,sub-ant3-m4-d27-y2022/sub-ant3-m4-d27-y2022_ses-m4-d27-y2022-ant3-0-0075x-4-methyl-3-heptanone-40-t133-z85um_ophys.nwb,22,48,624,4.176470588235294,13,14.615916955017303,17,84086336,460.0,120.0,0
3fb1be71-2859-487a-aead-fb86e550f4a0,001550,sub-P127/sub-P127_ses-TaskSwitch4-190312a.nwb,35,112,2625,4.709677419354839,38,47.36732570239335,31,1287813,25.0,25.0,1
3fb7077d-b46a-4d52-8908-7cd19fdeac6e,001169,sub-S056/sub-S056_ses-RWTautowait2-20230531-112219.nwb,32,118,3087,5.518518518518518,32,48.32373113854595,27,1471608,100.0,25.0,1
3fbfb110-ad71-42b1-8a59-dca440ba8af8,000467,sub-ant3-m4-d27-y2022/sub-ant3-m4-d27-y2022_ses-m4-d27-y2022-ant3-0-12x-4-methyl-3-heptanone-40-t148-z135um_ophys.nwb,22,48,624,4.176470588235294,13,14.615916955017303,17,84086336,460.0,120.0,0
3fc17a58-71c2-4a1a-bc1e-680a144dcf72,001169,sub-J022/sub-J022_ses-RWTautowait2-20211201-155450.nwb,32,116,2974,5.444444444444445,31,46.46913580246915,27,1328422,80.0,25.0,1
3fc250f4-dfb8-458a-849d-788bdecea753,001550,sub-P131/sub-P131_ses-TaskSwitch4-180912a.nwb,35,112,2625,4.709677419354839,38,47.36732570239335,31,1481444,80.0,25.0,1
3fc3e701-a5fb-471c-8d41-0371867e1c1a,000769,sub-1219228309/sub-1219228309_ses-1219394738_icephys.nwb,256,1055,293852,6.003952569169961,104,84.89721757877803,253,38135701,16880.0,180.0,0
3fc64d20-cd5c-47b8-81ea-f0609a84b4ac,001038,sub-Dat-F554/sub-Dat-F554_ses-20210902-0002.nwb,54,117,2524,4.095238095238095,16,13.990929705215418,42,30551527,140.0,25.0,1
3fd3a119-33be-465f-b66a-78552c4abf36,001550,sub-P055/sub-P055_ses-TaskSwitch4-170712a.nwb,35,112,2625,4.709677419354839,38,47.36732570239335,31,1412827,100.0,25.0,1
3fd7afe5-6c74-4c90-8110-b53b62e06f8b,000467,sub-ant3-m10-d11-y2022/sub-ant3-m10-d11-y2022_ses-m10-d11-y2022-ant3-0-48x-ethanol-40-t175-z30um_ophys.nwb,22,48,624,4.176470588235294,13,14.615916955017303,17,84086336,660.0,160.0,0
3fdbecef-40ec-4156-ba85-f5b1d9c2b6e5,000946,sub-BH494/sub-BH494_ses-20230820T181200_ecephys.nwb,28,47,646,4.166666666666667,14,16.027777777777775,18,1938800,80.0,25.0,1
3fe14f77-ad6e-4f64-a970-dc240bb87d0a,001751,sub-Mfa241014/sub-Mfa241014_ses-20241014HS9_obj-t9jozj_icephys.nwb,191,1053,520159,7.758241758241758,160,129.87561888660784,182,23541328,1160.0,80.0,0
3fe23128-bc4c-45ee-8305-f2a40befbff3,001550,sub-P131/sub-P131_ses-TaskSwitch4-181201a.nwb,35,112,2625,4.709677419354839,38,47.36732570239335,31,1206990,60.0,25.0,1
3fe2ac3c-7d26-4a6e-b17c-84f4d976298a,000773,sub-ant3-m1-d17-y2023/sub-ant3-m1-d17-y2023_ses-m1-d17-y2023-ant3-0-03x-4-methyl-3-heptanone-40-t204-z25um_ophys.nwb,22,48,624,4.176470588235294,13,14.615916955017303,17,84086336,600.0,160.0,0
3fe69b76-a128-4c9a-b96d-16bda2b19677,000971,sub-281-402/sub-281-402_ses-Opto-DMS-Excitatory-ChR2-2020-10-28T12-25-35_behavior+ogen.nwb,31,57,739,3.2962962962962963,14,13.393689986282581,27,255587,60.0,25.0,1
3feb18dc-f8ac-458a-b582-aac3b6945388,001550,sub-P095/sub-P095_ses-TaskSwitch4-181016a.nwb,35,112,2625,4.709677419354839,38,47.36732570239335,31,1524629,60.0,25.0,1
3ffaeacb-1a44-46a1-9597-64bf7a8dfbcb,000563,sub-681446/sub-681446_ses-1290510496_probe-4_ecephys.nwb,27,55,937,3.772727272727273,14,15.08471074380165,22,1323659243,1520.0,200.0,0
400727e6-6fa5-4e81-a79f-b0d0fd78d8ab,000467,sub-ant5-m4-d26-y2022/sub-ant5-m4-d26-y2022_ses-m4-d26-y2022-ant5-0-48x-4-methyl-3-heptanone-40-t284-z30um_ophys.nwb,22,48,624,4.176470588235294,13,14.615916955017303,17,84086336,520.0,140.0,0
400a0a72-a480-4381-94b9-1f969b4e0c89,001634,sub-Frodo/sub-Frodo_ses-1_obj-11nnuha_behavior+ecephys.nwb,261,74,23853,3.0,38,24.24590163934426,122,39753048,1500.0,140.0,0
400b833e-daac-4dcc-a357-54a9ac8b79a3,000773,sub-ant1-m1-d11-y2023/sub-ant1-m1-d11-y2023_ses-m1-d11-y2023-ant1-1x-paraffin-oil-40-t123-z115um_ophys.nwb,22,48,624,4.176470588235294,13,14.615916955017303,17,84086336,640.0,180.0,0
40132c96-309a-494f-99d5-c8bfed8ed46e,000020,sub-922885337/sub-922885337_ses-927833072_icephys.nwb,224,894,183378,5.791855203619909,81,65.033598820663,221,30613394,34940.0,340.0,0
40142d41-0aad-4ed4-b600-04af380487dc,000020,sub-767487024/sub-767487024_ses-772128917_icephys.nwb,259,1072,257071,5.98046875,100,94.21446228027344,256,73754877,54900.0,360.0,0
4014e3cb-a74b-404f-a04e-c41ed988152a,001702,sub-J20-SF4/sub-J20-SF4_ses-20230101T120000_obj-ki1c7l.nwb,16,37,446,4.7272727272727275,13,15.47107438016529,11,185480,25.0,25.0,1
401b6194-7d80-453e-b5ac-65f35234c6aa,000399,sub-1-7/sub-1-7_ses-20210122_obj-koe30f_ecephys.nwb,27,47,681,4.352941176470588,13,17.75778546712803,17,727664,140.0,60.0,0
401f1226-5ba0-457b-9be1-c96e8f2a2a0a,001169,sub-S017/sub-S017_ses-RWTautowait2-20210208-110014.nwb,32,116,2974,5.444444444444445,31,46.46913580246915,27,1040893,100.0,25.0,1
40201676-0c43-4607-9d35-5911b7145171,000888,sub-la-plaid-02-6dpf-0201-nac-het-#2024-2-9/sub-la-plaid-02-6dpf-0201-nac-het-#2024-2-9_ses-20240209T114100_behavior.nwb,30,48,515,2.8518518518518516,13,8.718792866941017,27,35379326,200.0,25.0,1
4020a601-558e-4ea6-8e53-955043532c2a,000971,sub-271-396/sub-271-396_ses-FP-PS-2020-07-31T13-09-11_behavior.nwb,23,49,633,3.736842105263158,13,15.35180055401662,19,220816,80.0,60.0,0
4025d794-1a81-40c5-8b23-0fe2d4d0c012,001169,sub-M015/sub-M015_ses-RWTautowait2-20200701-102153.nwb,32,116,2923,5.444444444444445,30,44.54320987654322,27,1439701,80.0,25.0,1
40268e7e-5e1d-4f2c-9072-fb8deb285883,000467,sub-ant5-m4-d26-y2022/sub-ant5-m4-d26-y2022_ses-m4-d26-y2022-ant5-1x-isopropanol-40-t267-z40um_ophys.nwb,22,48,624,4.176470588235294,13,14.615916955017303,17,84086336,520.0,140.0,0
402dcd3e-a7e0-4ff0-a0ee-b87ebb986d34,000467,sub-ant2-m4-d26-y2022/sub-ant2-m4-d26-y2022_ses-m4-d26-y2022-ant2-0-48x-4-methyl-3-heptanol-40-t192-z70um_ophys.nwb,22,48,624,4.176470588235294,13,14.615916955017303,17,84086336,660.0,180.0,0
40349eca-ef16-498d-9a07-d5ef4798b0a6,000773,sub-ant3-m1-d17-y2023/sub-ant3-m1-d17-y2023_ses-m1-d17-y2023-ant3-0-03x-ethanol-40-t200-z20um_ophys.nwb,22,48,624,4.176470588235294,13,14.615916955017303,17,84086336,620.0,160.0,0
40374114-dc72-4a51-bab0-c6a5c9d1fe4a,001474,sub-MPK173/sub-MPK173_ses-20240810T120000.nwb,21,45,466,3.823529411764706,13,11.321799307958477,17,11205240,100.0,25.0,1
4039dea7-2697-432b-a4c1-fa77d15de256,000165,sub-Mace/sub-Mace_ses-Mace02_HomeCage_behavior+ecephys.nwb,34,59,1006,4.0,14,20.0,24,99023304,1620.0,60.0,0
403eb1fd-2228-4505-ba5c-94bf47a60701,000467,sub-ant1-m4-d26-y2022/sub-ant1-m4-d26-y2022_ses-m4-d26-y2022-ant1-0-48x-4-methyl-3-heptanone-40-t155-z90um_ophys.nwb,22,48,624,4.176470588235294,13,14.615916955017303,17,84086336,660.0,160.0,0
40415420-7052-4405-a639-0e950c604849,001611,sub-26265/sub-26265_ses-20241223T124210_ecephys.nwb,25,52,649,4.105263157894737,13,13.988919667590027,19,11894444,60.0,25.0,1
405f24c2-0543-4e36-a1c9-6f603a8d0e8d,000711,sub-548950/sub-548950_ses-20201208T095841_image.nwb,50,156,5473,4.478260869565218,24,34.72778827977316,46,196052146,320.0,25.0,1
40669de1-1d18-47fd-b8e3-3fab507e7fb2,001169,sub-G061/sub-G061_ses-RWTautowait2-20220201-140640.nwb,32,117,3004,5.481481481481482,31,46.397805212620035,27,1212518,60.0,25.0,1
40691c87-6789-4c39-b265-03b0a527feeb,001550,sub-P127/sub-P127_ses-TaskSwitch4-180127a.nwb,35,112,2625,4.709677419354839,38,47.36732570239335,31,939482,60.0,25.0,1
4069588d-90fa-4e13-8549-343ffee0d970,001169,sub-S015/sub-S015_ses-RWTautowait2-20201222-100147.nwb,32,116,2974,5.444444444444445,31,46.46913580246915,27,1176135,60.0,25.0,1
4079e8a5-3038-4d8e-a21f-8b9106e3dadc,000637,sub-BH467/sub-BH467_obj-1do9vt8_ecephys.nwb,28,46,627,4.111111111111111,14,15.654320987654321,18,6046800,160.0,60.0,0
4081f5db-0ada-4554-b36b-e060e278a53e,000690,sub-695763/sub-695763_ses-1317661297_probe-0_ecephys.nwb,27,55,937,3.772727272727273,14,15.08471074380165,22,1204751056,580.0,60.0,0
408baa62-14ef-4d4e-a20d-65c8815c06de,001847,sub-RD041/sub-RD041_ses-RD041-20240118-143223_behavior.nwb,30,112,2782,5.423076923076923,34,51.244082840236686,26,486584,25.0,25.0,1
408c0fa8-5428-43d6-a9c6-6ac08b666930,000773,sub-ant1-m1-d17-y2023/sub-ant1-m1-d17-y2023_ses-m1-d17-y2023-ant1-0-03x-ethylpyrazine-40-t127-z60um_ophys.nwb,22,48,624,4.176470588235294,13,14.615916955017303,17,84086336,620.0,160.0,0
408e52a3-ab84-42e8-9de2-51104a1b9f9e,000467,sub-ant2-m4-d26-y2022/sub-ant2-m4-d26-y2022_ses-m4-d26-y2022-ant2-0-03x-4-methyl-3-heptanol-40-t176-z0um_ophys.nwb,22,48,624,4.176470588235294,13,14.615916955017303,17,84086336,680.0,180.0,0
408f6219-25ef-409a-bad8-98c2c3e2af0b,001676,sub-A0668/sub-A0668_ses-20221201T121616_behavior+ophys.nwb,35,66,895,3.433333333333333,13,10.245555555555557,30,277718240,220.0,25.0,1
40911916-fb23-437a-9b33-9b1a6e9d28af,001271,sub-15-20240731/sub-15-20240731_obj-1xwf8u1_image.nwb,17,38,431,4.153846153846154,13,13.668639053254442,13,697258,60.0,25.0,1
409c542f-fe72-4f1c-b7f7-be4aa8228fb0,001534,sub-1404864135/sub-1404864135_ses-1406415579_icephys.nwb,148,595,86397,5.896551724137931,56,44.25826397146255,145,35955940,480.0,25.0,1
40a557ea-f3a3-4a5a-834c-8ac1cc2f9687,001611,sub-25897/sub-25897_ses-20241024T172958_ecephys.nwb,25,52,649,4.105263157894737,13,13.988919667590027,19,14118760,120.0,25.0,1
40aa5cf0-32e1-424e-b27c-c33a244875bf,001169,sub-S023/sub-S023_ses-RWTautowait2-20210505-154045.nwb,32,117,3004,5.481481481481482,31,46.397805212620035,27,1319370,60.0,25.0,1
40afd003-87c6-4d12-8e23-979b6e5b61b2,001832,sub-ctrl-animal01-slice02-roi01/sub-ctrl-animal01-slice02-roi01_ses-MB++AChFP++pan++CTRL++none++WT++20250422203113_ophys.nwb,41,92,1470,4.088235294117647,13,11.609861591695504,34,12249125,80.0,25.0,1
40bfe0a9-ead5-47e1-a9d3-a162753200c4,001550,sub-P102/sub-P102_ses-TaskSwitch4-190109a.nwb,35,112,2625,4.709677419354839,38,47.36732570239335,31,1442102,60.0,25.0,1
40c084cb-690d-4a5a-869c-57a464dfaf9e,000971,sub-99-257/sub-99-257_ses-FP-RR20-2019-04-26T12-54-19_behavior.nwb,26,52,651,3.5,13,13.886363636363637,22,236048,60.0,25.0,1
40c4763c-df5a-4554-87aa-5b7e1a457654,001169,sub-L003/sub-L003_ses-RWTautowait2-20220104-155245.nwb,32,117,3004,5.481481481481482,31,46.397805212620035,27,1101838,80.0,25.0,1
40c78853-1fd8-42b4-b827-d2f3734ec2a0,000728,sub-567421970/sub-567421970_ses-577663639-StimC2_ophys.nwb,23,48,605,4.055555555555555,13,13.163580246913579,18,45963332270,19000.0,25.0,1
40cc087c-ed2e-4a96-90dd-9a987ec8e3c8,000467,sub-ant1-m4-d26-y2022/sub-ant1-m4-d26-y2022_ses-m4-d26-y2022-ant1-1x-isopropanol-40-t123-z120um_ophys.nwb,22,48,624,4.176470588235294,13,14.615916955017303,17,84086336,640.0,160.0,0
40d091b0-05d8-45f4-bbab-fd0d7087fa65,000946,sub-BH528/sub-BH528_ses-20231017T204700_ecephys.nwb,28,50,690,4.333333333333333,14,17.0,18,6641488,120.0,80.0,0
40d4a1d7-ed27-4785-ab5a-ef0d42433c2f,000467,sub-ant3-m4-d27-y2022/sub-ant3-m4-d27-y2022_ses-m4-d27-y2022-ant3-0-12x-4-methyl-3-heptanone-40-t154-z60um_ophys.nwb,22,48,624,4.176470588235294,13,14.615916955017303,17,84086336,460.0,120.0,0
40d6eb0e-2442-42a8-a556-539a494b8c5b,000409,sub-ibl-witten-13/sub-ibl-witten-13_ses-49368f16-de69-4647-9a7a-761e94517821_desc-processed_behavior+ecephys.nwb,68,204,8894,4.612903225806452,32,29.78563995837669,62,612642350,1420.0,25.0,1
40dcd033-6bf9-4380-a9e4-5f37fed5d85c,000239,sub-MX181002/sub-MX181002_ses-20181024T152349_behavior.nwb,4027,8042,66526064,2.9997514292816305,333,325.9405915365225,4023,77103896,3300.0,80.0,0
40de6951-3889-4406-b99a-c4c54abd6444,001361,sub-m19/sub-m19_ses-01_behavior+ophys.nwb,46,80,1970,3.119047619047619,13,8.200113378684808,42,283404360,3740.0,200.0,0
40e24f28-f07d-4820-99e1-3906a77ac5f0,001205,sub-3719182503066230223/sub-3719182503066230223_ses-20240531T223201_ophys.nwb,27,41,539,4.0588235294117645,13,14.878892733564015,17,249431170,200.0,25.0,1
40e596f4-af2d-4cf5-aa27-beb7e8527bfb,000713,sub-579993/sub-579993_ses-20210729T082857_image.nwb,48,115,2402,3.7045454545454546,23,23.889979338842977,44,191410128,240.0,25.0,1
40eb7225-42f4-49be-bedb-f41972be4825,000020,sub-647700042/sub-647700042_ses-648323744_icephys.nwb,96,358,21846,5.419354838709677,36,27.490808185917437,93,13685265,20780.0,440.0,0
40ec8a3e-8f28-4e9e-8790-2d7690665b99,000485,sub-Plaid-warm-14-nachet/sub-Plaid-warm-14-nachet_ses-20230308T093400_behavior.nwb,30,48,515,2.8518518518518516,13,8.718792866941017,27,35016413,200.0,25.0,1
40ed9147-ec41-42eb-98de-1d72ae693f82,000239,sub-MX180602/sub-MX180602_ses-20180710T110124.nwb,18,63,1228,6.153846153846154,29,58.13017751479289,13,407456,100.0,60.0,0
40edd2a9-dcfe-4625-ae1c-5b18b44c51e8,001607,sub-Frodo/sub-Frodo_ses-5_obj-1k09zrx_behavior+ecephys.nwb,259,74,23259,2.9836065573770494,36,23.13087879602257,122,40415416,80.0,25.0,1
40eeb0cf-cc69-4c2c-a422-f5f3b802256c,000239,sub-MX180201/sub-MX180201_ses-20180405T154810_behavior.nwb,2640,5275,28606266,3.0022761760242793,261,253.68133017562366,2636,53682009,3780.0,80.0,0
41023a4f-d4b5-4785-8adb-f3b30e6f334b,000399,sub-28/sub-28_ses-20210913_obj-6iq7g7_ecephys.nwb,27,47,681,4.352941176470588,13,17.75778546712803,17,778256,140.0,60.0,0
4105efd4-2c48-401e-ac4f-ab087293c703,001182,sub-M2-session3/sub-M2-session3_behavior.nwb,23,39,441,3.388888888888889,13,11.904320987654321,18,5893608,80.0,25.0,1
4113ab5b-9d38-4680-963e-02eb28f7b711,001169,sub-G038/sub-G038_ses-RWTautowait2-20210614-134151.nwb,32,117,3004,5.481481481481482,31,46.397805212620035,27,1232587,100.0,25.0,1
4116717f-4f60-4c74-b00d-e6f7ee842859,000547,sub-310/sub-310_ses-10threc-100_ophys.nwb,29,44,572,3.8947368421052633,13,15.988919667590025,19,180769242,860.0,180.0,0
41172c05-e39e-483e-a221-5fa6744f9cf1,000971,sub-99-257/sub-99-257_ses-FP-RR20-2019-04-11T12-06-08_behavior.nwb,26,52,651,3.5,13,13.886363636363637,22,236016,60.0,25.0,1
4118b56a-e806-4e7a-bb2a-cda77df8ac91,001752,sub-Mfa250904/sub-Mfa250904_ses-Sess250904HS_obj-1w51hrn_icephys.nwb,25,43,479,4.375,13,18.984375,16,2598424,320.0,80.0,0
412442dc-1fb5-4ce4-9df8-bc130c26ad2d,001035,sub-6-4/sub-6-4_ses-20Hz-sine-stimulation-4-4V_image.nwb,17,38,431,4.153846153846154,13,13.668639053254442,13,695454,80.0,25.0,1
412a1075-1cc4-44fd-a813-36f30f4712c1,000467,sub-ant4-m4-d26-y2022/sub-ant4-m4-d26-y2022_ses-m4-d26-y2022-ant4-1x-isopropanol-40-t232-z120um_ophys.nwb,22,48,624,4.176470588235294,13,14.615916955017303,17,84086336,500.0,140.0,0
412d5d58-59ac-42e3-b51d-96aee6876830,000336,sub-644972/sub-644972_ses-1237338784-acq-1237809229_ophys.nwb,67,257,14389,5.409836065573771,30,42.01236226820747,61,141830793,700.0,25.0,1
412efff2-a3bc-4321-9743-218c59d419de,001169,sub-J019/sub-J019_ses-RWTautowait2-20210826-115116.nwb,32,116,2974,5.444444444444445,31,46.46913580246915,27,1007381,80.0,25.0,1
413a60dc-8a76-4730-878e-910d34ba1468,001169,sub-J053/sub-J053_ses-RWTautowait2-20221221-133533.nwb,32,118,3087,5.518518518518518,32,48.32373113854595,27,1508965,100.0,25.0,1
413c855d-e671-44ad-b3c6-b6d5b4435dba,001276,sub-P3-20240827-B2/sub-P3-20240827-B2_obj-1curohw_image.nwb,17,38,431,4.153846153846154,13,13.668639053254442,13,428987379,200.0,25.0,1
413f7967-196e-48c2-bd33-5c272e076d92,000467,sub-ant2-m4-d26-y2022/sub-ant2-m4-d26-y2022_ses-m4-d26-y2022-ant2-0-48x-4-methyl-3-heptanone-40-t189-z145um_ophys.nwb,22,48,624,4.176470588235294,13,14.615916955017303,17,84086336,660.0,160.0,0
4154ccbb-88bb-4c96-a2ba-c6341fdac346,001637,sub-832691/sub-832691_ses-ecephys-832691-2026-03-24-10-04-30_ecephys.nwb,68,406,33752,8.169491525423728,58,106.95432347026714,59,13286767186,8780.0,60.0,0
41570400-9f99-44b3-83d8-bab41a0f49b0,001051,sub-615048/sub-615048_ses-None_probe-217_ecephys.nwb,36,62,1087,3.3,14,12.343333333333334,30,3021701107,1320.0,60.0,0
4157c0ec-04f4-4f67-9ef0-bded63a34427,001169,sub-J014/sub-J014_ses-RWTautowait2-20210528-153926.nwb,32,116,2974,5.444444444444445,31,46.46913580246915,27,1032249,60.0,25.0,1
4159f18d-d7b2-411c-960f-4e6205eaea59,001550,sub-P135/sub-P135_ses-TaskSwitch4-180823a.nwb,35,112,2625,4.709677419354839,38,47.36732570239335,31,1455468,60.0,25.0,1
41611558-4aa5-4d17-8ac4-7e0f7ae33aa9,000773,sub-ant3-m1-d17-y2023/sub-ant3-m1-d17-y2023_ses-m1-d17-y2023-ant3-0-03x-propionic-acid-40-t199-z130um_ophys.nwb,22,48,624,4.176470588235294,13,14.615916955017303,17,84086336,600.0,160.0,0
41615284-645f-4dc0-b6ae-0cc4657d365d,001414,sub-PF10/sub-PF10_ses-20240413-10-ctrl-awake-rec4_ophys.nwb,27,45,590,4.294117647058823,13,16.913494809688583,17,640673815,280.0,25.0,1
4161a14f-afe7-45c2-9609-ae73a88fddf5,000773,sub-ant5-m1-d11-y2023/sub-ant5-m1-d11-y2023_ses-m1-d11-y2023-ant5-0-03x-propionic-acid-40-t213-z10um_ophys.nwb,22,48,624,4.176470588235294,13,14.615916955017303,17,84086336,600.0,160.0,0
4178afc2-0a86-4456-bb4d-ad29bf11bf02,001169,sub-M039/sub-M039_ses-RWTautowait2-20211008-122223.nwb,32,116,2974,5.444444444444445,31,46.46913580246915,27,1106504,80.0,25.0,1
418802b3-ca4d-45bd-97b3-8ea154630d38,000773,sub-ant1-m1-d11-y2023/sub-ant1-m1-d11-y2023_ses-m1-d11-y2023-ant1-0-03x-isopropanol-40-t146-z140um_ophys.nwb,22,48,624,4.176470588235294,13,14.615916955017303,17,84086336,640.0,180.0,0
41898731-a995-4d0a-95d4-f8d303d81cbc,001455,sub-948346201/sub-948346201_ses-957038941_icephys.nwb,194,738,124610,5.5811518324607325,67,54.36906883035006,191,32119265,680.0,25.0,1
4197d492-c828-442d-8981-e75e7d320ec4,001634,sub-Bilbo/sub-Bilbo_ses-6_obj-3iaspi_ecephys.nwb,253,72,23250,3.0689655172413794,36,24.478002378121293,116,1405146,60.0,25.0,1
41a5c257-3535-416b-ad0d-d4d7bb1e253f,001607,sub-Bilbo/sub-Bilbo_ses-5_obj-1rik4zc_behavior+ecephys.nwb,256,70,23376,3.0,36,23.798319327731093,119,1990408,80.0,25.0,1
41ae7517-b1e0-47ba-af45-13b920fc5552,000020,sub-790588029/sub-790588029_ses-795607641_icephys.nwb,166,696,95398,5.975460122699387,56,54.30614626067973,163,29926073,32400.0,360.0,0
41b29bca-189f-447f-9322-2112fe333ed5,001550,sub-H113/sub-H113_ses-TaskSwitch4-180301a.nwb,33,110,2570,4.896551724137931,38,49.74791914387635,29,1676537,80.0,25.0,1
41b3dae9-bcdd-4c32-8c7a-2cd6ab6aaa65,001550,sub-P116/sub-P116_ses-TaskSwitch4-171201a.nwb,35,112,2625,4.709677419354839,38,47.36732570239335,31,1029567,40.0,25.0,1
41b5e50d-03f0-4950-93bb-b0e4d3b8d81f,001847,sub-RD059/sub-RD059_ses-RD059-20240802-164652_behavior.nwb,32,121,3215,5.428571428571429,36,51.530612244897966,28,534256,25.0,25.0,1
41bb7be1-99b0-4751-b703-ed8e27b4309a,001836,sub-eliot/sub-eliot_ses-eliot-20221020_obj-valtx.nwb,67,69,1602,3.0925925925925926,33,29.158093278463646,54,2947912,60.0,25.0,1
41c5c968-54a5-4b81-833c-7f6c0865b52b,000467,sub-ant1-m4-d27-y2022/sub-ant1-m4-d27-y2022_ses-m4-d27-y2022-ant1-0-0075x-4-methyl-3-heptanone-40-t130-z75um_ophys.nwb,22,48,624,4.176470588235294,13,14.615916955017303,17,84086336,480.0,120.0,0
41da7f60-74f7-4bb8-abae-8b7b4e537d66,000959,sub-T/sub-T_ses-20220203_obj-1eghltm_behavior.nwb,42,289,30304,8.68421052631579,17,33.63711911357342,38,17633472,300.0,60.0,0
41dae7f4-23d1-41af-8e0e-55c88ebd1462,001195,sub-4481/sub-4481_ses-20190312T153556_slice-slice-2_cell-B15_icephys.nwb,75,207,8958,4.605633802816901,25,13.22475699266019,71,59763198,500.0,25.0,1
41edb537-40ad-4682-bffd-d80968fb3ea3,000711,sub-412036/sub-412036_ses-20181009T090353_image.nwb,48,119,2682,3.7954545454545454,26,27.571797520661153,44,66698180,460.0,60.0,0
41f094c1-6063-4f52-aa3b-342e98ffc4e0,001363,sub-BH672/sub-BH672_ses-20250603T162400_ecephys.nwb,28,46,627,4.111111111111111,14,15.654320987654321,18,1093072,80.0,25.0,1
41f1fbf1-7ff1-4333-a82d-a260a993ebe0,000773,sub-ant4-m4-d6-y2023/sub-ant4-m4-d6-y2023_ses-m4-d6-y2023-ant4-0-48x-ethylpyrazine-40-t164-z60um_ophys.nwb,22,48,624,4.176470588235294,13,14.615916955017303,17,84086336,580.0,140.0,0
41f32e35-09c8-4823-a565-1d3615e37a57,001169,sub-G074/sub-G074_ses-RWTautowait2-20220914-150556.nwb,32,117,3004,5.481481481481482,31,46.397805212620035,27,1375794,60.0,25.0,1
41fbfbfa-3364-4343-b00a-08d0196f8e20,001847,sub-RD054/sub-RD054_ses-RD054-20240730-092703_behavior+image.nwb,32,121,3215,5.428571428571429,36,51.530612244897966,28,22457988,25.0,25.0,1
41fc00e9-fdfd-4a93-9a20-55122d2ab284,001169,sub-S026/sub-S026_ses-RWTautowait2-20210913-155500.nwb,32,117,3004,5.481481481481482,31,46.397805212620035,27,1401603,60.0,25.0,1
41fcb66f-7888-4838-8aac-d82b2a344ed4,000541,sub-20191030-07/sub-20191030-07_ses-20191030_ophys.nwb,3887,5868,73900473,5.954128440366972,960,929.0325543117389,1962,1454102180,3400.0,120.0,0
41fed2dd-d154-4846-a827-dc4c5e9ce641,001169,sub-L001/sub-L001_ses-RWTautowait2-20220217-122357.nwb,32,117,3004,5.481481481481482,31,46.397805212620035,27,982930,60.0,25.0,1
420151d8-3126-4a3e-ab97-22c8bdca99d3,001676,sub-A0667/sub-A0667_ses-20230127T094509_behavior+ophys.nwb,35,66,895,3.433333333333333,13,10.245555555555557,30,90686528,220.0,25.0,1
4202d35b-89e6-4879-a93e-e9a6ff696f36,000020,sub-829286777/sub-829286777_ses-834049943_icephys.nwb,290,1436,491990,6.83623693379791,118,130.9731816581481,287,41376697,55800.0,340.0,0
4204ce33-0668-4e1d-94ee-9e6ae9cce1b6,000020,sub-642979333/sub-642979333_ses-643754668_icephys.nwb,108,399,27666,5.380952380952381,36,29.13106575963719,105,13708591,20780.0,460.0,0
42071e7a-86cc-4f86-9b8d-01b4e7fdc766,000971,sub-332-393/sub-332-393_ses-FP-PS-2020-06-17T11-58-34.nwb,25,51,641,3.5714285714285716,13,14.435374149659864,21,232000,60.0,25.0,1
4207fe26-89d7-43d2-8a98-f9e5e4d77346,001550,sub-P150/sub-P150_ses-TaskSwitch4-190921a.nwb,35,112,2625,4.709677419354839,38,47.36732570239335,31,1475926,80.0,25.0,1
420dd368-0823-4581-8d79-59a5660639a4,001169,sub-M015/sub-M015_ses-RWTautowait2-20200831-130616.nwb,32,117,3004,5.481481481481482,31,46.397805212620035,27,1240842,80.0,25.0,1
4212c337-6d36-4b59-ada1-3d0d798c9d4b,000239,sub-MX190103/sub-MX190103_ses-20190423T162937_behavior.nwb,2455,4898,24478208,2.999592003263974,202,195.0628313308866,2451,71462624,2560.0,60.0,0
42130201-8caf-4d2b-924d-bd092cb267a7,001640,sub-Augustin/Augustin2021-10-03_20-45-48.nwb,22,38,452,3.5294117647058822,13,11.307958477508649,17,3484265604,1220.0,25.0,1
42190e80-3356-42c5-b93f-d68bbf59907d,000773,sub-ant3-m1-d17-y2023/sub-ant3-m1-d17-y2023_ses-m1-d17-y2023-ant3-0-03x-4-methyl-3-heptanol-40-t201-z90um_ophys.nwb,22,48,624,4.176470588235294,13,14.615916955017303,17,84086336,600.0,160.0,0
42265dd6-f072-4b9e-aace-586b08f310fd,000989,sub-G1-12A5B/sub-G1-12A5B_obj-1j09f7u_ecephys.nwb,22,45,579,3.9411764705882355,13,12.643598615916957,17,203596,60.0,25.0,1
422a9115-e104-40c0-bba6-0757f14e1069,001550,sub-P007/sub-P007_ses-TaskSwitch3-151125a.nwb,33,109,2496,4.862068965517241,37,47.49821640903686,29,947775,25.0,25.0,1
422d9e93-c058-4949-ad35-edfa5645ad7a,000336,sub-698808/sub-698808_ses-1309833600-acq-1309954673-raw-movies_image+ophys.nwb,71,269,14788,5.257575757575758,30,39.130624426078974,66,20882250908,1080.0,25.0,1
423ce130-0e52-4a60-b06c-8bb81cc72d7e,000020,sub-714724486/sub-714724486_ses-716729243_icephys.nwb,112,440,36180,5.6880733944954125,34,31.664169682686648,109,15058099,19940.0,380.0,0
423ee608-2d16-4852-a050-4b8509f4c0d6,001550,sub-P007/sub-P007_ses-TaskSwitch4-160404a.nwb,33,110,2570,4.896551724137931,38,49.74791914387635,29,682912,80.0,25.0,1
4244463f-8796-436a-9ba4-98c118595ae8,001634,sub-Bilbo/sub-Bilbo_ses-5_obj-dqrfon_behavior+ecephys.nwb,259,74,23259,2.9836065573770494,36,23.13087879602257,122,54079176,120.0,25.0,1
4247f237-6971-4bf8-94f8-cdfaa21dfedd,000713,sub-574081/sub-574081_ses-20210714T144509_image.nwb,48,115,2402,3.7045454545454546,23,23.889979338842977,44,191427891,240.0,25.0,1
424d8779-9a85-447e-91d0-5ae188b2af77,000363,sub-484673/sub-484673_ses-20210504T121957_behavior+ecephys+ogen.nwb,55,152,3662,4.630434782608695,36,37.36342155009452,46,335372442,168620.0,300.0,0
424f9dea-dee0-41b8-ab26-6c52ea51417c,001169,sub-J031/sub-J031_ses-RWTautowait2-20220411-134517.nwb,32,117,3004,5.481481481481482,31,46.397805212620035,27,1122326,60.0,25.0,1
42567688-9be9-404f-a4fd-b36b3ecf37b4,000467,sub-ant3-m4-d27-y2022/sub-ant3-m4-d27-y2022_ses-m4-d27-y2022-ant3-0-0075x-4-methyl-3-hexanol-40-t137-z65um_ophys.nwb,22,48,624,4.176470588235294,13,14.615916955017303,17,84086336,480.0,120.0,0
42574521-6eb1-48f9-b701-e390a80dae55,000617,sub-686385/sub-686385_ses-1310107209-acq-1310217319_ophys.nwb,66,196,6715,4.344262295081967,17,20.75033593120128,61,608786937,1960.0,40.0,0
42648a9d-84bd-4e38-87b7-03d403711122,000336,sub-656228/sub-656228_ses-1246372987-acq-1246487556-denoised-movies_ophys.nwb,80,433,49783,7.027027027027027,30,50.37764791818846,74,19736784071,1540.0,25.0,1
4269c077-b566-4770-b2b9-7eadd0a32623,001211,sub-Thy1-280/sub-Thy1-280_ses-20240416T090000_obj-1nm1zwb_behavior+ophys.nwb,39,62,1144,3.892857142857143,13,8.809948979591836,28,26527511794,8840.0,25.0,1
4269d30a-3e71-422a-a31f-7dd7e1845fe2,001605,sub-mouse6/sub-mouse6_ses-20140320_behavior+ophys.nwb,49,82,1255,2.9555555555555557,13,7.731358024691357,45,400263814,380.0,25.0,1
427675af-0f1d-4258-bead-d41a3a943b25,000713,sub-558306/sub-558306_ses-20210217T102413_image.nwb,48,115,2402,3.7045454545454546,23,23.889979338842977,44,191448053,340.0,25.0,1
42835643-3da0-4c16-aca9-e65f65a5eab6,001776,sub-M17W/sub-M17W_ses-20210227T012358_icephys.nwb,214,790,186999,5.795121951219512,92,75.67509815585959,205,39406581,880.0,25.0,1
428e8725-bf5e-44af-83b4-1f49a6cd0d3c,000773,sub-ant1-m1-d11-y2023/sub-ant1-m1-d11-y2023_ses-m1-d11-y2023-ant1-0-03x-4-methyl-3-heptanone-40-t125-z85um_ophys.nwb,22,48,624,4.176470588235294,13,14.615916955017303,17,84086336,620.0,160.0,0
4295f1cc-2b81-48e1-b8c4-b6309839a2c0,001258,sub-BSD015/sub-BSD015_ses-p114.nwb,22,59,909,5.0,21,30.875,16,475528,120.0,25.0,1
42987236-5eeb-46a6-84b6-cdf64e6ebd08,001349,sub-C57-C2-1-BR/sub-C57-C2-1-BR_ses-24_ophys.nwb,32,64,1380,3.923076923076923,13,11.07100591715976,26,30356638,120.0,25.0,1
42990c4f-2b89-49a3-8018-b34e87f0750c,001169,sub-G086/sub-G086_ses-RWTautowait2-20221207-152154.nwb,32,118,3087,5.518518518518518,32,48.32373113854595,27,1362305,100.0,25.0,1
42a13ef1-3119-42f7-a186-be6e2af2b8f9,000467,sub-ant1-m4-d27-y2022/sub-ant1-m4-d27-y2022_ses-m4-d27-y2022-ant1-0-0075x-4-methyl-3-hexanol-40-t134-z25um_ophys.nwb,22,48,624,4.176470588235294,13,14.615916955017303,17,84086336,460.0,120.0,0
42a50150-e7bf-44a5-b7d4-2cf2afdf8c91,000020,sub-833280508/sub-833280508_ses-836612225_icephys.nwb,159,632,77513,5.737179487179487,52,50.462976660092046,156,54477732,32540.0,380.0,0
42a74b26-23fb-451e-bbec-a66966d26571,000773,sub-ant1-m1-d20-y2023/sub-ant1-m1-d20-y2023_ses-m1-d20-y2023-ant1-0-48x-isopropanol-40-t142-z30um_ophys.nwb,22,48,624,4.176470588235294,13,14.615916955017303,17,84086336,600.0,160.0,0
42ac50f6-bed6-4417-b040-39faef458614,000688,sub-C/sub-C_ses-CO-20160929_behavior+ecephys.nwb,33,69,815,3.814814814814815,13,13.55829903978052,27,164551868,3280.0,780.0,0
42b0ee4c-bbed-43bd-ae11-5035c231c19c,000711,sub-412036/sub-412036_ses-20181218T154440_image+ophys.nwb,73,223,9181,4.5,24,27.25,68,416883953,1400.0,60.0,0
42b9f9ad-a677-49f8-a887-21de353af178,000114,sub-V118/sub-V118_ses-03212018_ecephys.nwb,27,54,669,3.6818181818181817,13,9.853305785123966,22,48733037512,37680.0,100.0,0
42bd9d9b-fd7d-4e7f-bcf4-3f536fe1093b,001435,sub-Lalo/sub-Lalo_ses-20230228_ecephys.nwb,26,49,692,3.5714285714285716,13,11.959183673469388,21,18740822820,6500.0,100.0,0
42c11f85-f71a-4c5d-ac3b-3d42e4b835ad,001169,sub-S058/sub-S058_ses-RWTautowait2-20230510-115313.nwb,32,118,3087,5.518518518518518,32,48.32373113854595,27,996774,80.0,25.0,1
42e0821a-5314-4ff9-bbd2-2420527980fa,001550,sub-P189/sub-P189_ses-TaskSwitch6-190514a.nwb,33,111,2646,4.931034482758621,39,52.064209274673004,29,896138,60.0,25.0,1
42ebf73c-0c68-4cf4-9975-15e2c349a25d,000713,sub-570302/sub-570302_ses-None_probe-1123021157_ecephys.nwb,36,62,1087,3.3,14,12.343333333333334,30,3864353744,3020.0,240.0,0
42ed0678-7527-43db-8961-784feff43b91,000773,sub-ant2-m2-d24-y2023/sub-ant2-m2-d24-y2023_ses-m2-d24-y2023-ant2-0-48x-4-methyl-3-heptanol-40-t159-z5um_ophys.nwb,22,48,624,4.176470588235294,13,14.615916955017303,17,84086336,620.0,160.0,0
42ee1b00-7305-401e-b4c9-c91f47c6603f,001169,sub-J012/sub-J012_ses-RWTautowait2-20210302-131447.nwb,32,116,2974,5.444444444444445,31,46.46913580246915,27,1186468,100.0,25.0,1
42eff8c6-9c9d-447b-b785-a72a31d788bf,001169,sub-M017/sub-M017_ses-RWTautowait2-20200803-135631.nwb,32,116,2923,5.444444444444445,30,44.54320987654322,27,1226069,25.0,25.0,1
42f6aeae-9f84-4658-ab93-e822946775cd,001550,sub-P049/sub-P049_ses-TaskSwitch4-160622a.nwb,35,112,2625,4.709677419354839,38,47.36732570239335,31,859594,60.0,25.0,1
42f71ec2-26a4-4e86-85c3-c20c5207529a,001640,sub-Albert/Albert2021-09-06_18-06-49.nwb,22,38,452,3.5294117647058822,13,11.307958477508649,17,6004614023,2040.0,25.0,1
42f7adf9-02b2-469a-b15e-607ae5f72177,000728,sub-567425505/sub-567425505_ses-580095655-StimA_ophys.nwb,23,48,605,4.055555555555555,13,13.163580246913579,18,38219057389,15180.0,25.0,1
430180f2-5100-46bd-993a-75df51f91667,001465,sub-1388178402/sub-1388178402_ses-1390380567_icephys.nwb,246,976,232366,5.7860082304526745,92,73.57560669952075,243,54453522,1360.0,80.0,0
43089af4-4e29-41be-baf4-6c98996e3421,001550,sub-P189/sub-P189_ses-TaskSwitch6-200225a.nwb,33,110,2570,4.896551724137931,38,49.74791914387635,29,812555,25.0,25.0,1
430d87db-e2bd-4e08-9f0a-4ac41bd18300,000020,sub-679618558/sub-679618558_ses-682128141_icephys.nwb,125,456,37296,5.336065573770492,36,32.14115829078205,122,15900522,21500.0,400.0,0
431049c3-7396-4705-ad66-fa392003e051,001611,sub-25897/sub-25897_ses-20241114T011557_ecephys.nwb,25,52,649,4.105263157894737,13,13.988919667590027,19,20142708,80.0,25.0,1
4317bf21-16f2-4267-a129-4c3f8c1c3a10,000728,sub-568753123/sub-568753123_ses-583130100-StimC2_behavior+image+ophys.nwb,50,11477,195172714,262.3181818181818,5812,1407580.2623966942,44,133426179,1020.0,25.0,1
431995ee-26b8-448e-8cef-309ad948dbae,000959,sub-T/sub-T_ses-20220715_obj-1isi9am_behavior.nwb,42,289,30304,8.68421052631579,17,33.63711911357342,38,17536720,300.0,60.0,0
431b78eb-91af-49b6-8808-8057e02b386b,001521,sub-CHO-20250502-c6/sub-CHO-20250502-c6_ses-session-2025-05-02_obj-k3sm1a_image.nwb,17,38,431,4.153846153846154,13,13.668639053254442,13,30015555,80.0,25.0,1
431cacbd-e459-4085-847a-d939ec58a9f1,001550,sub-P007/sub-P007_ses-TaskSwitch2-150823a.nwb,33,109,2496,4.862068965517241,37,47.49821640903686,29,2087181,60.0,25.0,1
43244a96-6575-4ccc-a81f-e930af801636,000336,sub-661749/sub-661749_ses-1252346608-acq-1252421565-raw-movies_ophys.nwb,68,260,14699,5.403225806451613,30,41.30515088449531,62,19907421417,1320.0,25.0,1
4324e758-59c3-4a56-8efc-0a9262c194c6,000871,sub-656228/sub-656228_ses-1245548523-acq-1245937727-denoised-movies_image+ophys.nwb,93,472,51243,6.511363636363637,30,44.636234504132226,88,43384682211,19760.0,25.0,1
432b5605-6e0d-4107-bc24-ee66840bf493,001348,sub-1347447837/sub-1347447837_ses-1347780625_icephys.nwb,279,1101,300775,5.760869565217392,105,83.5297731568998,276,60501413,1360.0,80.0,0
432ccd27-fbd5-4381-8084-05c4f9a369b0,000773,sub-ant5-m4-d6-y2023/sub-ant5-m4-d6-y2023_ses-m4-d6-y2023-ant5-0-48x-3-hexanone-40-t186-z60um_ophys.nwb,22,48,624,4.176470588235294,13,14.615916955017303,17,84086336,600.0,160.0,0
4334301f-2278-42e5-82ec-192dc68975a4,000537,sub-170507cell2q6a-900/sub-170507cell2q6a-900_ses-20220602T170507_image.nwb,32,47,573,3.9,13,12.69,20,51122512,280.0,60.0,0
4335633f-440a-426c-a576-80a450b0f54d,000728,sub-557681503/sub-557681503_ses-566674372-StimA_ophys.nwb,23,48,605,4.055555555555555,13,13.163580246913579,18,40577605879,14140.0,25.0,1
433db2b8-462b-4aa2-a6db-55983044953f,001836,sub-lewis/sub-lewis_ses-lewis-20240107_obj-2on8oe.nwb,103,84,1949,2.7777777777777777,65,53.68395061728392,90,2821764,80.0,25.0,1
43408f89-ea5b-4ff8-a9bc-f6410c214598,000713,sub-562033/sub-562033_ses-20210507T134109_image.nwb,48,115,2402,3.7045454545454546,23,23.889979338842977,44,191382717,260.0,25.0,1
4344b4d1-c2a9-4058-84c9-b6c74299de7e,000769,sub-1283839697/sub-1283839697_ses-1285862271_icephys.nwb,335,1344,450102,5.828313253012048,128,106.46751161271592,332,89782714,31540.0,160.0,0
434949dc-2df5-4b57-a741-6f90c7377d28,000467,sub-ant2-m4-d27-y2022/sub-ant2-m4-d27-y2022_ses-m4-d27-y2022-ant2-0-12x-4-methyl-3-heptanone-40-t193-z65um_ophys.nwb,22,48,624,4.176470588235294,13,14.615916955017303,17,84086336,480.0,120.0,0
434f7644-5c5e-4670-9065-b2ff196b5714,001358,sub-Z11111/sub-Z11111_ses-s040-F200616_ecephys.nwb,24,59,646,4.611111111111111,13,16.90432098765432,18,487416,840.0,180.0,0
43528522-57ca-4344-873e-630f7fa001cf,001169,sub-G057/sub-G057_ses-RWTautowait2-20220802-135208.nwb,32,117,3004,5.481481481481482,31,46.397805212620035,27,1164675,80.0,25.0,1
43549262-2236-4b96-9192-b92ad0907ff5,000971,sub-108-411/sub-108-411_ses-Opto-DMS-Inhibitory-EYFP-2020-10-19T11-12-19_ogen.nwb,30,57,751,3.3846153846153846,15,14.698224852071005,26,249048,80.0,60.0,0
4356df3a-84a7-4fb4-8a21-4ae850784275,000959,sub-L/sub-L_ses-20190903_obj-11gdhw4_behavior.nwb,42,289,30304,8.68421052631579,17,33.63711911357342,38,17561016,320.0,60.0,0
435dc91b-5435-4201-bf24-ea534038a76f,000020,sub-885375443/sub-885375443_ses-892444881_icephys.nwb,181,879,171892,6.707865168539326,67,68.86971342002272,178,31743483,35540.0,360.0,0
4361a61f-539f-491a-abd9-ba3dd48966e9,000246,sub-phpV15-blind-02/sub-phpV15-blind-02_obj-f3dx25_ophys.nwb,33,46,581,3.5217391304347827,13,12.162570888468805,23,12760208,40.0,25.0,1
4364d4b3-db7d-4329-806d-4235561dd5ca,001169,sub-J062/sub-J062_ses-RWTautowait2-20221208-155713.nwb,32,118,3087,5.518518518518518,32,48.32373113854595,27,1319954,80.0,25.0,1
436af394-8d44-4b9c-90ed-adc4af8c59f8,000295,sub-20220624004/sub-20220624004_ses-20220624T182406_slice-20220624004_cell-20220624004_icephys.nwb,251,720,167720,4.82995951417004,111,92.06015505908971,247,31250589,2620.0,60.0,0
436c2efc-93fb-49ba-8fa5-071a6e49e33f,000246,sub-C1-04-01/sub-C1-04-01_obj-ejunay_ophys.nwb,33,46,581,3.5217391304347827,13,12.162570888468805,23,12766000,60.0,25.0,1
436e448b-ae1a-43e6-b069-622f36f9533e,000711,sub-462544/sub-462544_ses-20190730T123734_image+ophys.nwb,78,229,9548,4.342465753424658,24,25.896415837868265,73,1111605061,780.0,25.0,1
437992c0-3681-4d19-b79b-229bf71d7494,001550,sub-P100/sub-P100_ses-TaskSwitch4-190109a.nwb,35,112,2625,4.709677419354839,38,47.36732570239335,31,1357063,80.0,25.0,1
437a662a-7669-444e-bdf3-8b33cea9aeaf,001550,sub-P059/sub-P059_ses-TaskSwitch4-171011a.nwb,35,112,2625,4.709677419354839,38,47.36732570239335,31,1536534,60.0,25.0,1
437c6445-6844-49cf-8c95-c90519a88ba0,000773,sub-ant2-m2-d24-y2023/sub-ant2-m2-d24-y2023_ses-m2-d24-y2023-ant2-0-48x-propionic-acid-40-t150-z50um_ophys.nwb,22,48,624,4.176470588235294,13,14.615916955017303,17,84086336,580.0,160.0,0
4383017f-315e-4140-a200-763673724491,000713,sub-567286/sub-567286_ses-20210414T125422_image.nwb,48,118,2609,3.772727272727273,25,26.584710743801654,44,66659602,260.0,40.0,0
438b205e-59d7-4cdd-a4e8-70c387c4fc69,000711,sub-513630/sub-513630_ses-20200804T093636_obj-1yskx7p_image+ophys.nwb,78,229,9548,4.342465753424658,24,25.896415837868265,73,409670603,540.0,25.0,1
438da2b9-c98a-4eb9-ac4b-3bfd9406507f,001211,sub-Thy1-211/sub-Thy1-211_ses-20231218T100000_obj-1ri272y_behavior+ophys.nwb,39,62,1144,3.892857142857143,13,8.809948979591836,28,49681678642,16480.0,25.0,1
438e201a-43b2-4055-b9d6-949140914973,000773,sub-ant4-m1-d11-y2023/sub-ant4-m1-d11-y2023_ses-m1-d11-y2023-ant4-0-03x-4-methyl-3-heptanone-40-t183-z20um_ophys.nwb,22,48,624,4.176470588235294,13,14.615916955017303,17,84086336,600.0,160.0,0
43922bff-8540-4c68-b746-01fa696e3715,000467,sub-ant4-m4-d26-y2022/sub-ant4-m4-d26-y2022_ses-m4-d26-y2022-ant4-1x-isopropanol-40-t232-z25um_ophys.nwb,22,48,624,4.176470588235294,13,14.615916955017303,17,84086336,500.0,120.0,0
4397a238-4b82-4c45-9b26-091a00a19e39,001550,sub-P130/sub-P130_ses-TaskSwitch4-171109a.nwb,35,112,2625,4.709677419354839,38,47.36732570239335,31,825701,80.0,25.0,1
439a0b71-e583-47fb-873d-bb6a3a63f089,000678,sub-BW048/sub-BW048_ses-20220123T125441.nwb,29,70,949,4.083333333333333,20,21.743055555555557,24,22939648,260.0,25.0,1
439a62fd-3775-483a-8c79-1de72af447c2,001550,sub-P059/sub-P059_ses-TaskSwitch4-160806a.nwb,35,112,2625,4.709677419354839,38,47.36732570239335,31,1049878,80.0,25.0,1
43a2b205-af29-428e-9df1-2ef8f6dc7e5e,000020,sub-732239936/sub-732239936_ses-736490420_icephys.nwb,107,424,33069,5.721153846153846,39,33.37416789940828,104,18129495,20200.0,380.0,0
43a80990-99d4-41b0-9a4a-f7334af3af29,001552,sub-JF-dLight-ramp2-M2/sub-JF-dLight-ramp2-M2_ses-Day13.nwb,24,49,497,3.4285714285714284,13,9.863945578231291,21,1315348,80.0,25.0,1
43ac3d37-c969-4e67-bec9-f51af1af865e,001169,sub-M044/sub-M044_ses-RWTautowait2-20220819-155717.nwb,32,116,2974,5.444444444444445,31,46.46913580246915,27,1307874,100.0,25.0,1
43ad1821-eb8a-4206-897e-655862d92012,000467,sub-ant1-m10-d11-y2022/sub-ant1-m10-d11-y2022_ses-m10-d11-y2022-ant1-0-48x-isopropanol-40-t135-z85um_ophys.nwb,22,48,624,4.176470588235294,13,14.615916955017303,17,84086336,680.0,180.0,0
43ada8af-4bde-468a-8466-20d2c9ed099c,000020,sub-729729920/sub-729729920_ses-732717959_icephys.nwb,139,569,61975,5.867647058823529,45,41.46777681660899,136,20250043,24400.0,400.0,0
43aed808-9daf-46b0-add1-efb5c84d0ea7,001281,sub-200925/sub-200925_ses-2009251mg-2-4-2_icephys.nwb,62,224,11912,5.719298245614035,20,13.394890735610957,57,32187784,5420.0,160.0,0
43b21aef-5d7f-4816-a494-0a1b4ae7523c,001607,sub-Frodo/sub-Frodo_ses-5_obj-ly6n1q_ecephys.nwb,253,70,23224,3.0517241379310347,36,24.342152199762193,116,22404664,60.0,25.0,1
43b43100-bd8d-423f-9763-48b12fcfceb5,001169,sub-L031/sub-L031_ses-RWTautowait2-20230428-100154.nwb,32,118,3087,5.518518518518518,32,48.32373113854595,27,1134232,100.0,25.0,1
43bd5768-344a-49a4-8456-3bf807b2b638,000690,sub-717441/sub-717441_ses-1332089263.nwb,65,446,65534,9.087719298245615,33,63.378270236996,57,2540301812,9260.0,80.0,0
43c466e4-fbfd-42e0-ac89-f4cf15e495be,000971,sub-150-425/sub-150-425_ses-Opto-DMS-Excitatory-ChR2-2020-11-19T14-05-37_ogen.nwb,30,56,729,3.3461538461538463,14,13.84171597633136,26,249433,80.0,60.0,0
43c7f908-6cdb-4ba3-9e89-1af5d3991c81,000467,sub-ant2-m4-d26-y2022/sub-ant2-m4-d26-y2022_ses-m4-d26-y2022-ant2-0-03x-6-methyl-5-hepten-2-one-40-t170-z140um_ophys.nwb,22,48,624,4.176470588235294,13,14.615916955017303,17,84086336,660.0,180.0,0
43ce179a-2e10-4cbe-9560-037d8d0f2283,000711,sub-457766/sub-457766_ses-20190703T130544_image.nwb,48,116,2469,3.727272727272727,23,24.743801652892568,44,188694030,280.0,25.0,1
43ce6cae-6d73-4952-8d5c-f440d54d76da,001550,sub-P013/sub-P013_ses-TaskSwitch4new-170717a.nwb,33,110,2570,4.896551724137931,38,49.74791914387635,29,2104043,80.0,25.0,1
43d33b13-9c01-457a-b84d-5e96fb5a2145,001169,sub-J071/sub-J071_ses-RWTautowait2-20230612-133106.nwb,32,118,3087,5.518518518518518,32,48.32373113854595,27,1216763,80.0,25.0,1
43e2aae8-6fcf-4a1a-b55b-c3775df3342a,001169,sub-J004/sub-J004_ses-RWTautowait2-20201006-132824.nwb,32,117,3004,5.481481481481482,31,46.397805212620035,27,1199961,80.0,25.0,1
43e41f56-60c0-449b-964f-5d41154bef8d,000246,sub-phpV14-03-H5/sub-phpV14-03-H5_ses-20241118_obj-19hg3st_ophys.nwb,33,46,581,3.5217391304347827,13,12.162570888468805,23,12760256,80.0,25.0,1
43f6a285-6203-49b0-8de8-599c320ae503,000773,sub-ant2-m2-d24-y2023/sub-ant2-m2-d24-y2023_ses-m2-d24-y2023-ant2-0-48x-4-methyl-3-heptanol-40-t166-z55um_ophys.nwb,22,48,624,4.176470588235294,13,14.615916955017303,17,84086336,580.0,160.0,0
43f84f71-c6e8-4d48-906e-b8031bbd30b5,000409,sub-CSH-ZAD-029/sub-CSH-ZAD-029_ses-1ec23a70-b94b-4e9c-a0df-8c2151da3761_desc-processed_behavior+ecephys.nwb,74,224,10364,4.6716417910447765,32,28.250389841835595,67,1717320465,2980.0,80.0,0
43f88e68-2993-4563-b6f3-82dca3bfa4b7,001848,sub-SM239/sub-SM239_ses-SM239-20230228-ALM_ecephys+ogen.nwb,28,72,1265,5.611111111111111,16,29.01543209876543,18,23382640,25.0,25.0,1
43fc0b12-1d69-4d38-9f65-c0beeee471f7,000008,sub-mouse-MHJIR/sub-mouse-MHJIR_ses-20190320-sample-4_slice-20190320-slice-3_cell-20190320-sample-4_icephys.nwb,181,538,87573,4.96045197740113,80,65.58600657537744,177,8558312,13840.0,440.0,0
4409bb44-8605-4bd1-89e2-9476c502da8b,000008,sub-mouse-VCACE/sub-mouse-VCACE_ses-20180329-sample-2_slice-20180329-slice-2_cell-20180329-sample-2_icephys.nwb,181,538,87573,4.96045197740113,80,65.58600657537744,177,8606049,14300.0,440.0,0
440dd8fd-fe90-48ba-8350-cb27cea172ef,000959,sub-T/sub-T_ses-20220527_obj-1sjot2q_behavior.nwb,40,261,23864,8.333333333333334,15,33.00000000000001,36,17507640,300.0,60.0,0
440f6cb5-10e4-49fa-b18b-923ec212716c,000628,sub-Fr/sub-Fr_ses-20211017T180933.nwb,26,39,494,4.266666666666667,13,17.662222222222226,15,3031724,280.0,120.0,0
4410577f-b6f4-427a-8c50-a481e8fe5085,001607,sub-Frodo/sub-Frodo_ses-5_obj-n4wfjk_ecephys.nwb,256,79,23510,3.0756302521008405,36,24.08671703975707,119,2131344,80.0,25.0,1
441cfd94-f500-4ab9-b448-75e6b781d80b,000773,sub-ant2-m1-d11-y2023/sub-ant2-m1-d11-y2023_ses-m1-d11-y2023-ant2-0-03x-4-methyl-3-heptanone-40-t166-z105um_ophys.nwb,22,48,624,4.176470588235294,13,14.615916955017303,17,84086336,640.0,180.0,0
441d8de5-5c70-4fdd-8ccc-28f32c8cb510,000246,sub-AAV-V15-D6/sub-AAV-V15-D6_obj-1hyy1kj_ophys.nwb,31,41,560,3.8421052631578947,13,14.027700831024932,19,8566968,25.0,25.0,1
441fef60-be1b-482e-8003-114296a6f0fa,000467,sub-ant2-m4-d27-y2022/sub-ant2-m4-d27-y2022_ses-m4-d27-y2022-ant2-0-0075x-6-methyl-5-hepten-2-one-40-t170-z50um_ophys.nwb,22,48,624,4.176470588235294,13,14.615916955017303,17,84086336,480.0,120.0,0
441ff9e8-858f-4a24-95cb-ca37614434ad,000351,sub-HJ-FP-F1/sub-HJ-FP-F1_ses-Day16.nwb,25,49,554,3.3181818181818183,13,9.489669421487603,22,21109304,1620.0,60.0,0
44292067-fb07-4825-b12b-39d16e970523,000988,sub-123649cell4-1135nm/sub-123649cell4-1135nm_ses-20230328T123649_image.nwb,39,61,910,3.96,13,14.198399999999998,25,572396838,600.0,25.0,1
442b5a99-c380-466d-9a76-039e3cca66da,001747,sub-chip19894/sub-chip19894_ses-recording099_ecephys.nwb,22,44,569,3.8823529411764706,13,12.927335640138407,17,10376278781,1560.0,25.0,1
4440527d-913e-4b4f-90c0-7d150ce22648,001836,sub-julio/sub-julio_ses-julio-20230806_obj-rj6e5r.nwb,103,74,1739,2.6666666666666665,65,51.844444444444456,90,61583824,60.0,25.0,1
444d8580-a38a-4722-8d9c-aeb47e2dc2fd,000620,sub-Perle/sub-Perle_ses-2022-05-27_ecephys.nwb,31,62,991,3.9583333333333335,13,11.039930555555555,24,98756207136,12200.0,100.0,0
444eb446-084b-4e6d-9ea3-ad3998360e0b,001751,sub-Mfa241014/sub-Mfa241014_ses-20241014HS13_obj-sknl1z_icephys.nwb,191,1053,520159,7.758241758241758,160,129.87561888660784,182,23541328,1160.0,80.0,0
445e96bf-5c65-4be0-952d-ad76d3bcc066,000773,sub-ant4-m1-d18-y2023/sub-ant4-m1-d18-y2023_ses-m1-d18-y2023-ant4-0-48x-ethanol-40-t141-z125um_ophys.nwb,22,48,624,4.176470588235294,13,14.615916955017303,17,84086336,620.0,160.0,0
445e9722-2637-404b-8985-2f46408e74fb,000959,sub-L/sub-L_ses-20200103_obj-1gxkkq7_behavior.nwb,29,116,3192,5.76,13,16.1824,25,10039536,260.0,60.0,0
446a5f40-fb07-40e3-84ec-71d36fb9dacc,000035,sub-mouse-SCEAC/sub-mouse-SCEAC_ses-20200414-sample-18_slice-20200414-slice-3_cell-20200414-sample-18_icephys.nwb,181,537,87781,4.954802259887006,80,65.62507580835644,177,9007305,11400.0,240.0,0
446acfdb-71d5-49db-b788-3be5190439a8,001261,sub-CG609/sub-CG609_ses-Recordings-from-animal-CG609-on-21-Sep-2023_obj-vc7v7j_icephys.nwb,50,163,6895,6.075,18,12.519375,40,12161256,600.0,80.0,0
446e2036-8d2e-4b38-9455-c1f0e357912d,001169,sub-S033/sub-S033_ses-RWTautowait2-20220420-133602.nwb,32,117,3004,5.481481481481482,31,46.397805212620035,27,951137,25.0,25.0,1
4478eb88-608a-4e3e-ad3b-c39839fcc039,000950,sub-T5-held-in-calib/sub-T5-held-in-calib_ses-20221208.nwb,20,42,427,3.8125,13,12.52734375,16,36141346,320.0,240.0,0
447fd08c-8bdb-4359-b7e1-569e5043409e,001550,sub-P102/sub-P102_ses-TaskSwitch4-170817a.nwb,35,112,2625,4.709677419354839,38,47.36732570239335,31,1434929,80.0,25.0,1
4481ca81-7703-4b53-b718-4eaa1632afb3,001169,sub-M038/sub-M038_ses-RWTautowait2-20210804-140229.nwb,32,116,2974,5.444444444444445,31,46.46913580246915,27,1298143,60.0,25.0,1
4482c181-b317-4441-b2df-95522fca98ff,000617,sub-680787/sub-680787_ses-1287539392-acq-1287637449_ophys.nwb,66,196,6715,4.344262295081967,17,20.75033593120128,61,595291105,1800.0,25.0,1
448a1525-28bd-4ef9-be13-f4c703488670,000773,sub-ant1-m1-d17-y2023/sub-ant1-m1-d17-y2023_ses-m1-d17-y2023-ant1-0-03x-isopropanol-40-t141-z85um_ophys.nwb,22,48,624,4.176470588235294,13,14.615916955017303,17,84086336,620.0,160.0,0
448b3a02-904f-4606-8acd-f37156345a2d,000467,sub-ant2-m10-d11-y2022/sub-ant2-m10-d11-y2022_ses-m10-d11-y2022-ant2-0-48x-ethanol-40-t148-z75um_ophys.nwb,22,48,624,4.176470588235294,13,14.615916955017303,17,84086336,680.0,180.0,0
448c9bcb-76f0-474b-8cc5-09a2591ceb46,001550,sub-P078/sub-P078_ses-TaskSwitch4-161106a.nwb,35,112,2625,4.709677419354839,38,47.36732570239335,31,889800,60.0,25.0,1
448d6540-ad1e-4e10-b298-9e1903c44607,001169,sub-G055/sub-G055_ses-RWTautowait2-20220217-155737.nwb,32,117,3004,5.481481481481482,31,46.397805212620035,27,1141020,80.0,25.0,1
44937012-aa0a-4d7a-ac22-9907d317d38f,000773,sub-ant1-m2-d24-y2023/sub-ant1-m2-d24-y2023_ses-m2-d24-y2023-ant1-0-48x-4-methyl-3-heptanone-40-t127-z75um_ophys.nwb,22,48,624,4.176470588235294,13,14.615916955017303,17,84086336,600.0,160.0,0
4494a70b-87a9-4a16-93ca-5f4401c2e743,000773,sub-ant3-m2-d24-y2023/sub-ant3-m2-d24-y2023_ses-m2-d24-y2023-ant3-0-48x-3-hexanone-40-t176-z5um_ophys.nwb,22,48,624,4.176470588235294,13,14.615916955017303,17,84086336,580.0,160.0,0
44996785-834f-42e0-a8ab-272b940ee1bc,000467,sub-ant2-m10-d11-y2022/sub-ant2-m10-d11-y2022_ses-m10-d11-y2022-ant2-0-48x-propionic-acid-40-t154-z75um_ophys.nwb,22,48,624,4.176470588235294,13,14.615916955017303,17,84086336,680.0,180.0,0
449f7206-e6ef-44b6-8195-f782db5c5ddb,001858,sub-1375555052/sub-1375555052_ses-1380276138_icephys.nwb,350,1431,536531,5.939481268011527,140,115.37097725253098,347,77774928,1700.0,25.0,1
44a2d681-df23-46af-a2dd-7db925dc8089,000946,sub-BH528/sub-BH528_ses-20231017T162800_ecephys.nwb,28,50,690,4.333333333333333,14,17.0,18,1365624,120.0,80.0,0
44a81fd3-da42-497a-9d98-fe162ddb5825,000336,sub-621603/sub-621603_ses-1194683535-acq-1194752576_ophys.nwb,67,257,14389,5.409836065573771,30,42.01236226820747,61,200812606,700.0,25.0,1
44b2d38a-c891-46bb-a160-d50f78386dca,000773,sub-ant3-m2-d24-y2023/sub-ant3-m2-d24-y2023_ses-m2-d24-y2023-ant3-0-48x-ethylpyrazine-40-t189-z150um_ophys.nwb,22,48,624,4.176470588235294,13,14.615916955017303,17,84086336,600.0,160.0,0
44ba79b9-9ce5-4360-a6c5-7b573753d9bc,001775,sub-Hisa/sub-Hisa_ses-Day1_ecephys.nwb,32,53,707,3.739130434782609,14,16.5406427221172,23,869190472,700.0,40.0,0
44c50288-e496-45d7-83dc-dd61fc75f0e2,000020,sub-676930727/sub-676930727_ses-678411671_icephys.nwb,115,424,31522,5.366071428571429,36,30.2320631377551,112,14054057,20700.0,400.0,0
44c5c8ef-bb1c-4f44-b3d6-20ee5feda34d,001837,sub-G4-5/sub-G4-5_obj-1qi8j75_ecephys.nwb,22,45,579,3.9411764705882355,13,12.643598615916957,17,198444,25.0,25.0,1
44c6c16c-648a-4e38-8e7a-705aec3fff22,001550,sub-P120/sub-P120_ses-TaskSwitch4-190205b.nwb,35,112,2625,4.709677419354839,38,47.36732570239335,31,1099267,80.0,25.0,1
44c7388c-c819-4d15-a593-39a5909ef7bb,000766,sub-PC12-cell/sub-PC12-cell_ses-20210221T153000_obj-15je8t4.nwb,17,35,401,3.923076923076923,13,13.609467455621298,13,192088,100.0,60.0,0
44c824f8-b1d1-4f01-a674-759258f67ac9,001169,sub-G078/sub-G078_ses-RWTautowait2-20220509-153420.nwb,32,117,3004,5.481481481481482,31,46.397805212620035,27,1307713,80.0,25.0,1
44ca9d2d-d920-4358-8d78-71852ca01b10,000711,sub-476970/sub-476970_ses-20191209T130723_image.nwb,50,156,5473,4.478260869565218,24,34.72778827977316,46,196144111,340.0,25.0,1
44d11ef4-0b7d-4c4a-b5e9-ca8c450fffb4,001169,sub-J063/sub-J063_ses-RWTautowait2-20221201-161434.nwb,32,118,3087,5.518518518518518,32,48.32373113854595,27,1888508,80.0,25.0,1
44d1aa5e-45da-439d-850a-d297ac008cf3,000711,sub-403491/sub-403491_ses-20180830T130052_image.nwb,48,119,2682,3.7954545454545454,26,27.571797520661153,44,66773454,640.0,60.0,0
44dda253-f126-4770-89b3-a6307483d847,001169,sub-J067/sub-J067_ses-RWTautowait2-20230719-130959.nwb,32,118,3087,5.518518518518518,32,48.32373113854595,27,1818633,80.0,25.0,1
44eb22e9-55e6-4403-b360-9078eb476128,000769,sub-1260690332/sub-1260690332_ses-1263345105_icephys.nwb,317,1247,380419,5.726114649681529,117,95.0141587894032,314,50697096,18460.0,180.0,0
44ed5aff-111e-46ef-bf0b-558bd284f6ec,000467,sub-ant3-m10-d6-y2022/sub-ant3-m10-d6-y2022_ses-m10-d6-y2022-ant3-0-48x-isopropanol-40-t184-z20um_ophys.nwb,22,48,624,4.176470588235294,13,14.615916955017303,17,84086336,660.0,180.0,0
44eec4fb-c1e8-4b8a-8f11-83ddcf2eab4c,000341,"Human_persistent_RAF/sub-160226/sub-160226_ses-1602261rm-3-1,3,6-4_icephys.nwb",2172,9719,31231472,6.479464697738809,1075,1057.071913326741,2167,235945420,42660.0,180.0,0
44ef1c3e-caf0-481a-9c24-3227af5717e4,000467,sub-ant3-m4-d27-y2022/sub-ant3-m4-d27-y2022_ses-m4-d27-y2022-ant3-0-12x-4-methyl-3-heptanol-40-t146-z115um_ophys.nwb,22,48,624,4.176470588235294,13,14.615916955017303,17,84086336,460.0,120.0,0
44f66095-f724-4878-8ecd-4ce64a9e98f3,001747,sub-chip19894/sub-chip19894_ses-recording067_ecephys.nwb,22,44,569,3.8823529411764706,13,12.927335640138407,17,8281120814,1260.0,25.0,1
44f66f5e-7762-4b03-a2a0-3e04333bc21f,001455,sub-902290661/sub-902290661_ses-908644146_icephys.nwb,244,973,233396,5.821576763485477,93,79.78974191215714,241,62134102,940.0,25.0,1
45012cac-72d9-44b8-af49-162bb148821f,001550,sub-P124/sub-P124_ses-TaskSwitch4-190317a.nwb,35,112,2625,4.709677419354839,38,47.36732570239335,31,1452817,60.0,25.0,1
4501491e-a797-48fc-99d7-23b468868788,000705,sub-Temp-pref-F32-B32-6dpf-20-unsorted-nac/sub-Temp-pref-F32-B32-6dpf-20-unsorted-nac_ses-20230712T153100_behavior.nwb,33,53,613,3.0357142857142856,13,8.391581632653063,28,9511347,200.0,25.0,1
4502e6bb-4456-4c67-a1dd-5010456e1d50,000952,sub-222/sub-222_ses-20201204.nwb,18,33,385,3.5714285714285716,13,12.959183673469388,14,500349004,220.0,25.0,1
4503be14-b40e-4d51-9df8-71d4d916517e,001201,sub-Monkey-N/sub-Monkey-N_ses-20201204_ecephys.nwb,31,71,972,4.16,13,14.454399999999998,25,38208130,640.0,240.0,0
45061f89-01a0-4bd4-8526-7cba443de23f,000773,sub-ant3-m1-d10-y2023/sub-ant3-m1-d10-y2023_ses-m1-d10-y2023-ant3-0-48x-ethylpyrazine-40-t124-z30um_ophys.nwb,22,48,624,4.176470588235294,13,14.615916955017303,17,84086336,660.0,180.0,0
45084ff1-d60a-4886-9bfa-e56633be5122,000773,sub-ant2-m1-d17-y2023/sub-ant2-m1-d17-y2023_ses-m1-d17-y2023-ant2-0-03x-isopropanol-40-t151-z105um_ophys.nwb,22,48,624,4.176470588235294,13,14.615916955017303,17,84086336,620.0,160.0,0
45088df3-c8eb-42dd-93c3-ff8900dbbf7c,001169,sub-G081/sub-G081_ses-RWTautowait2-20230109-134343.nwb,32,118,3087,5.518518518518518,32,48.32373113854595,27,1173197,80.0,25.0,1
45113966-a06b-4c2b-9b8b-dcb14ca130cc,000467,sub-ant2-m4-d27-y2022/sub-ant2-m4-d27-y2022_ses-m4-d27-y2022-ant2-1x-isopropanol-40-t163-z105um_ophys.nwb,22,48,624,4.176470588235294,13,14.615916955017303,17,84086336,480.0,120.0,0
4515f57c-ec64-4ead-89db-cea977fb0b4d,001550,sub-P100/sub-P100_ses-TaskSwitch4-180902a.nwb,35,112,2625,4.709677419354839,38,47.36732570239335,31,1403083,100.0,25.0,1
45177494-cd9f-441e-89f3-03db88732ee7,000467,sub-ant3-m4-d27-y2022/sub-ant3-m4-d27-y2022_ses-m4-d27-y2022-ant3-0-0075x-6-methyl-5-hepten-2-one-40-t135-z50um_ophys.nwb,22,48,624,4.176470588235294,13,14.615916955017303,17,84086336,480.0,120.0,0
451887d6-26a5-4c1d-9af3-518de0080b7e,000971,sub-150-425/sub-150-425_ses-Opto-DMS-Excitatory-ChR2-2020-11-25T14-42-29_ogen.nwb,30,56,729,3.3461538461538463,14,13.84171597633136,26,249408,60.0,60.0,0
4519e4b1-497f-4724-acb0-672b1e98569a,000467,sub-ant3-m2-d10-y2023/sub-ant3-m2-d10-y2023_ses-m2-d10-y2023-ant3-0-48x-4-methyl-3-hexanol-40-t123-z95um_ophys.nwb,22,48,624,4.176470588235294,13,14.615916955017303,17,84086336,680.0,180.0,0
451e6852-61b3-452d-ab96-8e922451b7f0,001029,sub-mouse-1/sub-mouse-1_ses-20230114T160215_image.nwb,33,48,620,4.2105263157894735,13,13.534626038781164,19,197275904,180.0,25.0,1
45251232-c1f1-434b-b4c1-d794a076b2fb,001169,sub-S036/sub-S036_ses-RWTautowait2-20220816-152436.nwb,32,117,3004,5.481481481481482,31,46.397805212620035,27,1078887,100.0,25.0,1
452e66c6-4459-49ba-a777-b020ae3943b5,001847,sub-PB176/sub-PB176_ses-PB176-20240520-100515_behavior.nwb,30,114,2920,5.5,36,55.78846153846154,26,574376,25.0,25.0,1
45419b9b-8d83-4bdf-9c34-fdeae9ad5ced,001550,sub-P120/sub-P120_ses-TaskSwitch4-190308a.nwb,35,112,2625,4.709677419354839,38,47.36732570239335,31,1863201,120.0,25.0,1
454f1232-a0b3-4a78-a59b-37fd90ef25cc,000713,sub-570299/sub-570299_ses-20210608T104240_image.nwb,48,115,2402,3.7045454545454546,23,23.889979338842977,44,191328020,280.0,25.0,1
455167e1-45cf-4fce-b678-ea82aed1cbab,001169,sub-S027/sub-S027_ses-RWTautowait2-20211123-114703.nwb,32,116,2974,5.444444444444445,31,46.46913580246915,27,1134340,80.0,25.0,1
455abf5b-bb29-413a-b86b-8fdf55e7f44b,000932,sub-Pig5/sub-Pig5_ses-20230112T112736_ecephys.nwb,32,53,777,3.4444444444444446,13,13.1358024691358,27,641313233,660.0,60.0,0
45634ade-20d8-49ac-be59-35b5507205a9,000467,sub-ant5-m4-d26-y2022/sub-ant5-m4-d26-y2022_ses-m4-d26-y2022-ant5-0-48x-6-methyl-5-hepten-2-one-40-t297-z85um_ophys.nwb,22,48,624,4.176470588235294,13,14.615916955017303,17,84086336,500.0,120.0,0
456a667d-1d94-4d83-985e-e776038168c8,000773,sub-ant3-m2-d24-y2023/sub-ant3-m2-d24-y2023_ses-m2-d24-y2023-ant3-0-48x-4-methyl-3-heptanone-40-t173-z110um_ophys.nwb,22,48,624,4.176470588235294,13,14.615916955017303,17,84086336,580.0,160.0,0
45826d41-bacf-44a1-b715-7a63ee1ce5db,001169,sub-J067/sub-J067_ses-RWTautowait2-20230707-102857.nwb,32,118,3087,5.518518518518518,32,48.32373113854595,27,1623356,140.0,25.0,1
45845d4f-be8a-40cf-9028-e1a0f0d57f67,000773,sub-ant2-m1-d20-y2023/sub-ant2-m1-d20-y2023_ses-m1-d20-y2023-ant2-0-48x-ethanol-40-t160-z0um_ophys.nwb,22,48,624,4.176470588235294,13,14.615916955017303,17,84086336,620.0,160.0,0
45877d2c-3774-4447-bb8d-9fe368267fe6,001169,sub-G076/sub-G076_ses-RWTautowait2-20220823-140118.nwb,32,117,3004,5.481481481481482,31,46.397805212620035,27,1128374,80.0,25.0,1
4589fe1a-ea9d-488e-baa3-641fba356eb6,001510,sub-LG282/sub-LG282_ses-LG282-20221216_icephys.nwb,51,248,23821,7.173913043478261,28,19.404536862003784,46,67304180,420.0,25.0,1
4598656b-de69-496a-b352-2f684d54de70,000711,sub-570949/sub-570949_ses-20210616T083611_obj-1u5lrv8_image+ophys.nwb,78,229,9548,4.342465753424658,24,25.896415837868265,73,242532535,420.0,25.0,1
459aafeb-873f-4a14-a021-8cc2096677c6,000020,sub-689595099/sub-689595099_ses-693269506_icephys.nwb,200,815,151345,5.893401015228426,73,62.145997062537056,197,56750278,39160.0,400.0,0
45a212d1-020b-453b-927b-3fd079a029ce,001132,sub-4C-5/sub-4C-5_ses-20240928T192016_ecephys.nwb,22,44,569,3.8823529411764706,13,12.927335640138407,17,2259636487,1040.0,25.0,1
45a72999-bf7b-4280-9174-6b7ca75f9cda,001550,sub-P055/sub-P055_ses-TaskSwitch4-161203a.nwb,35,112,2625,4.709677419354839,38,47.36732570239335,31,740248,60.0,25.0,1
45ab1f26-380f-4ea0-823d-597ad6b3ee7b,001169,sub-S047/sub-S047_ses-RWTautowait2-20230321-112545.nwb,32,118,3087,5.518518518518518,32,48.32373113854595,27,1155682,60.0,25.0,1
45af9b43-9713-45b1-b3cc-d08edb3d9dd2,000467,sub-ant1-m4-d21-y2022/sub-ant1-m4-d21-y2022_ses-m4-d21-y2022-ant1-0-48x-6-methyl-5-hepten-2-one-40-t152-z70um_ophys.nwb,22,48,624,4.176470588235294,13,14.615916955017303,17,84086336,660.0,160.0,0
45c89120-fc26-4489-b068-8053147e5aa2,001832,sub-ctrl-animal02-slice02-roi01/sub-ctrl-animal02-slice02-roi01_ses-MB++AChFP++pan++CTRL++none++WT++20250429160742_ophys.nwb,41,92,1470,4.088235294117647,13,11.609861591695504,34,5417389,60.0,25.0,1
45c9ef0e-d70f-47ac-9880-91d882fa1548,000713,sub-558306/sub-558306_ses-20210406T133044_image.nwb,48,114,2391,3.6818181818181817,23,23.762396694214885,44,188124208,240.0,25.0,1
45ce3a02-d537-4057-a51d-740b53b2829d,001169,sub-S023/sub-S023_ses-RWTautowait2-20210610-151833.nwb,32,117,3004,5.481481481481482,31,46.397805212620035,27,1218627,80.0,25.0,1
45dd545f-9aad-4d10-abc9-c5e84d435d82,001521,sub-CHO-20250502-c8/sub-CHO-20250502-c8_ses-session-2025-05-02_obj-pj3ods_image.nwb,17,38,431,4.153846153846154,13,13.668639053254442,13,29926331,80.0,25.0,1
45e24015-8c10-465c-ae74-96c41b8deaca,001169,sub-G072/sub-G072_ses-RWTautowait2-20220816-152743.nwb,32,117,3004,5.481481481481482,31,46.397805212620035,27,2009639,100.0,25.0,1
45e6bcf7-f22b-49e7-bf14-6373a05161f6,000339,sub-BH279/sub-BH279_ses-20210922T162828_ecephys.nwb,29,43,630,3.789473684210526,13,14.69252077562327,19,1414797056,720.0,60.0,0
45e6f498-b203-475e-aec9-e1f4f82659f9,000773,sub-ant4-m1-d18-y2023/sub-ant4-m1-d18-y2023_ses-m1-d18-y2023-ant4-0-48x-3-hexanone-40-t159-z75um_ophys.nwb,22,48,624,4.176470588235294,13,14.615916955017303,17,84086336,600.0,160.0,0
45e8b5f7-8ffc-4e3c-87e7-a3f6b66c8bd2,001550,sub-P049/sub-P049_ses-TaskSwitch4-160731a.nwb,35,112,2625,4.709677419354839,38,47.36732570239335,31,920042,60.0,25.0,1
45ee5aba-c1c9-43fc-95ad-d6dc654da0a8,001634,sub-Bilbo/sub-Bilbo_ses-4_obj-1mgnhsg_ecephys.nwb,254,77,23866,3.1478260869565218,38,26.473799621928162,115,729616,60.0,25.0,1
45f3cd4b-9872-49a0-801b-b382473e9ee6,001169,sub-G040/sub-G040_ses-RWTautowait2-20210824-141957.nwb,32,117,3004,5.481481481481482,31,46.397805212620035,27,1554856,60.0,25.0,1
45f3f2aa-1904-4374-9bc7-eab53ebbaa09,000773,sub-ant1-m2-d24-y2023/sub-ant1-m2-d24-y2023_ses-m2-d24-y2023-ant1-0-48x-4-methyl-3-heptanone-40-t127-z120um_ophys.nwb,22,48,624,4.176470588235294,13,14.615916955017303,17,84086336,620.0,160.0,0
45fc6247-4490-46d9-887d-ee112e23850d,000773,sub-ant1-m2-d24-y2023/sub-ant1-m2-d24-y2023_ses-m2-d24-y2023-ant1-0-48x-propionic-acid-40-t136-z145um_ophys.nwb,22,48,624,4.176470588235294,13,14.615916955017303,17,84086336,600.0,160.0,0
4605b7b6-f4e4-409c-ba3f-24a54ebd3fd6,001169,sub-S039/sub-S039_ses-RWTautowait2-20220712-120154.nwb,32,117,3004,5.481481481481482,31,46.397805212620035,27,1460729,60.0,25.0,1
46091e79-3e0e-4081-b8d1-32f0d211ca86,000711,sub-533162/sub-533162_ses-20200810T103402_image.nwb,48,119,2682,3.7954545454545454,26,27.571797520661153,44,66779039,140.0,25.0,1
460a7734-e427-4b6b-b445-8508ec3a76b8,001550,sub-P013/sub-P013_ses-TaskSwitch2-150830a.nwb,33,109,2496,4.862068965517241,37,47.49821640903686,29,1232847,80.0,25.0,1
46206f61-577c-461c-9809-de9e60b4d5f5,001452,sub-24/sub-24_ses-20250516T214756_icephys.nwb,61,153,8258,4.553571428571429,41,27.46141581632653,56,3573376,200.0,25.0,1
46231d5a-d3a6-4e6c-928b-ee67e63f7f0c,000467,sub-ant1-m4-d21-y2022/sub-ant1-m4-d21-y2022_ses-m4-d21-y2022-ant1-0-12x-4-methyl-3-hexanol-40-t131-z120um_ophys.nwb,22,48,624,4.176470588235294,13,14.615916955017303,17,84086336,680.0,180.0,0
46249835-aab6-4de7-aaf1-df7ac08d3bfa,001097,sub-m931_ses-wireless_opto_ecephys+behavior.nwb,29,51,612,3.5217391304347827,13,11.379962192816631,23,4006402,60.0,25.0,1
46264e1d-a5f4-442f-9ebd-936e0be5bec2,000467,sub-ant2-m10-d11-y2022/sub-ant2-m10-d11-y2022_ses-m10-d11-y2022-ant2-1x-paraffin-oil-40-t144-z65um_ophys.nwb,22,48,624,4.176470588235294,13,14.615916955017303,17,84086336,680.0,180.0,0
462bdafe-db8b-4b18-8c8f-4b28cc5b87a1,001169,sub-S025/sub-S025_ses-RWTautowait2-20211112-144210.nwb,32,117,3004,5.481481481481482,31,46.397805212620035,27,868400,80.0,25.0,1
4630209a-6746-4190-b939-b55262b9fed3,000341,In_vivo/sub-1810261rm/sub-1810261rm_ses-1810261rm-2-1-2_icephys+image.nwb,204,766,183522,5.78391959798995,121,85.15431428499282,199,3194255144,2820.0,25.0,1
46326377-87e4-49cc-86da-cfbf512251a5,001038,sub-Raldh-2071/sub-Raldh-2071_ses-20211203-0002.nwb,49,102,2105,4.108108108108108,16,14.258582907231554,37,15719087,80.0,25.0,1
46342a2a-8475-47fd-b2cd-71c6e17a884f,000773,sub-ant2-m1-d17-y2023/sub-ant2-m1-d17-y2023_ses-m1-d17-y2023-ant2-0-03x-3-hexanone-40-t159-z115um_ophys.nwb,22,48,624,4.176470588235294,13,14.615916955017303,17,84086336,600.0,160.0,0
46342c49-03ba-4943-9428-c0d1da89c3cd,001550,sub-P101/sub-P101_ses-TaskSwitch4-171205a.nwb,35,112,2625,4.709677419354839,38,47.36732570239335,31,961024,60.0,25.0,1
46383b23-8be3-4e77-8fec-493fdb5151ad,000971,sub-480/sub-480_ses-Opto-DMS-Excitatory-EYFP-2019-06-06T09-01-37_behavior+ogen.nwb,31,58,761,3.3333333333333335,15,14.22222222222222,27,256325,60.0,25.0,1
463e9e9b-8190-4c19-b2a0-c6e4eaba82b5,000711,sub-462468/sub-462468_ses-20190619T093834_image.nwb,50,156,5473,4.478260869565218,24,34.72778827977316,46,196138494,340.0,25.0,1
4641b1de-51ba-4cce-9fc5-b083762c705e,001348,sub-1278167980/sub-1278167980_ses-1278244290_icephys.nwb,184,712,113617,5.668508287292818,65,54.57519611733464,181,47824260,1220.0,80.0,0
46450726-e777-4e25-bd3e-fcc1d464c908,001348,sub-1301204249/sub-1301204249_ses-1302748418_icephys.nwb,176,682,102937,5.676300578034682,62,53.8952186842193,173,68589040,1800.0,80.0,0
4647c86f-95ce-48fb-86d7-45be7b65419c,000773,sub-ant6-m1-d10-y2023/sub-ant6-m1-d10-y2023_ses-m1-d10-y2023-ant6-0-48x-ethylpyrazine-40-t206-z25um_ophys.nwb,22,48,624,4.176470588235294,13,14.615916955017303,17,84086336,620.0,160.0,0
46492375-25db-40eb-8ec0-a1a9e8135aae,000713,sub-544838/sub-544838_ses-20201021T105548_image.nwb,48,118,2609,3.772727272727273,25,26.584710743801654,44,66526623,160.0,25.0,1
465edd09-4a52-47f4-bd1c-08d41b9b0bb1,001169,sub-J045/sub-J045_ses-RWTautowait2-20220831-100517.nwb,32,117,3004,5.481481481481482,31,46.397805212620035,27,986985,80.0,25.0,1
4661afe1-3b99-440f-837b-e46f8c7c3a93,000552,sub-e16-1f1/sub-e16-1f1_ses-e16-1f1-200823_behavior+ecephys.nwb,39,92,1479,3.9411764705882355,16,14.937716262975776,34,148019545,3000.0,180.0,0
4665c4eb-7315-46fa-a50a-a12a1d08dc26,000246,sub-phpV15-04-L4/sub-phpV15-04-L4_obj-hy8lq9_ophys.nwb,33,46,581,3.5217391304347827,13,12.162570888468805,23,12760256,25.0,25.0,1
4667da43-8d74-4bc1-965d-f87b44e810a3,000467,sub-ant3-m4-d27-y2022/sub-ant3-m4-d27-y2022_ses-m4-d27-y2022-ant3-0-0075x-4-methyl-3-heptanol-40-t136-z25um_ophys.nwb,22,48,624,4.176470588235294,13,14.615916955017303,17,84086336,480.0,120.0,0
467281e2-2a36-48b3-9ea4-1425393c5a2b,001832,sub-ctrl-animal01-slice02-roi02/sub-ctrl-animal01-slice02-roi02_ses-MB++AChFP++pan++CTRL++none++WT++20250422204654_ophys.nwb,41,92,1470,4.088235294117647,13,11.609861591695504,34,8520897,80.0,25.0,1
46785e65-6857-4bc7-ad04-885ec05d714d,000711,sub-523922/sub-523922_ses-20200915T093158_obj-zdxwfi_image+ophys.nwb,78,229,9548,4.342465753424658,24,25.896415837868265,73,249706152,440.0,25.0,1
467c5073-c873-466c-9787-afa00fa4d45a,001169,sub-S019/sub-S019_ses-RWTautowait2-20210610-111853.nwb,32,116,2974,5.444444444444445,31,46.46913580246915,27,890724,80.0,25.0,1
468f4efa-a6b1-4de1-8ae2-e3466d8531f6,000239,sub-MX181002/sub-MX181002_ses-20181230T141519.nwb,18,63,1228,6.153846153846154,29,58.13017751479289,13,456636,140.0,60.0,0
468f6422-539c-461c-ac20-644a35a2305c,000773,sub-ant5-m1-d10-y2023/sub-ant5-m1-d10-y2023_ses-m1-d10-y2023-ant5-0-48x-isopropanol-40-t176-z0um_ophys.nwb,22,48,624,4.176470588235294,13,14.615916955017303,17,84086336,620.0,160.0,0
46918458-5558-4c0f-a695-a27fff4803fd,000020,sub-844941326/sub-844941326_ses-850971900_icephys.nwb,137,564,60822,5.902985074626866,45,43.087603029627985,134,19571582,24300.0,360.0,0
46925620-0b0f-492a-9eba-329508373389,001550,sub-P135/sub-P135_ses-TaskSwitch4-190315a.nwb,35,112,2625,4.709677419354839,38,47.36732570239335,31,1749425,60.0,25.0,1
469566e6-2d54-4540-a816-3f8c6d2a7ad5,000020,sub-712195521/sub-712195521_ses-715082564_icephys.nwb,189,775,135612,5.924731182795699,69,60.96207654064055,186,47742275,35480.0,400.0,0
4698b24a-dba6-4fe8-be2e-2919b518659c,001045,sub-r-22-08-26-rat4/sub-r-22-08-26-rat4_ses-r-22-08-26-rat4-2-particles-up_image.nwb,24,39,458,4.769230769230769,13,18.946745562130175,13,18586181208,6860.0,140.0,0
469a6bbc-f540-4012-a9b8-ec2dca3cb7ae,001169,sub-S025/sub-S025_ses-RWTautowait2-20220209-103852.nwb,32,117,3004,5.481481481481482,31,46.397805212620035,27,1000044,80.0,25.0,1
469f44d2-90ff-4613-ba38-976f4d575521,000467,sub-ant4-m4-d26-y2022/sub-ant4-m4-d26-y2022_ses-m4-d26-y2022-ant4-0-03x-4-methyl-3-hexanol-40-t234-z60um_ophys.nwb,22,48,624,4.176470588235294,13,14.615916955017303,17,84086336,500.0,140.0,0
46abf40f-c74d-4cc0-9ae3-5ff46eac2baf,000467,sub-ant3-m4-d21-y2022/sub-ant3-m4-d21-y2022_ses-m4-d21-y2022-ant3-0-48x-4-methyl-3-hexanol-40-t164-z115um_ophys.nwb,22,48,624,4.176470588235294,13,14.615916955017303,17,84086336,640.0,160.0,0
46b28d95-f218-46e7-ad28-a55426de00e5,001169,sub-G061/sub-G061_ses-RWTautowait2-20220215-135219.nwb,32,117,3004,5.481481481481482,31,46.397805212620035,27,1223074,60.0,25.0,1
46b511f6-2213-4a0d-9891-27152bed15c6,000628,sub-Lo/sub-Lo_ses-20200428T115849_behavior.nwb,376,1090,1109306,4.002732240437158,351,330.6748559228404,366,16855898,940.0,120.0,0
46b550a0-ac62-4634-a95c-82bf22240f34,001274,sub-8-20240824/sub-8-20240824_obj-1064yy0_image.nwb,17,38,431,4.153846153846154,13,13.668639053254442,13,58754004,100.0,25.0,1
46c36efd-68ad-4449-8416-4d6045c78888,000617,sub-680787/sub-680787_ses-1285842466-acq-1285965163_ophys.nwb,66,196,6715,4.344262295081967,17,20.75033593120128,61,700911606,2160.0,25.0,1
46c45fa2-f5c0-4162-be29-a17318255268,001169,sub-S021/sub-S021_ses-RWTautowait2-20210628-101806.nwb,32,117,3004,5.481481481481482,31,46.397805212620035,27,1093866,60.0,25.0,1
46ca7c03-2aff-4480-a2eb-5d7fc97a98f5,000773,sub-ant4-m1-d10-y2023/sub-ant4-m1-d10-y2023_ses-m1-d10-y2023-ant4-0-48x-propionic-acid-40-t152-z20um_ophys.nwb,22,48,624,4.176470588235294,13,14.615916955017303,17,84086336,620.0,160.0,0
46d304ac-08a6-42f9-b138-a634854b4643,000773,sub-ant4-m1-d11-y2023/sub-ant4-m1-d11-y2023_ses-m1-d11-y2023-ant4-0-03x-ethanol-40-t184-z25um_ophys.nwb,22,48,624,4.176470588235294,13,14.615916955017303,17,84086336,620.0,160.0,0
46d34535-4a3f-4be2-8939-c7526cbc9d26,001452,sub-3/sub-3_ses-20250516T214232_icephys.nwb,61,153,8258,4.553571428571429,41,27.46141581632653,56,3573376,160.0,25.0,1
46d3873e-b69e-4e91-9b3d-936eab336b51,000467,sub-ant2-m4-d21-y2022/sub-ant2-m4-d21-y2022_ses-m4-d21-y2022-ant2-0-48x-4-methyl-3-heptanone-40-t180-z130um_ophys.nwb,22,48,624,4.176470588235294,13,14.615916955017303,17,84086336,660.0,160.0,0
46d8729a-f2e6-4115-b95d-c1c0ae4f244e,001169,sub-M024/sub-M024_ses-RWTautowait2-20201028-164408.nwb,32,117,3004,5.481481481481482,31,46.397805212620035,27,1023033,80.0,25.0,1
46daebf1-eafd-4563-9c86-20ebc2ac25e8,000946,sub-BH511/sub-BH511_ses-20231020T164400_ecephys.nwb,28,50,690,4.333333333333333,14,17.0,18,7181896,120.0,80.0,0
46e39e5e-748c-49c8-81ea-6bc8311194c2,001550,sub-P131/sub-P131_ses-TaskSwitch4-180902a.nwb,35,112,2625,4.709677419354839,38,47.36732570239335,31,1076011,80.0,25.0,1
46e78707-d509-4e0b-8609-17448f8e7f12,001928,sub-438833/sub-438833_ses-836125998_ophys.nwb,102,2906,8548602,32.83870967741935,1594,35160.47936177592,93,1571499736,180.0,25.0,1
46ea3ca6-81fc-46dc-a533-5a717874259f,001550,sub-P135/sub-P135_ses-TaskSwitch4-190128a.nwb,35,112,2625,4.709677419354839,38,47.36732570239335,31,1703710,80.0,25.0,1
46ebb605-1e39-41b6-8b4a-a2d01098e334,000773,sub-ant2-m1-d11-y2023/sub-ant2-m1-d11-y2023_ses-m1-d11-y2023-ant2-0-03x-3-hexanone-40-t171-z110um_ophys.nwb,22,48,624,4.176470588235294,13,14.615916955017303,17,84086336,640.0,180.0,0
46ef5371-53bf-483a-a1dd-a2408af1fcd2,000409,sub-SWC-054/sub-SWC-054_ses-671c7ea7-6726-4fbe-adeb-f89c2c8e489b_desc-processed_behavior+ecephys.nwb,80,244,12573,4.671232876712328,32,25.727528617001315,73,1171163206,1680.0,25.0,1
46f19881-48e6-4663-b17f-50aeeced09a1,000773,sub-ant1-m1-d17-y2023/sub-ant1-m1-d17-y2023_ses-m1-d17-y2023-ant1-0-03x-3-hexanone-40-t144-z25um_ophys.nwb,22,48,624,4.176470588235294,13,14.615916955017303,17,84086336,620.0,160.0,0
46faa1d4-6db6-4b0c-a288-ed740adfb494,001169,sub-S056/sub-S056_ses-RWTautowait2-20230508-131452.nwb,32,118,3087,5.518518518518518,32,48.32373113854595,27,1443031,100.0,25.0,1
46fb42ff-b900-4309-b00e-c5dfbbaa819d,000020,sub-839065476/sub-839065476_ses-841852342_icephys.nwb,150,622,76003,5.931972789115647,50,45.62802535980378,147,21282985,25820.0,340.0,0
4709f353-7a30-4945-9219-4ea02282b61a,001348,sub-1340812489/sub-1340812489_ses-1342968987_icephys.nwb,233,916,197932,5.743478260869566,86,71.52984877126653,230,70190088,1280.0,80.0,0
470f1a59-2c0c-47ce-a730-569714ed5e16,000020,sub-650040638/sub-650040638_ses-650179147_icephys.nwb,196,799,144979,5.901554404145077,72,62.99030846465681,193,48367542,38420.0,440.0,0
4710ae62-ab19-40d3-9871-a72cef58b37a,001169,sub-L026/sub-L026_ses-RWTautowait2-20230420-120649.nwb,32,118,3087,5.518518518518518,32,48.32373113854595,27,1318259,80.0,25.0,1
471efc46-83e3-4128-a795-477f0bcb14e9,000628,sub-Oc/sub-Oc_ses-20220901T125641_behavior.nwb,1893,5641,31405313,4.000531067445565,1868,1846.3255440620992,1883,59465435,700.0,100.0,0
4723b96d-f465-40f2-9a65-42b809e1ab45,000467,sub-ant3-m10-d11-y2022/sub-ant3-m10-d11-y2022_ses-m10-d11-y2022-ant3-0-48x-3-hexanone-40-t174-z135um_ophys.nwb,22,48,624,4.176470588235294,13,14.615916955017303,17,84086336,680.0,180.0,0
47279095-69f5-461c-bdde-cc0544fe959f,000467,sub-ant2-m4-d27-y2022/sub-ant2-m4-d27-y2022_ses-m4-d27-y2022-ant2-0-0075x-4-methyl-3-heptanone-40-t164-z100um_ophys.nwb,22,48,624,4.176470588235294,13,14.615916955017303,17,84086336,480.0,120.0,0
472e8d57-e30a-4e2f-8459-f077a8db46e3,001550,sub-P116/sub-P116_ses-TaskSwitch4-180922a.nwb,35,112,2625,4.709677419354839,38,47.36732570239335,31,1924675,100.0,25.0,1
4731a3d2-23f2-49dc-8f80-a3bcc65d9811,000690,sub-716464/sub-716464_ses-1330382682_probe-4_ecephys.nwb,27,55,937,3.772727272727273,14,15.08471074380165,22,1885249111,620.0,60.0,0
47400fd3-35ed-4c80-9bf6-7b6e246babea,000711,sub-528097/sub-528097_ses-20201005T130520_image.nwb,50,156,5473,4.478260869565218,24,34.72778827977316,46,196166286,360.0,25.0,1
4742e777-41cb-4492-88b3-402252cc3009,000246,sub-phpV15-03-L3/sub-phpV15-03-L3_obj-s4laxx_ophys.nwb,33,46,581,3.5217391304347827,13,12.162570888468805,23,12760256,60.0,25.0,1
474416b6-bd38-46d8-84be-03162932ece6,000773,sub-ant5-m1-d11-y2023/sub-ant5-m1-d11-y2023_ses-m1-d11-y2023-ant5-0-03x-ethylpyrazine-40-t215-z10um_ophys.nwb,22,48,624,4.176470588235294,13,14.615916955017303,17,84086336,620.0,160.0,0
4750db57-b066-4680-87c0-c1c4304a84b8,000971,sub-484/sub-484_ses-Opto-DMS-Excitatory-ChR2-2019-05-20T13-32-28_behavior+ogen.nwb,31,57,739,3.2962962962962963,14,13.393689986282581,27,258612,60.0,25.0,1
475e2faa-cfef-4f4c-81c8-9eb4fc12036c,001634,sub-Bilbo/sub-Bilbo_ses-2_obj-awieu8_ecephys.nwb,252,77,23272,3.130434782608696,36,25.296030245746696,115,716696,60.0,25.0,1
475eb702-354a-44f8-bc4d-ddbcaa887aa1,000891,sub-FB2311/sub-FB2311_ses-FB2311-baseline_image.nwb,32,54,662,4.0476190476190474,13,14.712018140589569,21,611178155,2560.0,180.0,0
475fe7d7-49ac-41f1-b98d-05bd4d7fe438,000971,sub-343-483/sub-343-483_ses-Opto-DMS-Inhibitory-NpHRScrambled-2021-10-14T13-07-45_ogen.nwb,30,56,729,3.3461538461538463,14,13.84171597633136,26,246728,60.0,25.0,1
47688694-a0d4-4ada-9df8-5308f8d32dac,000773,sub-ant2-m1-d20-y2023/sub-ant2-m1-d20-y2023_ses-m1-d20-y2023-ant2-0-48x-ethanol-40-t168-z20um_ophys.nwb,22,48,624,4.176470588235294,13,14.615916955017303,17,84086336,580.0,160.0,0
476be086-e9c5-4075-bb64-e4f9626ec2dc,001169,sub-M020/sub-M020_ses-RWTautowait2-20201023-130948.nwb,32,117,3004,5.481481481481482,31,46.397805212620035,27,795750,60.0,25.0,1
476c47be-4535-4a86-bc0e-2bce02acb411,001169,sub-S020/sub-S020_ses-RWTautowait2-20201223-105805.nwb,32,116,2974,5.444444444444445,31,46.46913580246915,27,1221774,100.0,25.0,1
47780e2c-be88-4a77-a0bb-73692b069c91,000467,sub-ant3-m10-d6-y2022/sub-ant3-m10-d6-y2022_ses-m10-d6-y2022-ant3-0-48x-3-hexanone-40-t176-z65um_ophys.nwb,22,48,624,4.176470588235294,13,14.615916955017303,17,84086336,680.0,180.0,0
477968a4-d4a6-4640-9075-a7516190b53a,000773,sub-ant1-m4-d6-y2023/sub-ant1-m4-d6-y2023_ses-m4-d6-y2023-ant1-1x-paraffin-oil-40-t124-z90um_ophys.nwb,22,48,624,4.176470588235294,13,14.615916955017303,17,84086336,580.0,160.0,0
477f905b-4db5-4e68-bd65-3a205ea38d22,000336,sub-698808/sub-698808_ses-1316961146-acq-1317093421_image+ophys.nwb,88,446,49686,6.506024096385542,30,46.92466250544347,83,4055183200,1080.0,25.0,1
4782636d-3025-4293-8275-05a0bb10236b,001515,sub-CHO-20230925-c1/sub-CHO-20230925-c1_obj-1vm2lt1_image.nwb,17,38,431,4.153846153846154,13,13.668639053254442,13,25569647,80.0,25.0,1
4782e909-3709-4914-870a-d0d19dd90cd0,001169,sub-S040/sub-S040_ses-RWTautowait2-20220819-103418.nwb,32,117,3004,5.481481481481482,31,46.397805212620035,27,1267837,80.0,25.0,1
4782ec13-4388-425f-a4b5-aaf34a245909,001692,sub-AD1/sub-AD1_ses-240408_ophys.nwb,63,106,3045,4.365853658536586,18,14.963712076145148,41,13334395010,2000.0,25.0,1
4783c4e5-c669-41fc-87e7-1358bae9b1ed,001169,sub-S018/sub-S018_ses-RWTautowait2-20210319-111349.nwb,32,116,2974,5.444444444444445,31,46.46913580246915,27,1234130,100.0,25.0,1
47910126-1bfe-474a-88f6-8b789f5b1685,001634,sub-Bilbo/sub-Bilbo_ses-2_obj-1ieqivk_behavior+ecephys.nwb,259,74,23259,2.9836065573770494,36,23.13087879602257,122,47242640,100.0,25.0,1
4795d7f9-3940-41ed-92a0-8eae817305db,001032,sub-12-1/sub-12-1_ses-2kHz-sine-stimulation-10V_obj-loi1nw_image.nwb,17,38,431,4.153846153846154,13,13.668639053254442,13,717685,100.0,25.0,1
47a298cd-dc67-4ae6-b86a-76706b2ce60d,000728,sub-529204474/sub-529204474_ses-546698458-StimB_ophys.nwb,23,48,605,4.055555555555555,13,13.163580246913579,18,34322534517,12680.0,25.0,1
47b12468-c487-4eb0-8fd9-83f1d2111a47,000570,sub-601901227/sub-601901227_ses-602196772_icephys.nwb,314,1166,317370,5.427652733118971,104,87.57595558358575,311,29584740,31660.0,340.0,0
47b3e1d4-447e-48fa-bbdf-6d35842584e5,001603,sub-MO11/sub-MO11_ses-20250924T002143.nwb,19,43,443,4.066666666666666,13,14.062222222222221,15,11840582,140.0,60.0,0
47b6f952-9630-4546-a124-9d7b9b9777e6,000239,sub-MX200102/sub-MX200102_ses-20201011T131121.nwb,18,63,1228,6.153846153846154,29,58.13017751479289,13,421744,100.0,60.0,0
47b77172-186c-462e-b4e5-4a3a92ecf3a5,001169,sub-L028/sub-L028_ses-RWTautowait2-20230313-112247.nwb,32,118,3087,5.518518518518518,32,48.32373113854595,27,1448533,80.0,25.0,1
47b8064b-0fe3-4bf3-b79a-d65e34396b2a,000467,sub-ant5-m4-d26-y2022/sub-ant5-m4-d26-y2022_ses-m4-d26-y2022-ant5-0-03x-4-methyl-3-heptanone-40-t269-z50um_ophys.nwb,22,48,624,4.176470588235294,13,14.615916955017303,17,84086336,520.0,140.0,0
47b996d6-1a4c-424e-8d22-8f44c5affeeb,001169,sub-S022/sub-S022_ses-RWTautowait2-20220325-121119.nwb,32,117,3004,5.481481481481482,31,46.397805212620035,27,965695,80.0,25.0,1
47baaf7c-995e-42bf-86fa-2a00720afc55,000467,sub-ant3-m4-d21-y2022/sub-ant3-m4-d21-y2022_ses-m4-d21-y2022-ant3-0-12x-4-methyl-3-hexanol-40-t146-z60um_ophys.nwb,22,48,624,4.176470588235294,13,14.615916955017303,17,84086336,660.0,180.0,0
47c017a2-2b05-4c4b-940c-c317b3d780fd,000467,sub-ant5-m10-d11-y2022/sub-ant5-m10-d11-y2022_ses-m10-d11-y2022-ant5-0-48x-isopropanol-40-t210-z115um_ophys.nwb,22,48,624,4.176470588235294,13,14.615916955017303,17,84086336,660.0,180.0,0
47c3151d-c6dd-4e9f-b615-8abcc84ada22,001169,sub-S044/sub-S044_ses-RWTautowait2-20230207-105157.nwb,32,118,3087,5.518518518518518,32,48.32373113854595,27,1378565,80.0,25.0,1
47c38811-5375-412b-94d8-d2d10cadad74,000246,sub-phpV12-3/sub-phpV12-3_ses-20230510_obj-u3pq2o_ophys.nwb,33,46,581,3.5217391304347827,13,12.162570888468805,23,5637014448,2340.0,25.0,1
47c4a8ee-9ff1-47bb-90a2-1298bea627ec,001349,sub-Chrm3q-Ncre20-7-AR/sub-Chrm3q-Ncre20-7-AR_ses-10_ophys.nwb,32,64,1380,3.923076923076923,13,11.07100591715976,26,27651144,100.0,25.0,1
47c6ca4b-2569-4fbd-8df5-6925923b0ebd,000467,sub-ant3-m4-d21-y2022/sub-ant3-m4-d21-y2022_ses-m4-d21-y2022-ant3-0-48x-4-methyl-3-heptanone-40-t166-z100um_ophys.nwb,22,48,624,4.176470588235294,13,14.615916955017303,17,84086336,640.0,160.0,0
47ceef4b-6b04-4376-bb9f-5e99d5e6490c,001550,sub-P124/sub-P124_ses-TaskSwitch4-170827a.nwb,35,111,2551,4.67741935483871,37,45.25078043704474,31,1704989,60.0,25.0,1
47d3fd8a-ad26-45fd-840f-e3b2a38eda96,001195,sub-in-vivo-9/sub-in-vivo-9_ses-20190208T172331_slice-slice-4_cell-P9_icephys.nwb,257,749,178504,4.873517786561265,115,95.05910106391292,253,215028950,1540.0,25.0,1
47d7131e-f5c3-4b69-8b20-96eb1fec6fc9,001169,sub-L017/sub-L017_ses-RWTautowait2-20220915-112617.nwb,32,117,3004,5.481481481481482,31,46.397805212620035,27,868735,25.0,25.0,1
47d958bb-26af-47be-8ffe-44acfc58cff5,001550,sub-P131/sub-P131_ses-TaskSwitch6-190601a.nwb,33,112,2724,4.9655172413793105,40,54.44708680142688,29,1197943,80.0,25.0,1
47e1c75a-cbac-462d-ab0e-c6e15c2b3a17,000467,sub-ant2-m10-d11-y2022/sub-ant2-m10-d11-y2022_ses-m10-d11-y2022-ant2-0-48x-ethylpyrazine-40-t163-z110um_ophys.nwb,22,48,624,4.176470588235294,13,14.615916955017303,17,84086336,680.0,180.0,0
47ea5070-10c5-4017-82bc-74f7e2736eff,001169,sub-E002/sub-E002_ses-RWTautowait2-20220318-120136.nwb,32,117,3004,5.481481481481482,31,46.397805212620035,27,1033410,120.0,25.0,1
47ee0b6c-1804-4589-92c3-19aba8236022,001169,sub-J076/sub-J076_ses-RWTautowait2-20230522-131136.nwb,32,118,3087,5.518518518518518,32,48.32373113854595,27,1564990,100.0,25.0,1
47f8a771-3e45-4878-903c-eab0ab2e221f,000951,sub-LC9-fly14/sub-LC9-fly14_ses-(-LC9-fly14-210929-1523--).nwb,18,33,433,3.8461538461538463,13,13.822485207100591,13,187360,420.0,160.0,0
480d2052-3bbf-4984-be11-82efe9042555,000467,sub-ant3-m4-d21-y2022/sub-ant3-m4-d21-y2022_ses-m4-d21-y2022-ant3-0-48x-4-methyl-3-heptanone-40-t153-z85um_ophys.nwb,22,48,624,4.176470588235294,13,14.615916955017303,17,84086336,660.0,160.0,0
48136cb9-1a6b-4bb5-ae48-9c323987e1c1,001525,sub-CHO-20250318-c3/sub-CHO-20250318-c3_obj-1pjmzic_image.nwb,17,38,431,4.153846153846154,13,13.668639053254442,13,34186361,80.0,25.0,1
4815ea17-6184-467a-86d5-497017d63587,000971,sub-111-285/sub-111-285_ses-FP-PR-2019-05-24T13-15-32_behavior.nwb,27,53,661,3.4347826086956523,13,13.637051039697546,23,237712,100.0,60.0,0
48178d68-5434-41de-bcce-67abb3a5f128,000711,sub-523922/sub-523922_ses-20200914T101113_obj-1hnvokc_image+ophys.nwb,78,229,9548,4.342465753424658,24,25.896415837868265,73,256394352,480.0,25.0,1
481c6a54-36ca-4dbc-be2e-9655e9aa3c5e,001611,sub-26303/sub-26303_ses-20250327T103405_ecephys.nwb,25,52,649,4.105263157894737,13,13.988919667590027,19,13619000,80.0,25.0,1
481c8155-ec31-45f7-9a91-20ab36222509,001611,sub-29641/sub-29641_ses-20250326T175500_ecephys.nwb,25,52,649,4.105263157894737,13,13.988919667590027,19,11212692,60.0,25.0,1
483425d8-e1f7-42e1-a5dd-3e97870b4343,001169,sub-J036/sub-J036_ses-RWTautowait2-20220316-102833.nwb,32,117,3004,5.481481481481482,31,46.397805212620035,27,968348,80.0,25.0,1
4836d39b-32b1-4247-80ff-f2dba92c7e58,000705,sub-Temp-pref-F32-B32-6dpf-17-unsorted-nac/sub-Temp-pref-F32-B32-6dpf-17-unsorted-nac_ses-20230712T133000_behavior.nwb,33,53,613,3.0357142857142856,13,8.391581632653063,28,9559052,180.0,25.0,1
483761ec-9be2-4e6e-ab29-74932db244dc,001181,sub-m1616/sub-m1616_ses-20220708T150957Z_photometry.nwb,18,54,762,5.461538461538462,19,29.940828402366858,13,205680,25.0,25.0,1
483a1ee8-bbc9-40a4-aee8-f1dc7cf84570,000711,sub-451787/sub-451787_ses-20190614T130818_obj-zzdhsr_image+ophys.nwb,78,229,9548,4.342465753424658,24,25.896415837868265,73,357245096,640.0,25.0,1
4846c218-70c6-4ca6-bb2e-90545418f991,000246,sub-PHP-CaMPARI1-M5/sub-PHP-CaMPARI1-M5_obj-1u2ptap_ophys.nwb,31,41,560,3.8421052631578947,13,14.027700831024932,19,8564888,60.0,25.0,1
48484d7e-764a-4b65-85cf-8d03d15bad2f,000988,sub-162645voltron2-s2cell3-vsteady/sub-162645voltron2-s2cell3-vsteady_ses-20230328T162645_image.nwb,39,61,910,3.96,13,14.198399999999998,25,468306110,460.0,25.0,1
4849f2ae-4925-49fc-9cbe-705188b3fdb7,001518,sub-CHO-20250124-c11/sub-CHO-20250124-c11_obj-askd6a_image.nwb,17,38,431,4.153846153846154,13,13.668639053254442,13,36585405,100.0,25.0,1
484a4821-c555-4ca0-9cdf-01c66c4c891e,001169,sub-S046/sub-S046_ses-RWTautowait2-20230405-112017.nwb,32,118,3087,5.518518518518518,32,48.32373113854595,27,1177725,60.0,25.0,1
484e6d4f-2780-416c-81af-c83c0e5bb4a1,001474,sub-MPK119/sub-MPK119_ses-20240415T120000.nwb,21,45,466,3.823529411764706,13,11.321799307958477,17,7536104,80.0,25.0,1
4850f4f2-81f7-428a-928c-2adece83ae15,001169,sub-G041/sub-G041_ses-RWTautowait2-20210622-154416.nwb,32,117,3004,5.481481481481482,31,46.397805212620035,27,996181,60.0,25.0,1
48586ec0-9a64-4831-bfdd-4e2b64f1ad6e,000773,sub-ant3-m2-d24-y2023/sub-ant3-m2-d24-y2023_ses-m2-d24-y2023-ant3-0-48x-isopropanol-40-t184-z95um_ophys.nwb,22,48,624,4.176470588235294,13,14.615916955017303,17,84086336,600.0,160.0,0
485f75d0-c993-43ee-993c-3b24e47fb1e8,000711,sub-457841/sub-457841_ses-20190705T095559_image.nwb,50,156,5473,4.478260869565218,24,34.72778827977316,46,196125367,400.0,25.0,1
486a1797-a3d7-446d-b646-0675ee1b6c02,001169,sub-S034/sub-S034_ses-RWTautowait2-20210826-133700.nwb,32,117,3004,5.481481481481482,31,46.397805212620035,27,841220,60.0,25.0,1
486accf9-7f0a-4d2c-bf2f-d7ebee47a2d4,000946,sub-BH530/sub-BH530_ses-20231126T162000_ecephys.nwb,28,50,690,4.333333333333333,14,17.0,18,1269112,100.0,60.0,0
4870fdcd-5306-4572-b194-20203c25001e,000246,sub-phpV17-1/sub-phpV17-1_ses-20230828_obj-1f9wi63_ophys.nwb,33,46,581,3.5217391304347827,13,12.162570888468805,23,5156500336,2140.0,25.0,1
48744040-15e4-4d35-89d9-64e9f52ba333,001169,sub-G033/sub-G033_ses-RWTautowait2-20210412-101534.nwb,32,117,3004,5.481481481481482,31,46.397805212620035,27,1042728,80.0,25.0,1
48a24850-2e5d-4e3f-9cc7-0a92afb1a762,000628,sub-Fr/sub-Fr_ses-20220607T160318.nwb,26,39,494,4.266666666666667,13,17.662222222222226,15,5049887,260.0,120.0,0
48a60024-1081-4af1-9091-bf608ee8b2be,000239,sub-MX181002/sub-MX181002_ses-20181011T153936.nwb,18,63,1228,6.153846153846154,29,58.13017751479289,13,407168,120.0,60.0,0
48b597a7-1509-4479-a75b-342518708f6a,001702,sub-5xFAD+-12M-Fig1/sub-5xFAD+-12M-Fig1_ses-20240211T120000_obj-1soe1qq.nwb,16,37,446,4.7272727272727275,13,15.47107438016529,11,185480,25.0,25.0,1
48b5fd66-0750-4f53-b870-78a657964494,000889,sub-replay-la-plaid-02-nac-het-#2023-7-26/sub-replay-la-plaid-02-nac-het-#2023-7-26_ses-20230726T152500_behavior.nwb,30,48,515,2.8518518518518516,13,8.718792866941017,27,35428834,200.0,25.0,1
48b670e1-f14c-4833-a63f-a87c3047a38e,000773,sub-ant4-m1-d11-y2023/sub-ant4-m1-d11-y2023_ses-m1-d11-y2023-ant4-0-03x-isopropanol-40-t193-z90um_ophys.nwb,22,48,624,4.176470588235294,13,14.615916955017303,17,84086336,620.0,160.0,0
48b73fb3-13b9-4ded-aa52-4d459d309ac2,001169,sub-G100/sub-G100_ses-RWTautowait2-20230324-144956.nwb,32,118,3087,5.518518518518518,32,48.32373113854595,27,981081,120.0,25.0,1
48c690aa-709d-489b-b488-f3964f3c04a9,001065,sub-Q21-26-019/sub-Q21-26-019_ses-20210623T213311_icephys.nwb,277,1327,515192,6.7765567765567765,123,109.41161158743574,273,37244109,900.0,80.0,0
48c75e8d-0c3a-41f2-a052-445b85da9b9a,000467,sub-ant4-m4-d20-y2022/sub-ant4-m4-d20-y2022_ses-m4-d20-y2022-ant4-1x-isopropanol-40-t196-z55um_ophys.nwb,22,48,624,4.176470588235294,13,14.615916955017303,17,84086336,640.0,160.0,0
48cb1845-c528-4a3f-a78b-a583f0e05707,000020,sub-761831950/sub-761831950_ses-765793402_icephys.nwb,130,532,54214,5.874015748031496,42,38.58255316510634,127,20863978,25280.0,360.0,0
48cf1db6-6568-42c4-b7f0-e8c2a356838c,000617,sub-680787/sub-680787_ses-1286974919-acq-1287122941_ophys.nwb,66,196,6715,4.344262295081967,17,20.75033593120128,61,604021033,2080.0,25.0,1
48d0fe17-79f2-4a5a-bcd1-cd06ea6fcb42,001169,sub-G062/sub-G062_ses-RWTautowait2-20220204-140121.nwb,32,117,3004,5.481481481481482,31,46.397805212620035,27,849160,100.0,25.0,1
48d83554-05d3-4d10-bc85-6fe1a7c16f45,001169,sub-L006/sub-L006_ses-RWTautowait2-20211103-121421.nwb,32,116,2974,5.444444444444445,31,46.46913580246915,27,920482,60.0,25.0,1
48d8ad7e-d65c-4f78-b87a-1003062382a0,001045,sub-r-23-03-31/sub-r-23-03-31_ses-r-23-03-31-Zstack-down_image.nwb,22,35,442,5.090909090909091,13,21.900826446280995,11,788686821,760.0,140.0,0
48d928b6-31d7-47ac-9626-4ee47eb9469e,001184,sub-86/sub-86_ses-session-hheise-M086-2021-07-16-01_behavior+image+ophys.nwb,43,78,1130,3.2051282051282053,13,8.470742932281393,39,439035132,1760.0,140.0,0
48de7d79-e80d-4b55-afbb-6b929f3166c3,001550,sub-P074/sub-P074_ses-TaskSwitch4-161103a.nwb,35,112,2625,4.709677419354839,38,47.36732570239335,31,1217403,60.0,25.0,1
48e33939-d562-41c3-80e7-13cfa8f271c7,001169,sub-S037/sub-S037_ses-RWTautowait2-20220428-100936.nwb,32,117,3004,5.481481481481482,31,46.397805212620035,27,1090311,80.0,25.0,1
48e64580-9b35-44cd-aa45-d85fa8397743,000773,sub-ant2-m1-d17-y2023/sub-ant2-m1-d17-y2023_ses-m1-d17-y2023-ant2-0-03x-3-hexanone-40-t181-z145um_ophys.nwb,22,48,624,4.176470588235294,13,14.615916955017303,17,84086336,620.0,160.0,0
48e70101-c620-4898-bd6a-f18b67f533c1,000773,sub-ant4-m1-d10-y2023/sub-ant4-m1-d10-y2023_ses-m1-d10-y2023-ant4-0-48x-4-methyl-3-heptanol-40-t154-z95um_ophys.nwb,22,48,624,4.176470588235294,13,14.615916955017303,17,84086336,620.0,160.0,0
48ec672f-699f-44c7-95f0-fea9dfdfd82f,001515,sub-CHO-20230925-c4/sub-CHO-20230925-c4_obj-qghu10_image.nwb,17,38,431,4.153846153846154,13,13.668639053254442,13,25229742,80.0,25.0,1
48eca108-66d2-4806-b2af-4561e4eb2a68,001169,sub-M031/sub-M031_ses-RWTautowait2-20210112-154330.nwb,32,117,3004,5.481481481481482,31,46.397805212620035,27,1441310,100.0,25.0,1
48f0f5e2-4b74-40be-8191-2cb5908bb2f9,001841,sub-subject-ID-ST422/sub-subject-ID-ST422_ses-20191227T151712_icephys.nwb,67,170,6435,4.412698412698413,20,11.19475938523558,63,1140720,60.0,25.0,1
48f40aac-a5c7-4cc3-995e-a2646a982a9e,001475,sub-HSB-w19-16/sub-HSB-w19-16_ses-20250404_cell-at89_obj-2s72ox_icephys.nwb,64,168,6490,4.533333333333333,20,11.782222222222224,60,3526600,560.0,80.0,0
48f5d241-99f5-4cd6-b6f0-400da2968243,000467,sub-ant2-m4-d26-y2022/sub-ant2-m4-d26-y2022_ses-m4-d26-y2022-ant2-0-03x-4-methyl-3-heptanol-40-t166-z90um_ophys.nwb,22,48,624,4.176470588235294,13,14.615916955017303,17,84086336,660.0,180.0,0
48f5d61a-5047-43b4-9f11-c0d3c71b210a,001611,sub-24846/sub-24846_ses-20241125T103811_ecephys.nwb,25,52,649,4.105263157894737,13,13.988919667590027,19,11052476,100.0,25.0,1
48f7e1d3-afe9-4081-b85f-a41005d5a48f,000947,sub-Gaia/sub-Gaia_ses-post-MPTP-G-170207-1_ecephys.nwb,34,89,1408,4.275862068965517,16,18.820451843043998,29,4886628481,3380.0,200.0,0
48f87ca6-469c-4677-9239-b692e14e0156,000467,sub-ant1-m4-d27-y2022/sub-ant1-m4-d27-y2022_ses-m4-d27-y2022-ant1-0-12x-4-methyl-3-heptanol-40-t149-z5um_ophys.nwb,22,48,624,4.176470588235294,13,14.615916955017303,17,84086336,480.0,120.0,0
48f9a2e5-73e9-4434-9174-6afbf40adb76,000711,sub-547486/sub-547486_ses-20210224T095741_obj-1y6ymqs_image+ophys.nwb,78,229,9548,4.342465753424658,24,25.896415837868265,73,320564928,380.0,25.0,1
48ffb4eb-0e55-42eb-b2c1-5bf87bf47468,000467,sub-ant2-m4-d26-y2022/sub-ant2-m4-d26-y2022_ses-m4-d26-y2022-ant2-0-48x-4-methyl-3-heptanone-40-t184-z150um_ophys.nwb,22,48,624,4.176470588235294,13,14.615916955017303,17,84086336,640.0,180.0,0
490de33a-8cc4-4fee-b859-ee2a49fb0ce4,000951,sub-LC20-fly5/sub-LC20-fly5_ses-(-LC20-fly5-170711-1600--).nwb,18,33,433,3.8461538461538463,13,13.822485207100591,13,187360,420.0,160.0,0
4910229f-8304-4fc0-916c-2480d78d869e,001550,sub-P102/sub-P102_ses-TaskSwitch4-170701a.nwb,35,112,2625,4.709677419354839,38,47.36732570239335,31,1321120,140.0,25.0,1
4913587d-b634-465a-b2db-99e11a359012,001348,sub-1314202834/sub-1314202834_ses-1316423320_icephys.nwb,208,831,165972,5.829268292682927,78,63.683045806067824,205,57091282,1460.0,80.0,0
4925b4f8-e07e-4aa2-900c-2d179615de4c,000020,sub-757080785/sub-757080785_ses-757379056_icephys.nwb,182,751,121014,5.972067039106145,68,62.351175056958255,179,34196265,34780.0,360.0,0
49305e34-771a-4e11-becc-a491e7374f3b,001169,sub-J013/sub-J013_ses-RWTautowait2-20210226-144610.nwb,32,116,2974,5.444444444444445,31,46.46913580246915,27,1375693,60.0,25.0,1
49325399-0f07-429a-b56e-a298be270244,001455,sub-902290737/sub-902290737_ses-907464950_icephys.nwb,135,538,58661,5.765151515151516,44,41.80090679522498,132,20206429,620.0,25.0,1
4932fcab-30ba-4367-8847-f73d2620db1a,000711,sub-412036/sub-412036_ses-20181115T095433_image.nwb,48,116,2469,3.727272727272727,23,24.743801652892568,44,188619790,660.0,60.0,0
49336c6c-e87d-4d11-96f5-e56282edd781,001169,sub-C035/sub-C035_ses-RWTautowait-20191016-132557.nwb,32,114,2767,5.37037037037037,28,41.0480109739369,27,1550526,1640.0,160.0,0
4935b68b-4ea0-4e25-ba46-d7e354c3f34b,000336,sub-635489/sub-635489_ses-1222726720-acq-1222892340_ophys.nwb,59,238,12973,5.574074074074074,30,44.17043895747597,54,89430998,1160.0,25.0,1
493603fa-f71f-43ac-a512-8224f9d775f5,000971,sub-119-279/sub-119-279_ses-Opto-DMS-Excitatory-ChR2Scrambled-2019-07-26T13-37-17_behavior.nwb,24,50,637,3.65,13,14.727500000000001,20,224544,80.0,60.0,0
49390dae-3ff9-4794-9152-32c2b6cff7a5,000773,sub-ant4-m1-d20-y2023/sub-ant4-m1-d20-y2023_ses-m1-d20-y2023-ant4-0-48x-4-methyl-3-heptanol-40-t191-z20um_ophys.nwb,22,48,624,4.176470588235294,13,14.615916955017303,17,84086336,600.0,160.0,0
493a113a-21b6-4e31-8117-f136c89b096b,000959,sub-T/sub-T_ses-20211222_obj-2u4hrg_behavior.nwb,29,116,3192,5.76,13,16.1824,25,10008232,280.0,60.0,0
493e7025-eda3-4adf-ac8f-832d54245b44,001550,sub-P167/sub-P167_ses-TaskSwitch4-191003a.nwb,35,112,2625,4.709677419354839,38,47.36732570239335,31,1025478,80.0,25.0,1
494a30e9-c3cb-46e2-ae5f-ca9ac2aa6476,001550,sub-P100/sub-P100_ses-TaskSwitch4-171031a.nwb,35,112,2625,4.709677419354839,38,47.36732570239335,31,1494358,60.0,25.0,1
495ba399-cb47-45f5-8e60-af6a53423581,001169,sub-G063/sub-G063_ses-RWTautowait2-20220801-153311.nwb,32,117,3004,5.481481481481482,31,46.397805212620035,27,1482165,80.0,25.0,1
495e57c7-d6d7-4f4f-adbf-a51a5f564c78,000336,sub-621603/sub-621603_ses-1192492959-acq-1192574016-raw-movies_ophys.nwb,60,241,13178,5.5636363636363635,30,43.33685950413225,55,22288680155,1480.0,25.0,1
495fd673-0b8d-4e41-b9b5-97e40cc5ced4,001169,sub-S037/sub-S037_ses-RWTautowait2-20220512-100724.nwb,32,117,3004,5.481481481481482,31,46.397805212620035,27,1159779,60.0,25.0,1
49624bb0-eadf-4aa3-a64b-be3ba3be7f89,000467,sub-ant3-m4-d26-y2022/sub-ant3-m4-d26-y2022_ses-m4-d26-y2022-ant3-0-03x-4-methyl-3-heptanone-40-t210-z130um_ophys.nwb,22,48,624,4.176470588235294,13,14.615916955017303,17,84086336,560.0,140.0,0
496a83e3-9cb8-42ea-af3c-7b10a1074e02,001199,sub-BH615/sub-BH615_ses-20240911T204400_ecephys.nwb,28,50,690,4.333333333333333,14,17.0,18,1926752,100.0,25.0,1
496f6489-e4d7-4377-9a31-0df47f72e6d1,001836,sub-julio/sub-julio_ses-julio-20230810_obj-cqwa1o_behavior.nwb,108,76,1751,2.6,65,49.06105263157894,95,42725072,100.0,25.0,1
496fe429-3b24-457c-affc-ab13bfb93f3d,000467,sub-ant4-m4-d20-y2022/sub-ant4-m4-d20-y2022_ses-m4-d20-y2022-ant4-0-12x-6-methyl-5-hepten-2-one-40-t212-z20um_ophys.nwb,22,48,624,4.176470588235294,13,14.615916955017303,17,84086336,660.0,160.0,0
49739568-b9e4-421b-a9d7-8b2aedc2d345,001550,sub-P124/sub-P124_ses-TaskSwitch6-190715a.nwb,33,112,2724,4.9655172413793105,40,54.44708680142688,29,1478603,120.0,25.0,1
497b6a58-13bd-4981-bf9a-318514c7db52,001169,sub-M056/sub-M056_ses-RWTautowait2-20230511-145114.nwb,32,117,3057,5.481481481481482,32,48.397805212620035,27,1262179,60.0,25.0,1
497e9863-171f-43df-affd-ae5c220a945f,001169,sub-S050/sub-S050_ses-RWTautowait2-20221201-161302.nwb,32,117,3004,5.481481481481482,31,46.397805212620035,27,1231277,80.0,25.0,1
49844c56-23aa-4dad-9d9d-2a11bbfd3680,001747,sub-chip19894/sub-chip19894_ses-recording117_ecephys.nwb,22,44,569,3.8823529411764706,13,12.927335640138407,17,10415751444,1560.0,25.0,1
4984c900-1a75-4ffb-a271-ecfad5a6da8f,001550,sub-P007/sub-P007_ses-TaskSwitch4-170207a.nwb,33,110,2570,4.896551724137931,38,49.74791914387635,29,2052054,60.0,25.0,1
498abb08-4ba4-40d1-9579-f8c30a66b943,001625,sub-1439593019/sub-1439593019_ses-1441879508_icephys.nwb,217,841,161392,5.654205607476635,76,61.68416455585641,214,40907745,600.0,25.0,1
4995647e-ce3a-4fe2-8366-1c5d3ef3fa4b,001767,sub-S1399/sub-S1399_ses-20220518_behavior.nwb,71,123,4617,3.5090909090909093,20,13.049917355371903,55,6094440,260.0,25.0,1
49958431-6428-4b16-b91d-cb22d1c93080,000971,sub-140-306/sub-140-306_ses-FP-PS-2019-08-28T09-37-53_behavior.nwb,26,52,651,3.5,13,13.886363636363637,22,236016,100.0,80.0,0
4996d831-70bf-467b-88fc-fdb4703c60f8,001169,sub-L010/sub-L010_ses-RWTautowait2-20220908-103641.nwb,32,117,3004,5.481481481481482,31,46.397805212620035,27,896754,60.0,25.0,1
49986fc0-30bc-40ab-8168-edb9373a732c,001435,sub-Offenbach/sub-Offenbach_ses-20230217_ecephys.nwb,26,49,692,3.5714285714285716,13,11.959183673469388,21,20249361643,9420.0,100.0,0
4999d2e9-ad45-4a8c-9f31-06e101f058c4,001038,sub-Calb-1789/sub-Calb-1789_ses-20210406-0005.nwb,46,97,1912,4.057142857142857,16,14.45387755102041,35,11634612,80.0,25.0,1
499a23df-3cf7-4ce1-ac06-80b13a45d5ac,001169,sub-J079/sub-J079_ses-RWTautowait2-20230608-114811.nwb,32,118,3087,5.518518518518518,32,48.32373113854595,27,1159658,80.0,25.0,1
499f916b-43bf-473b-925a-59b1002249d5,001550,sub-P167/sub-P167_ses-TaskSwitch4-181105a.nwb,35,112,2625,4.709677419354839,38,47.36732570239335,31,936400,100.0,25.0,1
49a42b08-87d2-479c-aa8b-73b45d6a6094,000336,sub-698808/sub-698808_ses-1315607900-acq-1315851723-raw-movies_image+ophys.nwb,89,449,49996,6.488095238095238,30,46.368905895691604,84,23702454364,1420.0,25.0,1
49a94945-f4dc-4b41-a571-775dbe2fd4e6,001361,sub-m15/sub-m15_ses-06_behavior+ophys.nwb,46,80,1970,3.119047619047619,13,8.200113378684808,42,371004472,1000.0,60.0,0
49adbc7f-845f-4e97-b542-1a6f1aa8d209,001169,sub-G053/sub-G053_ses-RWTautowait2-20211116-115727.nwb,32,117,3004,5.481481481481482,31,46.397805212620035,27,1305890,100.0,25.0,1
49b4552b-9b87-43f7-aca5-e33fe9e94f3d,000773,sub-ant2-m1-d17-y2023/sub-ant2-m1-d17-y2023_ses-m1-d17-y2023-ant2-0-03x-4-methyl-3-heptanol-40-t162-z95um_ophys.nwb,22,48,624,4.176470588235294,13,14.615916955017303,17,84086336,620.0,160.0,0
49b80365-d9ba-4b96-996b-7a1956f975b8,001550,sub-P072/sub-P072_ses-TaskSwitch4-180302a.nwb,35,112,2625,4.709677419354839,38,47.36732570239335,31,3255003,120.0,25.0,1
49b874b8-e290-4799-afae-173592feb325,001550,sub-P072/sub-P072_ses-TaskSwitch4-180305a.nwb,35,112,2625,4.709677419354839,38,47.36732570239335,31,3192886,140.0,25.0,1
49b9be07-fed6-4189-b4f1-2141cdebba7c,000713,sub-524926/sub-524926_ses-20200615T102144_image.nwb,48,118,2609,3.772727272727273,25,26.584710743801654,44,66668636,320.0,25.0,1
49cb0abc-cec9-4de1-8e01-bee872bf3d6a,000728,sub-544691086/sub-544691086_ses-555040116-StimA_ophys.nwb,23,48,605,4.055555555555555,13,13.163580246913579,18,34805866634,12800.0,25.0,1
49cd421f-13af-4224-b1d2-6122cd58cd19,000946,sub-BH539/sub-BH539_ses-20240125T183700_ecephys.nwb,28,50,690,4.333333333333333,14,17.0,18,1470488,100.0,60.0,0
49d0b37a-bf52-4bab-b51a-8abf3d8f3178,001611,sub-26265/sub-26265_ses-20241224T210324_ecephys.nwb,25,52,649,4.105263157894737,13,13.988919667590027,19,12562008,100.0,25.0,1
49d17a26-a5e4-4553-b825-845e4e1b0668,000020,sub-670689897/sub-670689897_ses-673692363_icephys.nwb,90,336,19050,5.425287356321839,36,26.911084687541305,87,13463035,18220.0,420.0,0
49d4ad1f-9b17-4390-86a1-6daeb5a5758e,001550,sub-P135/sub-P135_ses-TaskSwitch4-180504a.nwb,35,112,2625,4.709677419354839,38,47.36732570239335,31,1196100,80.0,25.0,1
49d7be07-2633-4765-b1ce-653482eefc11,001276,sub-P1-20240827-B3/sub-P1-20240827-B3_obj-1lnk4f0_image.nwb,17,38,431,4.153846153846154,13,13.668639053254442,13,320546463,160.0,25.0,1
49dd0f93-0a35-491a-ad4e-db4225d39f80,000871,sub-656228/sub-656228_ses-1245548523-acq-1245937728_image+ophys.nwb,78,420,48024,6.77027027027027,30,49.66344046749452,74,4008848667,2920.0,25.0,1
49e4c711-9d92-4d3b-b84f-24a39fb6695a,000946,sub-BH537/sub-BH537_ses-20240108T202500_ecephys.nwb,28,50,690,4.333333333333333,14,17.0,18,1389672,140.0,80.0,0
49e77ab0-587b-43db-aa2b-824999281612,000773,sub-ant6-m1-d10-y2023/sub-ant6-m1-d10-y2023_ses-m1-d10-y2023-ant6-0-48x-4-methyl-3-heptanol-40-t196-z25um_ophys.nwb,22,48,624,4.176470588235294,13,14.615916955017303,17,84086336,640.0,160.0,0
49e7b6af-a045-4946-bcc1-74675c9a6d5d,001746,sub-Mfa220428/sub-Mfa220428_ses-sess-220428d3HS_obj-1jkehf9_icephys.nwb,125,342,36239,4.905172413793103,51,39.75824910820449,116,20913176,1220.0,100.0,0
49e88056-98e3-4f77-a3c0-b58bf7d8e39f,001169,sub-L011/sub-L011_ses-RWTautowait2-20220407-152207.nwb,32,117,3004,5.481481481481482,31,46.397805212620035,27,825347,80.0,25.0,1
49ece662-caee-45f5-88a9-189c4faaf94f,001181,sub-m1618/sub-m1618_ses-20220914T143642Z_photometry.nwb,18,54,762,5.461538461538462,19,29.940828402366858,13,215880,25.0,25.0,1
49f121b8-2ab6-493b-ad9e-4cf16e0b1861,000728,sub-657974275/sub-657974275_ses-676025604-StimB_ophys.nwb,23,48,605,4.055555555555555,13,13.163580246913579,18,36371231056,12520.0,25.0,1
49f188b5-2281-406d-b26f-3d8232572c26,001361,sub-m11/sub-m11_ses-10_behavior+ophys.nwb,46,80,1970,3.119047619047619,13,8.200113378684808,42,110882776,1100.0,80.0,0
49f48b56-aa0b-4531-b194-2b2b414fde69,000467,sub-ant4-m4-d20-y2022/sub-ant4-m4-d20-y2022_ses-m4-d20-y2022-ant4-0-12x-4-methyl-3-heptanol-40-t224-z25um_ophys.nwb,22,48,624,4.176470588235294,13,14.615916955017303,17,84086336,660.0,160.0,0
49f6f20a-d278-4b39-9382-3bb4006ec956,000467,sub-ant2-m4-d27-y2022/sub-ant2-m4-d27-y2022_ses-m4-d27-y2022-ant2-0-0075x-4-methyl-3-hexanol-40-t171-z15um_ophys.nwb,22,48,624,4.176470588235294,13,14.615916955017303,17,84086336,480.0,120.0,0
49fa8e19-22d6-4a35-8e5b-da4f2e99711c,000020,sub-710327176/sub-710327176_ses-713180991_icephys.nwb,193,793,143154,5.936842105263158,71,62.42759002770087,190,46643197,36580.0,400.0,0
49ff5911-a23b-4254-aa87-12fb7038c981,000773,sub-ant3-m2-d24-y2023/sub-ant3-m2-d24-y2023_ses-m2-d24-y2023-ant3-0-48x-3-hexanone-40-t176-z115um_ophys.nwb,22,48,624,4.176470588235294,13,14.615916955017303,17,84086336,580.0,160.0,0
4a09979b-6a59-4663-b98a-1cafe497c14a,000467,sub-ant1-m10-d11-y2022/sub-ant1-m10-d11-y2022_ses-m10-d11-y2022-ant1-0-48x-ethanol-40-t124-z155um_ophys.nwb,22,48,624,4.176470588235294,13,14.615916955017303,17,84086336,700.0,180.0,0
4a099baa-cbdd-446f-989d-2310ebdcb7a2,001841,sub-subject-ID-ST448/sub-subject-ID-ST448_ses-20200319T140042_icephys.nwb,29,62,907,3.9166666666666665,13,9.409722222222223,24,992384,60.0,25.0,1
4a0d3111-7020-4163-bf78-0ecee551a6d3,001374,sub-001/sub-001_ses-20250502_obj-22710iiiKH2iiid48iii06iii21iii2024iiidorsaliiipasca_ecephys.nwb,22,49,722,4.176470588235294,13,15.321799307958479,17,2041565817,800.0,25.0,1
4a16bdcd-6e10-4962-8a4a-dfd3c9bf0e7d,001517,sub-CHO-20250228-c6/sub-CHO-20250228-c6_obj-ukdzjm_image.nwb,17,38,431,4.153846153846154,13,13.668639053254442,13,34355489,100.0,25.0,1
4a1bdf53-dbaa-4bea-ab55-f521e2503d96,001550,sub-P189/sub-P189_ses-TaskSwitch6-201125a.nwb,33,110,2570,4.896551724137931,38,49.74791914387635,29,1002298,80.0,25.0,1
4a22fa05-9f4e-4222-8956-7798ccc66cd4,000020,sub-657609943/sub-657609943_ses-657982813_icephys.nwb,109,401,27818,5.3584905660377355,36,29.173371306514767,106,13907265,19360.0,420.0,0
4a2a6176-a31e-4bc1-8723-0a590b60f8e2,001030,sub-c6-1-25V/sub-c6-1-25V_ses-2kHz-stimulation-1-25V_image.nwb,17,37,427,4.076923076923077,13,13.917159763313608,13,3095733,100.0,25.0,1
4a394322-4315-463f-993e-e94273829ac7,001550,sub-P124/sub-P124_ses-TaskSwitch4-180811a.nwb,35,112,2625,4.709677419354839,38,47.36732570239335,31,1408380,100.0,25.0,1
4a3cd309-2325-4dd6-8c03-bc6f7d3ec8a9,000711,sub-489056/sub-489056_ses-20191106T133701_image.nwb,48,116,2469,3.727272727272727,23,24.743801652892568,44,188642967,220.0,25.0,1
4a3e1af9-805a-43f2-afe8-cbd4d3eae83e,000946,sub-BH511/sub-BH511_ses-20230907T143000_ecephys.nwb,28,50,690,4.333333333333333,14,17.0,18,3934456,120.0,60.0,0
4a3f98ba-3349-463d-aabd-a7c108545114,001169,sub-M038/sub-M038_ses-RWTautowait2-20210819-134733.nwb,32,116,2974,5.444444444444445,31,46.46913580246915,27,1401528,80.0,25.0,1
4a442215-eaac-4405-a33b-5c3df05a8b2c,000020,sub-839065578/sub-839065578_ses-843329956_icephys.nwb,141,582,66208,5.920289855072464,47,42.986399915984045,138,20320168,24460.0,360.0,0
4a44bc99-e924-41db-b61e-6ce4de7c3fc8,000773,sub-ant2-m2-d24-y2023/sub-ant2-m2-d24-y2023_ses-m2-d24-y2023-ant2-0-48x-3-hexanone-40-t151-z50um_ophys.nwb,22,48,624,4.176470588235294,13,14.615916955017303,17,84086336,600.0,160.0,0
4a4aff47-be6e-43be-a990-986ccc1a2862,000467,sub-ant3-m10-d6-y2022/sub-ant3-m10-d6-y2022_ses-m10-d6-y2022-ant3-0-48x-3-hexanone-40-t166-z130um_ophys.nwb,22,48,624,4.176470588235294,13,14.615916955017303,17,84086336,660.0,180.0,0
4a4b7f24-9e7f-4b88-8856-cea9f4e7895e,000711,sub-453988/sub-453988_ses-20190722T091329_image.nwb,50,156,5473,4.478260869565218,24,34.72778827977316,46,196085282,240.0,25.0,1
4a4d63d2-b14b-40c7-b4db-e981dfca4c59,000959,sub-T/sub-T_ses-20220721_obj-1qm63cs_behavior.nwb,42,289,30304,8.68421052631579,17,33.63711911357342,38,17575984,280.0,60.0,0
4a542c97-61f6-440f-9ba6-378b38e12f9c,000773,sub-ant4-m1-d20-y2023/sub-ant4-m1-d20-y2023_ses-m1-d20-y2023-ant4-0-48x-4-methyl-3-heptanol-40-t199-z10um_ophys.nwb,22,48,624,4.176470588235294,13,14.615916955017303,17,84086336,600.0,160.0,0
4a5f427c-8a8a-48c0-a5e7-52d50d13bde0,000467,sub-ant4-m4-d26-y2022/sub-ant4-m4-d26-y2022_ses-m4-d26-y2022-ant4-0-48x-4-methyl-3-heptanol-40-t251-z10um_ophys.nwb,22,48,624,4.176470588235294,13,14.615916955017303,17,84086336,480.0,120.0,0
4a69c560-6be7-46bd-a323-e425a53b2f25,001169,sub-S019/sub-S019_ses-RWTautowait2-20210312-115946.nwb,32,116,2974,5.444444444444445,31,46.46913580246915,27,1254958,120.0,25.0,1
4a6a3980-b31e-41fb-acc9-3562549effc7,000467,sub-ant5-m10-d11-y2022/sub-ant5-m10-d11-y2022_ses-m10-d11-y2022-ant5-0-48x-isopropanol-40-t203-z70um_ophys.nwb,22,48,624,4.176470588235294,13,14.615916955017303,17,84086336,660.0,180.0,0
4a6c90c1-b4df-448c-a4d9-2c41c29964fe,001169,sub-L012/sub-L012_ses-RWTautowait2-20220830-095323.nwb,32,117,3004,5.481481481481482,31,46.397805212620035,27,788521,60.0,25.0,1
4a725694-3351-49d7-9cc1-f02c87c8115e,000713,sub-563326/sub-563326_ses-20210302T144657_image.nwb,48,118,2609,3.772727272727273,25,26.584710743801654,44,66613852,220.0,25.0,1
4a79e384-6e19-4d48-838a-70963e75dd43,001169,sub-M054/sub-M054_ses-RWTautowait2-20230612-150801.nwb,32,117,3057,5.481481481481482,32,48.397805212620035,27,1457324,80.0,25.0,1
4a8860cd-b455-41ac-b6a4-d13a70aa5d9a,000467,sub-ant3-m4-d26-y2022/sub-ant3-m4-d26-y2022_ses-m4-d26-y2022-ant3-0-48x-4-methyl-3-hexanol-40-t222-z135um_ophys.nwb,22,48,624,4.176470588235294,13,14.615916955017303,17,84086336,560.0,140.0,0
4a909ea8-ccb8-4c39-abba-ce21908c823c,000773,sub-ant4-m1-d11-y2023/sub-ant4-m1-d11-y2023_ses-m1-d11-y2023-ant4-0-03x-ethanol-40-t184-z90um_ophys.nwb,22,48,624,4.176470588235294,13,14.615916955017303,17,84086336,640.0,160.0,0
4a95bc59-8c91-49c2-bcb0-a0ff77138a4b,001550,sub-P013/sub-P013_ses-TaskSwitch4-170317a.nwb,33,110,2570,4.896551724137931,38,49.74791914387635,29,2039681,60.0,25.0,1
4a99301d-0a62-4c2f-8f6f-cd94a6f9cbb8,001035,sub-20-4/sub-20-4_ses-2560Hz-sine-stimulation-5-4V_image.nwb,17,38,431,4.153846153846154,13,13.668639053254442,13,706013,80.0,25.0,1
4a99720d-7c4c-4081-9705-abc8c14dd0b9,001550,sub-P013/sub-P013_ses-TaskSwitch4-160701a.nwb,33,110,2570,4.896551724137931,38,49.74791914387635,29,1411586,60.0,25.0,1
4aa11b0d-9f40-461a-b35d-4b980a2773b7,001550,sub-P072/sub-P072_ses-TaskSwitch4-180223a.nwb,35,112,2625,4.709677419354839,38,47.36732570239335,31,2096125,100.0,25.0,1
4aa37f78-cef8-433d-902d-3a34cd97959f,001550,sub-P189/sub-P189_ses-TaskSwitch6-200903a.nwb,33,110,2570,4.896551724137931,38,49.74791914387635,29,899614,25.0,25.0,1
4aa41b11-c0eb-469e-a97b-1c11b6da6c6b,000773,sub-ant3-m2-d24-y2023/sub-ant3-m2-d24-y2023_ses-m2-d24-y2023-ant3-0-48x-3-hexanone-40-t169-z20um_ophys.nwb,22,48,624,4.176470588235294,13,14.615916955017303,17,84086336,620.0,160.0,0
4aad5a6e-4707-4686-a1ec-b1bfe021b192,001611,sub-26342/sub-26342_ses-20241127T211359_ecephys.nwb,25,52,649,4.105263157894737,13,13.988919667590027,19,14813016,80.0,25.0,1
4aad8fcb-6507-4afa-8aca-4357595149ca,000363,sub-480928/sub-480928_ses-20210121T153333_behavior+ecephys+ogen.nwb,54,154,3721,4.7555555555555555,40,44.006913580246916,45,479679855,204800.0,320.0,0
4ab220d1-e65b-4b4e-a8fd-3bed73bb2756,001550,sub-P095/sub-P095_ses-TaskSwitch4-180429a.nwb,35,112,2625,4.709677419354839,38,47.36732570239335,31,1661536,120.0,25.0,1
4ab4965d-048a-4af3-9298-dd139a70ab00,000713,sub-563323/sub-563323_ses-20210420T123154_image.nwb,48,114,2391,3.6818181818181817,23,23.762396694214885,44,188123751,260.0,25.0,1
4ab7434e-1cd8-487a-aa10-fc700ba7ef92,001538,sub-CDGI-mouse-ET#2519/sub-CDGI-mouse-ET#2519_ses-pan++ON++none++WT++20201113.nwb,24,62,797,4.25,13,16.8875,20,267720,25.0,25.0,1
4ac3b123-fc05-4015-bb18-41725c4c13e4,001169,sub-S020/sub-S020_ses-RWTautowait2-20210623-115626.nwb,32,116,2974,5.444444444444445,31,46.46913580246915,27,1254659,60.0,25.0,1
4acd65ef-f80a-4f7f-adde-288176cf68aa,001169,sub-S033/sub-S033_ses-RWTautowait2-20220126-132918.nwb,32,117,3004,5.481481481481482,31,46.397805212620035,27,962099,80.0,25.0,1
4adc907d-558a-48b3-ad2d-19094498f523,001848,sub-SM537/sub-SM537_ses-SM537-20241227-ALM_ecephys+ogen.nwb,28,72,1265,5.611111111111111,16,29.01543209876543,18,40354628,25.0,25.0,1
4adef3e2-e82a-47ff-b4d0-4a1e25341cf1,000467,sub-ant2-m4-d21-y2022/sub-ant2-m4-d21-y2022_ses-m4-d21-y2022-ant2-0-12x-4-methyl-3-heptanol-40-t169-z30um_ophys.nwb,22,48,624,4.176470588235294,13,14.615916955017303,17,84086336,640.0,160.0,0
4ae36bb6-af8a-47c6-b868-b0f99f115202,000165,sub-Fenugreek/sub-Fenugreek_ses-Fenugreek05-LinearTrack_behavior+ecephys.nwb,34,59,1006,4.0,14,20.0,24,132877568,1800.0,60.0,0
4aef3e83-a933-453d-af1c-1090883aa72d,001205,sub-6242584859404316070/sub-6242584859404316070_ses-20211025T152423_ophys.nwb,27,41,539,4.0588235294117645,13,14.878892733564015,17,514981717,240.0,25.0,1
4af0b77d-f9af-41f4-9b6b-b9e6a19ec97d,000711,sub-453911/sub-453911_ses-20190524T082249_image.nwb,50,156,5473,4.478260869565218,24,34.72778827977316,46,196092074,280.0,25.0,1
4afaca8c-c6cd-44a9-93e2-9dc55784a462,000467,sub-ant3-m10-d6-y2022/sub-ant3-m10-d6-y2022_ses-m10-d6-y2022-ant3-0-48x-isopropanol-40-t165-z35um_ophys.nwb,22,48,624,4.176470588235294,13,14.615916955017303,17,84086336,660.0,180.0,0
4afc86e7-3b23-4f6d-bd9c-c0cd204a2974,000773,sub-ant4-m1-d20-y2023/sub-ant4-m1-d20-y2023_ses-m1-d20-y2023-ant4-1x-paraffin-oil-40-t180-z150um_ophys.nwb,22,48,624,4.176470588235294,13,14.615916955017303,17,84086336,600.0,160.0,0
4aff2c95-5c53-4fc3-b440-1de99e3d6354,001169,sub-J062/sub-J062_ses-RWTautowait2-20230418-112345.nwb,32,117,3004,5.481481481481482,31,46.397805212620035,27,1347443,80.0,25.0,1
4b0b9f8f-7896-4670-a608-2ead2cc233c6,001349,sub-C57-C2-1-BL/sub-C57-C2-1-BL_ses-31_ophys.nwb,32,64,1380,3.923076923076923,13,11.07100591715976,26,11297504,140.0,25.0,1
4b0d59f8-2554-4b9d-8f50-b46256daa915,000773,sub-ant4-m1-d11-y2023/sub-ant4-m1-d11-y2023_ses-m1-d11-y2023-ant4-0-03x-ethanol-40-t191-z20um_ophys.nwb,22,48,624,4.176470588235294,13,14.615916955017303,17,84086336,620.0,160.0,0
4b11e53e-c2ea-49b0-afbb-10ae7e910066,001550,sub-P049/sub-P049_ses-TaskSwitch4-170409a.nwb,35,112,2625,4.709677419354839,38,47.36732570239335,31,898505,60.0,25.0,1
4b145323-587c-419a-9c44-00748cb789f7,001611,sub-25897/sub-25897_ses-20241119T235707_ecephys.nwb,25,52,649,4.105263157894737,13,13.988919667590027,19,14564024,120.0,25.0,1
4b154b39-d45d-4244-9c69-dfd4931bba87,001414,sub-PF-GCaMP1/sub-PF-GCaMP1_ses-PF-GCaMP1-bPAC-region1_ophys.nwb,32,50,636,3.8636363636363638,13,14.208677685950414,22,120475727,80.0,25.0,1
4b162219-0893-468e-8691-124459725d7c,001550,sub-P055/sub-P055_ses-TaskSwitch4-171207c.nwb,35,112,2625,4.709677419354839,38,47.36732570239335,31,668196,80.0,25.0,1
4b16dac8-7c43-45b5-8cae-47460813f651,001550,sub-P159/sub-P159_ses-ProAnti3Marino-180520a.nwb,33,89,1436,4.172413793103448,17,16.487514863258028,29,1502449,80.0,25.0,1
4b177387-07f4-49e2-89fd-c6098cfeaf6c,001169,sub-S028/sub-S028_ses-RWTautowait2-20211013-115103.nwb,32,116,2974,5.444444444444445,31,46.46913580246915,27,1621681,60.0,25.0,1
4b1bfdd9-f9f3-476f-8c7d-2e636d3d1901,000959,sub-T/sub-T_ses-20220212_obj-1k13bic_behavior.nwb,43,303,33818,8.846153846153847,18,33.925049309664686,39,17572712,280.0,60.0,0
4b1c45b8-f01b-412d-b737-19973999fe09,001169,sub-S026/sub-S026_ses-RWTautowait2-20220519-134956.nwb,32,117,3004,5.481481481481482,31,46.397805212620035,27,1346814,80.0,25.0,1
4b20d9a4-9d7e-49be-9932-4f3d9058a8ad,001550,sub-P074/sub-P074_ses-TaskSwitch4-171202a.nwb,35,112,2625,4.709677419354839,38,47.36732570239335,31,1021326,40.0,25.0,1
4b2118cb-cea7-45ad-b7a4-86cdcee62100,000711,sub-479458/sub-479458_ses-20191014T141706_image+ophys.nwb,78,229,9548,4.342465753424658,24,25.896415837868265,73,710387363,960.0,25.0,1
4b263a70-58f0-4908-a029-140b597d2c1d,000773,sub-ant1-m4-d6-y2023/sub-ant1-m4-d6-y2023_ses-m4-d6-y2023-ant1-0-48x-3-hexanone-40-t141-z140um_ophys.nwb,22,48,624,4.176470588235294,13,14.615916955017303,17,84086336,600.0,160.0,0
4b2763de-9b42-48cc-b22a-20b9e8573b29,001550,sub-P100/sub-P100_ses-TaskSwitch4-180419a.nwb,35,112,2625,4.709677419354839,38,47.36732570239335,31,2072027,100.0,25.0,1
4b2774b0-2a3d-4077-83a9-f2f982c983b5,001689,PO2_SU_NWB/sub-exp-39/sub-exp-39_ses-su.nwb,39,77,1448,3.2857142857142856,23,17.23265306122449,35,467272,60.0,25.0,1
4b2f9e51-661d-41fc-88c9-9e354b15564b,001550,sub-P072/sub-P072_ses-TaskSwitch4-161108a.nwb,35,112,2625,4.709677419354839,38,47.36732570239335,31,1099867,100.0,25.0,1
4b31c658-a2c4-412e-ae86-d5d5a5f50a0d,000773,sub-ant4-m1-d20-y2023/sub-ant4-m1-d20-y2023_ses-m1-d20-y2023-ant4-0-48x-4-methyl-3-heptanol-40-t184-z110um_ophys.nwb,22,48,624,4.176470588235294,13,14.615916955017303,17,84086336,600.0,160.0,0
4b428459-75d9-4963-bfff-83900bea7625,001865,sub-25673/sub-25673_ses-25673-2-1_obj-1ejn79y_behavior+ophys.nwb,43,87,1458,3.473684210526316,13,10.038781163434905,38,8519345,140.0,25.0,1
4b467216-2aeb-4af7-bbac-f536682d2736,001515,sub-CHO-20231010-c7/sub-CHO-20231010-c7_obj-12k20gx_image.nwb,17,38,431,4.153846153846154,13,13.668639053254442,13,25587387,80.0,25.0,1
4b4a7583-f4e2-466f-99af-19257dfff749,000871,sub-644972/sub-644972_ses-1238455470-acq-1238610274-denoised-movies_image+ophys.nwb,85,453,49974,6.716049382716049,30,45.931717725956396,81,43320462952,17400.0,25.0,1
4b4b2bad-cb3f-46a1-86d2-cc85d76f4f3c,000336,sub-656228/sub-656228_ses-1246372987-acq-1246487560-raw-movies_ophys.nwb,77,413,48665,7.0,30,52.11267605633803,71,19766884455,1560.0,25.0,1
4b4eec9e-973e-44f2-8200-e38cc91d614e,000959,sub-T/sub-T_ses-20211217_obj-4cy85x_behavior.nwb,42,289,30304,8.68421052631579,17,33.63711911357342,38,17557664,340.0,60.0,0
4b595690-ae18-463c-8eda-b5bb06a8181f,001848,sub-SM166/sub-SM166_ses-SM166-20221027-ALM_ecephys+ogen.nwb,28,72,1265,5.611111111111111,16,29.01543209876543,18,103509632,25.0,25.0,1
4b5ac252-b2bf-4c14-9da3-3212bcb66964,001847,sub-RD057/sub-RD057_ses-RD057-20240822-140905_behavior+image.nwb,32,121,3215,5.428571428571429,36,51.530612244897966,28,17219128,25.0,25.0,1
4b5cf6fd-34aa-4a48-8714-7b4b7ba72f14,001274,sub-5-20240523/sub-5-20240523_obj-1ow0m94_image.nwb,17,38,431,4.153846153846154,13,13.668639053254442,13,176901414,200.0,25.0,1
4b5e4aca-aea3-4afb-b74b-ab29fed397f5,001841,sub-subject-ID-ST438/sub-subject-ID-ST438_ses-20200228T151159_icephys.nwb,29,62,907,3.9166666666666665,13,9.409722222222223,24,1004301,25.0,25.0,1
4b617b5d-2d30-48fc-9911-6c18fb1be458,001564,sub-dat-e1-f8/sub-dat-e1-f8_ses-20250415T121937.nwb,20,41,432,3.75,13,13.3125,16,14598768,25.0,25.0,1
4b6cd761-776a-4df1-89ce-8b469757e24d,000617,sub-684475/sub-684475_ses-1292488745-acq-1292590339_ophys.nwb,66,196,6715,4.344262295081967,17,20.75033593120128,61,589266649,1880.0,25.0,1
4b7518e4-1003-4978-a2c9-78050de4aaf4,001414,sub-Ca13/sub-Ca13_ses-20250327-13-bPAC-KX-LED25ms-rec3_ophys.nwb,27,45,590,4.294117647058823,13,16.913494809688583,17,646418499,260.0,25.0,1
4b784bd6-01cd-414f-b0ca-d4a1c574cb55,000711,sub-467954/sub-467954_ses-20190909T103304_image.nwb,48,116,2469,3.727272727272727,23,24.743801652892568,44,188651285,240.0,25.0,1
4b7d1451-4ccf-4c8d-88c0-b81a04d350dd,000711,sub-541329/sub-541329_ses-20201002T143930_image.nwb,48,119,2682,3.7954545454545454,26,27.571797520661153,44,51686502,140.0,25.0,1
4b85a391-3a4d-4c5c-be61-52fd746042e4,001038,sub-Calb-1877/sub-Calb-1877_ses-20210708-0001.nwb,48,101,2005,4.054054054054054,16,13.834915997078161,37,10464775,100.0,25.0,1
4b8e3f62-1cc0-4517-941d-2d5fdbbaa22a,000959,sub-T/sub-T_ses-20220324_obj-1c1yv67_behavior.nwb,29,116,3192,5.76,13,16.1824,25,9964576,260.0,60.0,0
4b8f06b3-ba70-4e28-8443-9364082db20d,000773,sub-ant5-m1-d10-y2023/sub-ant5-m1-d10-y2023_ses-m1-d10-y2023-ant5-0-48x-ethylpyrazine-40-t185-z90um_ophys.nwb,22,48,624,4.176470588235294,13,14.615916955017303,17,84086336,640.0,160.0,0
4b9c3634-fd9b-4786-a1c3-a70b09050dab,000711,sub-547266/sub-547266_ses-20210111T091217_image.nwb,50,156,5473,4.478260869565218,24,34.72778827977316,46,196062872,280.0,25.0,1
4ba37ea6-4dff-418d-a6ed-d0f8fb402ecc,000711,sub-453991/sub-453991_ses-20190508T120536_image.nwb,48,119,2682,3.7954545454545454,26,27.571797520661153,44,66704666,140.0,25.0,1
4bb2c06a-c60d-4708-99f5-75e1e4086b8b,001550,sub-P102/sub-P102_ses-TaskSwitch4-180519a.nwb,35,112,2625,4.709677419354839,38,47.36732570239335,31,2307736,120.0,25.0,1
4bb3b2e1-c451-4d63-b6e4-c9c3f184fe0c,000773,sub-ant5-m1-d10-y2023/sub-ant5-m1-d10-y2023_ses-m1-d10-y2023-ant5-0-48x-4-methyl-3-heptanone-40-t184-z155um_ophys.nwb,22,48,624,4.176470588235294,13,14.615916955017303,17,84086336,620.0,160.0,0
4bb45352-55b2-4eb8-9298-0a80fb851a34,000713,sub-556014/sub-556014_ses-None_probe-1087871849_ecephys.nwb,36,62,1087,3.3,14,12.343333333333334,30,4431437280,3480.0,260.0,0
4bc11360-4ea9-4a66-9f92-23e94efbf966,000336,sub-661749/sub-661749_ses-1254161187-acq-1254305747-denoised-movies_ophys.nwb,72,283,15946,5.5,30,39.43181818181818,66,39408025604,1360.0,25.0,1
4bc8a29a-344b-4e96-98e4-823fc7341efd,000467,sub-ant1-m4-d26-y2022/sub-ant1-m4-d26-y2022_ses-m4-d26-y2022-ant1-0-03x-6-methyl-5-hepten-2-one-40-t128-z30um_ophys.nwb,22,48,624,4.176470588235294,13,14.615916955017303,17,84086336,640.0,160.0,0
4bccf9b1-3097-4e82-bd6a-d7b12c88eb11,001455,sub-809076415/sub-809076415_ses-813003020_icephys.nwb,137,538,59879,5.708955223880597,45,39.9824571173981,134,19790275,540.0,25.0,1
4bdb7fa2-e024-4677-945d-002b420ee54a,001452,sub-9/sub-9_ses-20250516T214857_icephys.nwb,61,153,8258,4.553571428571429,41,27.46141581632653,56,3573376,220.0,25.0,1
4bef87ce-9978-4ca8-aa8d-6434ed707cfd,000363,sub-480928/sub-480928_ses-20210122T131850_behavior+ecephys+ogen.nwb,54,146,3437,4.5777777777777775,32,32.86617283950618,45,117117714,223980.0,340.0,0
4bf773db-27e7-4861-b976-a166897dd7f2,000008,sub-mouse-AWOAY/sub-mouse-AWOAY_ses-20190829-sample-2_slice-20190829-slice-2_cell-20190829-sample-2_icephys.nwb,181,538,87573,4.96045197740113,80,65.58600657537745,177,9439237,21040.0,460.0,0
4bfd9f2a-d939-421f-ba73-f0fdfa0a85d7,000713,sub-563495/sub-563495_ses-20210521T103146_image.nwb,48,114,2391,3.6818181818181817,23,23.762396694214885,44,188120226,240.0,25.0,1
4c01984d-99e2-458c-abf0-9da733ec5ed9,001169,sub-G006/sub-G006_ses-RWTautowait2-20200521-102058.nwb,32,116,2923,5.444444444444445,30,44.54320987654322,27,1107451,80.0,25.0,1
4c0209bb-6570-4eab-9773-11165f5a9f81,000405,sub-s3/sub-s3_ses-Al-OF-101718.nwb,19,42,447,4.0,13,11.6,15,2597848,740.0,180.0,0
4c077114-f0f9-49bb-bb2b-3b5cee21e94d,001169,sub-J073/sub-J073_ses-RWTautowait2-20230616-151725.nwb,32,118,3087,5.518518518518518,32,48.32373113854595,27,1182689,60.0,25.0,1
4c0a3b1c-4b90-4cea-b899-4a86b9683b88,000336,sub-644972/sub-644972_ses-1237081845-acq-1237345893_ophys.nwb,59,238,12973,5.574074074074074,30,44.17043895747597,54,89430732,500.0,25.0,1
4c149784-0b88-46e8-9ca4-89ac5a1f10e8,001274,sub-1-20240824/sub-1-20240824_obj-1f59cmn_image.nwb,17,38,431,4.153846153846154,13,13.668639053254442,13,119558691,160.0,25.0,1
4c1717ea-15bf-4102-bfba-fadb4959b657,000932,sub-Pig3/sub-Pig3_ses-20221116T121014_ecephys.nwb,32,53,777,3.4444444444444446,13,13.1358024691358,27,718314276,600.0,60.0,0
4c198ab9-f092-4798-8c65-16252ef724c8,001169,sub-L011/sub-L011_ses-RWTautowait2-20220418-153440.nwb,32,117,3004,5.481481481481482,31,46.397805212620035,27,1103524,60.0,25.0,1
4c221055-dc7b-4d7a-99c4-50217f95afa4,001550,sub-P116/sub-P116_ses-TaskSwitch4-180119a.nwb,35,112,2625,4.709677419354839,38,47.36732570239335,31,1285128,100.0,25.0,1
4c29806a-64f6-4b9b-ac8d-305b9c0f47b5,000637,sub-BH459/sub-BH459_obj-il00eq_ecephys.nwb,28,46,627,4.111111111111111,14,15.654320987654321,18,4766056,180.0,60.0,0
4c3e1a7e-b6d1-41eb-a72a-c797ee0134d1,001510,sub-LG449/sub-LG449_ses-LG449-20250331_obj-2ctzuc_ophys.nwb,36,99,2322,4.5,20,16.25,32,87337567,180.0,25.0,1
4c41a72e-107a-4ae5-a2e7-5f0fe2a2dd7a,000951,sub-LC10d-fly5/sub-LC10d-fly5_ses-(-LC10d-fly5-170808-1604--).nwb,18,33,433,3.8461538461538463,13,13.822485207100591,13,187360,440.0,160.0,0
4c43ca9f-2a71-4de2-8551-83d049d06415,000773,sub-ant1-m1-d20-y2023/sub-ant1-m1-d20-y2023_ses-m1-d20-y2023-ant1-0-48x-4-methyl-3-heptanol-40-t124-z90um_ophys.nwb,22,48,624,4.176470588235294,13,14.615916955017303,17,84086336,600.0,160.0,0
4c498704-cd0e-433d-ab9b-6e4a4198a3a9,001550,sub-P130/sub-P130_ses-TaskSwitch4-180802a.nwb,35,112,2625,4.709677419354839,38,47.36732570239335,31,1171360,120.0,25.0,1
4c4f97c8-db43-4ff2-97ac-e98a19fb1d10,001683,sub-BH638/sub-BH638_ses-20241219T174950_ecephys.nwb,28,52,725,4.2105263157894735,13,17.534626038781166,19,681379336,340.0,25.0,1
4c5306f3-b04d-4a55-bf01-cec3f3b9e317,001205,sub-8205445771137353810/sub-8205445771137353810_ses-20211025T175553_ophys.nwb,27,41,539,4.0588235294117645,13,14.878892733564015,17,466226728,220.0,25.0,1
4c5794e4-b2a8-4f27-96f6-fd25092a5f77,001169,sub-S048/sub-S048_ses-RWTautowait2-20221114-132256.nwb,32,118,3087,5.518518518518518,32,48.32373113854595,27,1349696,100.0,25.0,1
4c604cbc-5515-4041-8579-b69b004135f5,001169,sub-J023/sub-J023_ses-RWTautowait2-20220104-155040.nwb,32,116,2974,5.444444444444445,31,46.46913580246915,27,1237429,60.0,25.0,1
4c61b1f1-33f8-4ab2-8023-765d3ed027e0,000773,sub-ant5-m4-d6-y2023/sub-ant5-m4-d6-y2023_ses-m4-d6-y2023-ant5-0-48x-isopropanol-40-t196-z155um_ophys.nwb,22,48,624,4.176470588235294,13,14.615916955017303,17,84086336,580.0,160.0,0
4c62483f-7383-4381-a8bb-96380b9a8d66,001184,sub-115/sub-115_ses-session-hheise-M115-2022-08-24-01_behavior+image+ophys.nwb,43,77,1114,3.1794871794871793,13,8.352399737015123,39,217796400,1520.0,140.0,0
4c67d63b-5eb4-45da-830b-4cb9180e6618,000773,sub-ant4-m1-d11-y2023/sub-ant4-m1-d11-y2023_ses-m1-d11-y2023-ant4-0-03x-4-methyl-3-heptanol-40-t185-z25um_ophys.nwb,22,48,624,4.176470588235294,13,14.615916955017303,17,84086336,600.0,160.0,0
4c68ec3a-4b39-4295-8e0d-9ee370b8ae79,000713,sub-548720/sub-548720_ses-20210115T132317_image.nwb,48,115,2402,3.7045454545454546,23,23.889979338842977,44,191386697,280.0,25.0,1
4c6b5ef3-ecf4-400c-9cc1-5f4c3e216389,000773,sub-ant4-m1-d20-y2023/sub-ant4-m1-d20-y2023_ses-m1-d20-y2023-ant4-0-48x-4-methyl-3-heptanol-40-t184-z155um_ophys.nwb,22,48,624,4.176470588235294,13,14.615916955017303,17,84086336,600.0,160.0,0
4c6cd70d-0698-4e62-86f2-8073967e79d5,000020,sub-679618544/sub-679618544_ses-681800514_icephys.nwb,129,474,40587,5.357142857142857,36,33.00736961451247,126,16603953,22200.0,400.0,0
4c6d8a5f-6d87-49d8-8cc8-a85857c40417,000628,sub-Sw/sub-Sw_ses-20200408T082734_behavior.nwb,217,613,332273,4.004830917874396,192,172.96132931923722,207,14881082,920.0,120.0,0
4c792f83-0d15-4f4c-9fca-6f9576d06475,001169,sub-S037/sub-S037_ses-RWTautowait2-20220426-101741.nwb,32,117,3004,5.481481481481482,31,46.397805212620035,27,1090805,80.0,25.0,1
4c8e539e-e8e1-4176-9c64-c9a8af2752ed,001169,sub-E007/sub-E007_ses-RWTautowait2-20221018-135833.nwb,32,116,2974,5.444444444444445,31,46.46913580246915,27,1589217,120.0,25.0,1
4c9cb3ba-0422-4c53-b201-3c0825fdb29d,001169,sub-J076/sub-J076_ses-RWTautowait2-20230626-130900.nwb,32,118,3087,5.518518518518518,32,48.32373113854595,27,1609887,80.0,25.0,1
4c9d67d5-1f7a-43f2-acf9-395b48b5d94c,000959,sub-T/sub-T_ses-20220616_obj-11wuqiv_behavior.nwb,42,289,30304,8.68421052631579,17,33.63711911357342,38,17531672,280.0,60.0,0
4ca3208b-f163-4a37-923e-2d3f257b68d2,000773,sub-ant3-m2-d24-y2023/sub-ant3-m2-d24-y2023_ses-m2-d24-y2023-ant3-0-48x-4-methyl-3-heptanone-40-t180-z25um_ophys.nwb,22,48,624,4.176470588235294,13,14.615916955017303,17,84086336,580.0,160.0,0
4cb43b1d-fd44-447a-9b04-ac6728bc3eec,000773,sub-ant6-m1-d10-y2023/sub-ant6-m1-d10-y2023_ses-m1-d10-y2023-ant6-0-48x-4-methyl-3-heptanone-40-t198-z105um_ophys.nwb,22,48,624,4.176470588235294,13,14.615916955017303,17,84086336,640.0,160.0,0
4cb68ca4-7ed5-4c1c-b43f-cd1bffa44b94,001200,sub-BH597/sub-BH597_ses-20240906T214200_ecephys+ogen.nwb,29,53,741,4.15,14,15.827499999999997,20,246504,60.0,25.0,1
4cbf2cf5-8352-43de-96ee-ba7be5aaac68,000713,sub-545996/sub-545996_ses-20201211T151042_image.nwb,48,115,2402,3.7045454545454546,23,23.889979338842977,44,191414593,280.0,25.0,1
4cbf6af6-224b-44dd-aac3-e440cef95b06,001169,sub-G028/sub-G028_ses-RWTautowait2-20210505-121224.nwb,32,117,3004,5.481481481481482,31,46.397805212620035,27,1470079,100.0,25.0,1
4cc33f7c-1eaf-408d-97dd-83f07251b600,001169,sub-J046/sub-J046_ses-RWTautowait2-20220919-095028.nwb,32,117,3004,5.481481481481482,31,46.397805212620035,27,997131,100.0,25.0,1
4cc4811e-d038-42a6-92a1-7fdbe0193e5c,001474,sub-MPK143/sub-MPK143_ses-20240610T120000.nwb,21,45,466,3.823529411764706,13,11.321799307958477,17,7798872,80.0,25.0,1
4cc52e9e-1158-46d0-91a6-31e2a09ec674,000022,sub-754488976/sub-754488976_ses-771160300_probe-773621948_ecephys.nwb,26,52,791,3.590909090909091,14,14.878099173553721,22,2388909299,26520.0,80.0,0
4cc9b143-7a7e-4a8b-b20a-c5e612bba9ed,000971,sub-079-402/sub-079-402_ses-Opto-DLS-Excitatory-ChR2-2020-07-10T13-45-04_behavior+ogen.nwb,31,57,739,3.2962962962962963,14,13.393689986282581,27,256725,80.0,60.0,0
4ccb0734-0bbb-41be-80d6-f35500f5ef48,001169,sub-G039/sub-G039_ses-RWTautowait2-20211011-120739.nwb,32,117,3004,5.481481481481482,31,46.397805212620035,27,993170,60.0,25.0,1
4ccf30f3-f7d7-4395-bba0-b514eeba4bd4,001611,sub-25897/sub-25897_ses-20241113T122816_ecephys.nwb,25,52,649,4.105263157894737,13,13.988919667590027,19,13921180,100.0,25.0,1
4cdf473b-ac7d-4bf8-8d39-237d29116838,001169,sub-C035/sub-C035_ses-RWTautowait-20191007-123346.nwb,32,114,2767,5.37037037037037,28,41.0480109739369,27,1302151,1600.0,160.0,0
4cdf5c09-c941-4948-ac67-008e2a639e4e,000971,sub-354-430/sub-354-430_ses-Opto-DLS-Excitatory-EYFP-2020-12-29T11-48-59_ogen.nwb,30,57,751,3.3846153846153846,15,14.698224852071005,26,246307,60.0,25.0,1
4ce3adf4-da4c-4fd4-b290-5e6450a3b0ca,001333,sub-parkinson-simulated-lfp/sub-parkinson-simulated-lfp_ses-339_ecephys.nwb,27,44,543,3.3636363636363638,13,11.59504132231405,22,822640,100.0,60.0,0
4ce407ab-0b3b-44e7-9092-fdc92b31304c,001348,sub-1376316470/sub-1376316470_ses-1379202936_icephys.nwb,379,1564,670201,6.002659574468085,157,129.97073760751468,376,62707289,1700.0,80.0,0
4cec1a41-e0ed-47c9-b9d2-ea8d1583dc74,000971,sub-93-246/sub-93-246_ses-FP-PS-2019-03-01T11-33-53_behavior.nwb,26,52,651,3.5,13,13.886363636363637,22,236016,60.0,25.0,1
4cedcf20-3ecb-4ecd-bcf9-7cc4a67d6c3b,000336,sub-662470/sub-662470_ses-1253901632-acq-1254063259_ophys.nwb,67,257,14389,5.409836065573771,30,42.01236226820747,61,183420450,960.0,25.0,1
4cf3225a-9150-41ca-b907-35f3a2e3fb29,000711,sub-453989/sub-453989_ses-20190729T131807_image.nwb,50,156,5473,4.478260869565218,24,34.72778827977316,46,196117076,360.0,25.0,1
4cf36827-6354-418d-a99c-70d95745447f,001169,sub-L027/sub-L027_ses-RWTautowait2-20230323-113924.nwb,32,118,3087,5.518518518518518,32,48.32373113854595,27,1513987,60.0,25.0,1
4cfc164c-86a8-4012-b852-74f3eaa87cf8,000008,sub-mouse-KVPGJ/sub-mouse-KVPGJ_ses-20180918-sample-2_slice-20180918-slice-2_cell-20180918-sample-2_icephys.nwb,181,538,87573,4.96045197740113,80,65.58600657537745,177,9511912,16400.0,440.0,0
4d1f1a50-4cd6-491c-b216-352a1bc8fa51,000773,sub-ant1-m1-d17-y2023/sub-ant1-m1-d17-y2023_ses-m1-d17-y2023-ant1-0-03x-3-hexanone-40-t144-z80um_ophys.nwb,22,48,624,4.176470588235294,13,14.615916955017303,17,84086336,620.0,160.0,0
4d21dcd0-22fb-435d-bf27-68ab328ee561,000951,sub-LC10a-fly1/sub-LC10a-fly1_ses-(-LC10a-fly1-170905-1156--).nwb,18,33,433,3.8461538461538463,13,13.822485207100591,13,187360,440.0,180.0,0
4d291ad3-74f9-4b0f-bfc9-961b2609fd05,001169,sub-S046/sub-S046_ses-RWTautowait2-20221102-103734.nwb,32,117,3004,5.481481481481482,31,46.397805212620035,27,1143866,60.0,25.0,1
4d308d0e-5503-448a-a5ff-8269277be9f2,001371,sub-S34/sub-S34_ses-S34-220616_behavior+ecephys.nwb,61,216,8488,5.035714285714286,35,35.570153061224495,56,171701134323,55880.0,140.0,0
4d315cc2-1dcf-456a-8a26-07bf94aa7255,001169,sub-L014/sub-L014_ses-RWTautowait2-20220524-095625.nwb,32,117,3004,5.481481481481482,31,46.397805212620035,27,1425032,25.0,25.0,1
4d33822b-0699-4ee2-ad53-df7bf6b6dc6d,001746,sub-Mfa220407/sub-Mfa220407_ses-sess-220407d3_obj-13xk34w_icephys.nwb,143,396,49847,4.917910447761194,60,48.120126977055,134,24572848,1420.0,80.0,0
4d356255-ead6-4a94-b8ed-f367046a10f6,001169,sub-M044/sub-M044_ses-RWTautowait2-20221128-152137.nwb,32,117,3057,5.481481481481482,32,48.397805212620035,27,1088695,100.0,25.0,1
4d372e97-58b8-4bbc-9dce-1acef706198b,001169,sub-M037/sub-M037_ses-RWTautowait2-20210621-133317.nwb,32,116,2974,5.444444444444445,31,46.46913580246915,27,1322831,60.0,25.0,1
4d394aea-b38b-468b-88c3-336c27d16c08,001425,sub-VG1-GC#119/sub-VG1-GC#119_ses-2024-03-22-task-day10_widefield.nwb,72,149,4194,3.5625,18,11.43359375,64,16376477782,9340.0,100.0,0
4d3e6d79-16a3-487c-ad55-09e945e40108,000246,sub-PHP-CaMPARI1-M5/sub-PHP-CaMPARI1-M5_obj-1dyariy_ophys.nwb,31,41,560,3.8421052631578947,13,14.027700831024932,19,8566936,25.0,25.0,1
4d441675-ecb5-45f3-80ae-45d52721449c,001032,sub-2-1/sub-2-1_ses-2kHz-spindle-stimulation-9V_image.nwb,17,38,431,4.153846153846154,13,13.668639053254442,13,580725,80.0,25.0,1
4d46c8fd-aa7f-4733-8267-0dfb44f86935,001550,sub-P159/sub-P159_ses-TaskSwitch4-190820a.nwb,35,112,2625,4.709677419354839,38,47.36732570239335,31,2126512,100.0,25.0,1
4d4908c7-335c-4fb2-990b-690237ff9ec9,000773,sub-ant1-m1-d11-y2023/sub-ant1-m1-d11-y2023_ses-m1-d11-y2023-ant1-0-03x-ethanol-40-t137-z40um_ophys.nwb,22,48,624,4.176470588235294,13,14.615916955017303,17,84086336,620.0,160.0,0
4d4a1d95-de2c-41e5-ab91-61162a45fdcd,000467,sub-ant1-m4-d26-y2022/sub-ant1-m4-d26-y2022_ses-m4-d26-y2022-ant1-0-48x-6-methyl-5-hepten-2-one-40-t143-z10um_ophys.nwb,22,48,624,4.176470588235294,13,14.615916955017303,17,84086336,640.0,160.0,0
4d4cc80f-6f53-48e4-b53c-7a67d6660a4a,001611,sub-29641/sub-29641_ses-20250331T193551_ecephys.nwb,25,52,649,4.105263157894737,13,13.988919667590027,19,14144508,80.0,25.0,1
4d4f42c1-2e43-4415-a93e-6f0fce3fd051,000773,sub-ant3-m2-d24-y2023/sub-ant3-m2-d24-y2023_ses-m2-d24-y2023-ant3-0-48x-isopropanol-40-t177-z145um_ophys.nwb,22,48,624,4.176470588235294,13,14.615916955017303,17,84086336,580.0,160.0,0
4d60fd1c-5c5c-4f2a-afaf-5cfa88735020,001640,sub-Barto/Barto2022-08-24_13-39-21.nwb,22,38,452,3.5294117647058822,13,11.307958477508649,17,8002919721,2720.0,25.0,1
4d77ce77-6ad4-42dc-9eb9-1e17c400506d,000467,sub-ant1-m10-d11-y2022/sub-ant1-m10-d11-y2022_ses-m10-d11-y2022-ant1-0-48x-isopropanol-40-t142-z150um_ophys.nwb,22,48,624,4.176470588235294,13,14.615916955017303,17,84086336,700.0,180.0,0
4d78a799-3982-4d7b-9eb6-488d1d268322,001634,sub-Frodo/sub-Frodo_ses-1_obj-1ccak24_ecephys.nwb,253,64,23788,3.0526315789473686,38,25.681440443213305,114,617864,760.0,140.0,0
4d79b725-05bc-4ec4-8102-995dfd95bb88,000773,sub-ant2-m1-d20-y2023/sub-ant2-m1-d20-y2023_ses-m1-d20-y2023-ant2-0-48x-4-methyl-3-heptanone-40-t157-z40um_ophys.nwb,22,48,624,4.176470588235294,13,14.615916955017303,17,84086336,600.0,160.0,0
4d883f92-ee42-43c8-a0fb-2964c3ce8dd4,000628,sub-Pa/sub-Pa_ses-20200104T101749_behavior.nwb,3766,11260,125956226,4.000266240681576,3741,3719.1632054669235,3756,147480135,4100.0,120.0,0
4d884eef-1ad1-4cbf-8cb8-b38c1453e0b0,000020,sub-750787657/sub-750787657_ses-754825661_icephys.nwb,115,460,39079,5.758928571428571,36,32.12938456632653,112,19038885,20280.0,380.0,0
4d8a9de8-1481-455c-b371-5577796d14fc,001348,sub-1223010848/sub-1223010848_ses-1223249380_icephys.nwb,166,626,85116,5.558282208588957,57,47.498136926493295,163,36923373,1040.0,80.0,0
4d8aea12-5a06-412c-9666-b91934c60049,000678,sub-BW064/sub-BW064_ses-20220710T103848.nwb,29,70,949,4.083333333333333,20,21.743055555555557,24,9750892,260.0,60.0,0
4d8bad7b-bd8c-479e-bdd3-eb1af1a9f8b3,000773,sub-ant1-m2-d24-y2023/sub-ant1-m2-d24-y2023_ses-m2-d24-y2023-ant1-0-48x-propionic-acid-40-t129-z60um_ophys.nwb,22,48,624,4.176470588235294,13,14.615916955017303,17,84086336,600.0,160.0,0
4d8c3949-10d9-49f8-ab59-6813053bb3d9,000951,sub-LC22-fly13/sub-LC22-fly13_ses-(-LC22-fly13-161020-1507--).nwb,18,33,433,3.8461538461538463,13,13.822485207100591,13,187360,420.0,160.0,0
4d8f847f-6fb9-4253-8181-58f8c7919dc2,000678,sub-BW048/sub-BW048_ses-20220102T150855.nwb,29,70,949,4.083333333333333,20,21.743055555555557,24,21920984,260.0,25.0,1
4d926065-d76e-4ccd-80ae-fc98cd5b54b7,000773,sub-ant3-m1-d17-y2023/sub-ant3-m1-d17-y2023_ses-m1-d17-y2023-ant3-0-03x-3-hexanone-40-t191-z90um_ophys.nwb,22,48,624,4.176470588235294,13,14.615916955017303,17,84086336,620.0,160.0,0
4d987ca7-f87e-4477-8204-5248b357eb62,001789,sub-rat-29Mar23/sub-rat-29Mar23_ses-G_icephys.nwb,32,75,1025,4.25,13,8.044642857142858,28,9827696,160.0,25.0,1
4d9c9f54-19bd-4f2d-ab4e-daee7324b605,000637,sub-BH444/sub-BH444_obj-1omgc8h_ecephys.nwb,28,46,627,4.111111111111111,14,15.654320987654321,18,1145816,180.0,60.0,0
4d9cf704-a371-4426-9131-4c56c46bac78,000165,sub-Jerk/sub-Jerk_ses-Jerk02-HomeCage_behavior+ecephys.nwb,34,59,1006,4.0,14,20.0,24,99431872,1660.0,60.0,0
4db62e3e-8a00-4cc4-8b26-9dbfec759474,001169,sub-J071/sub-J071_ses-RWTautowait2-20230302-141426.nwb,32,118,3087,5.518518518518518,32,48.32373113854595,27,1454973,80.0,25.0,1
4db9b140-5759-4a8e-8616-154662ff8702,001837,sub-G4-5/sub-G4-5_obj-uw4w7w_ecephys.nwb,22,45,579,3.9411764705882355,13,12.643598615916957,17,198444,25.0,25.0,1
4dba54de-653a-4bf1-9b78-fe6378bd6231,001634,sub-Frodo/sub-Frodo_ses-5_obj-j309sb_ecephys.nwb,252,72,23379,3.0869565217391304,36,24.670699432892246,115,723440,80.0,25.0,1
4dbc5b85-35bb-43d0-bbcc-d285cdc2c77c,001169,sub-G026/sub-G026_ses-RWTautowait2-20210301-142025.nwb,32,117,3004,5.481481481481482,31,46.397805212620035,27,1318188,80.0,25.0,1
4dbf110e-b625-4636-885c-3edc6302a209,000246,sub-phpV14-blind-02/sub-phpV14-blind-02_ses-20240904_obj-tztzus_ophys.nwb,33,46,581,3.5217391304347827,13,12.162570888468805,23,12760208,80.0,25.0,1
4dc20f52-f2ed-45c2-aaea-4ca7e954e4a2,000467,sub-ant2-m10-d11-y2022/sub-ant2-m10-d11-y2022_ses-m10-d11-y2022-ant2-0-48x-propionic-acid-40-t154-z145um_ophys.nwb,22,48,624,4.176470588235294,13,14.615916955017303,17,84086336,680.0,180.0,0
4dc76af5-0dcc-4993-8028-1d577f2f2045,001465,sub-1424236717/sub-1424236717_ses-1424611171_icephys.nwb,244,961,217600,5.746887966804979,90,75.68282226545686,241,67235644,1220.0,80.0,0
4dd36002-a197-4ad8-b5d1-c6c4071b198d,000713,sub-533539/sub-533539_ses-20200915T095315_image.nwb,48,118,2609,3.772727272727273,25,26.584710743801654,44,68080660,440.0,25.0,1
4dd7b18b-f75c-4b6f-bd42-9ec5cc5c3270,001455,sub-964727585/sub-964727585_ses-966849265_icephys.nwb,160,616,85583,5.643312101910828,55,45.50334699176435,157,22406187,380.0,25.0,1
4dd8018d-f4c4-40bb-bec5-10de281849ff,001349,sub-C57-C2-2-BR/sub-C57-C2-2-BR_ses-6_ophys.nwb,32,64,1380,3.923076923076923,13,11.07100591715976,26,24237652,100.0,25.0,1
4dda623c-810f-4efb-8823-3c70ae8f62a3,001510,sub-LG609/sub-LG609_ses-LG609-20250909_obj-cwpb8k_ophys.nwb,36,99,2322,4.5,20,16.25,32,78877596,160.0,25.0,1
4de5cc8a-ca86-459c-8d15-deecc7e899de,001634,sub-Bilbo/sub-Bilbo_ses-5_obj-1xag18u_ecephys.nwb,256,79,23510,3.0756302521008405,36,24.08671703975707,119,2885136,80.0,25.0,1
4dff227b-7371-4d15-866a-d933a78b9aae,000246,sub-phpV14-blind-03/sub-phpV14-blind-03_ses-20240910_obj-53ka1q_ophys.nwb,33,46,581,3.5217391304347827,13,12.162570888468805,23,12760208,80.0,25.0,1
4e077ebc-9b23-4b91-acd1-168884277692,000711,sub-476970/sub-476970_ses-20191213T125137_image+ophys.nwb,78,229,9548,4.342465753424658,24,25.896415837868265,73,312964990,420.0,25.0,1
4e1083ca-81c7-434f-8fc8-89f49796092a,001169,sub-G032/sub-G032_ses-RWTautowait2-20210506-161102.nwb,32,117,3004,5.481481481481482,31,46.397805212620035,27,1200637,80.0,25.0,1
4e16e4f5-d90c-4cb5-95be-c6a923e138e3,001038,sub-Calb-1790/sub-Calb-1790_ses-20210407-0002.nwb,46,97,1912,4.057142857142857,16,14.45387755102041,35,13629539,100.0,25.0,1
4e19f194-985a-42ff-ae2f-3aab6547e39e,000467,sub-ant5-m4-d26-y2022/sub-ant5-m4-d26-y2022_ses-m4-d26-y2022-ant5-0-03x-4-methyl-3-heptanone-40-t274-z100um_ophys.nwb,22,48,624,4.176470588235294,13,14.615916955017303,17,84086336,480.0,120.0,0
4e203a6d-d5a1-42ca-bdd0-89421854fab2,000008,sub-mouse-IAHGR/sub-mouse-IAHGR_ses-20180621-sample-7_slice-20180621-slice-7_cell-20180621-sample-7_icephys.nwb,181,538,87573,4.96045197740113,80,65.58600657537744,177,9054511,16540.0,440.0,0
4e2a2b04-bed5-46b7-860c-1a32b4b2687d,001169,sub-G101/sub-G101_ses-RWTautowait2-20230411-153851.nwb,32,118,3087,5.518518518518518,32,48.32373113854595,27,1134959,60.0,25.0,1
4e2a2d27-c111-41ba-b73c-b29087621b23,000020,sub-839065578/sub-839065578_ses-843320141_icephys.nwb,145,616,77244,6.077464788732394,51,47.45174568537987,142,20259273,25320.0,340.0,0
4e2df3b5-64f1-4c1b-90b9-5b2eaf6aceb4,000570,sub-636948822/sub-636948822_ses-636982248_icephys.nwb,192,688,99005,5.2592592592592595,57,50.47775818146188,189,20344613,25740.0,400.0,0
4e2e4d7c-72ed-4580-908c-4139ebef011e,001746,sub-Mfa220407/sub-Mfa220407_ses-sess-220407d2_obj-qozy0l_icephys.nwb,143,396,49847,4.917910447761194,60,48.120126977055,134,24572848,1180.0,80.0,0
4e372bd7-06de-4dde-8931-85839afa597a,000773,sub-ant4-m1-d11-y2023/sub-ant4-m1-d11-y2023_ses-m1-d11-y2023-ant4-0-03x-4-methyl-3-heptanol-40-t199-z125um_ophys.nwb,22,48,624,4.176470588235294,13,14.615916955017303,17,84086336,600.0,160.0,0
4e3d2b6b-a589-4529-8c1c-51ea21733e83,000773,sub-ant6-m1-d10-y2023/sub-ant6-m1-d10-y2023_ses-m1-d10-y2023-ant6-0-48x-propionic-acid-40-t212-z150um_ophys.nwb,22,48,624,4.176470588235294,13,14.615916955017303,17,84086336,640.0,160.0,0
4e434a16-0c77-4c10-ab76-22353e6c4fea,001455,sub-964727486/sub-964727486_ses-967384578_icephys.nwb,269,1046,266696,5.680451127819549,98,79.87909152580701,266,47649495,560.0,25.0,1
4e4596a4-ee74-4b3c-8c52-3689d3802f17,000467,sub-ant4-m4-d20-y2022/sub-ant4-m4-d20-y2022_ses-m4-d20-y2022-ant4-1x-paraffin-oil-40-t195-z65um_ophys.nwb,22,48,624,4.176470588235294,13,14.615916955017303,17,84086336,660.0,160.0,0
4e49b654-fc87-4ef9-b7bc-51c6ed4ecffb,000773,sub-ant1-m4-d6-y2023/sub-ant1-m4-d6-y2023_ses-m4-d6-y2023-ant1-0-48x-4-methyl-3-heptanol-40-t125-z35um_ophys.nwb,22,48,624,4.176470588235294,13,14.615916955017303,17,84086336,580.0,160.0,0
4e54a25b-fd0e-4a1d-992d-fc096136d0d4,001475,sub-HSB-W20-17/sub-HSB-W20-17_ses-20250325_cell-ar88_obj-kxwvwg_icephys.nwb,64,168,6490,4.533333333333333,20,11.782222222222224,60,3526600,660.0,80.0,0
4e654af7-d228-43ac-8457-3644e715b855,001169,sub-G086/sub-G086_ses-RWTautowait2-20230216-154711.nwb,32,118,3087,5.518518518518518,32,48.32373113854595,27,1326770,80.0,25.0,1
4e67b94d-74bc-4fea-9287-e62a15bb6a03,000711,sub-541329/sub-541329_ses-20201109T123853_image.nwb,50,156,5473,4.478260869565218,24,34.72778827977316,46,196054286,300.0,25.0,1
4e7446b6-2d3f-4788-9a49-9e6d49aa308f,001515,sub-CHO-20231010-c7/sub-CHO-20231010-c7_obj-1huocpe_image.nwb,17,38,431,4.153846153846154,13,13.668639053254442,13,25660846,100.0,25.0,1
4e7d9a94-bd37-4126-977f-3bef5474d59e,001445,sub-G3-8/sub-G3-8_obj-1vqyiat_ecephys.nwb,22,45,579,3.9411764705882355,13,12.643598615916957,17,203556,60.0,25.0,1
4e84bf36-c818-4742-9251-8d2741e69ba2,000773,sub-ant1-m4-d6-y2023/sub-ant1-m4-d6-y2023_ses-m4-d6-y2023-ant1-0-48x-ethylpyrazine-40-t145-z55um_ophys.nwb,22,48,624,4.176470588235294,13,14.615916955017303,17,84086336,580.0,160.0,0
4e86fd32-a515-4ab5-af8b-ce3b06816a3a,000773,sub-ant2-m1-d11-y2023/sub-ant2-m1-d11-y2023_ses-m1-d11-y2023-ant2-0-03x-3-hexanone-40-t164-z55um_ophys.nwb,22,48,624,4.176470588235294,13,14.615916955017303,17,84086336,620.0,160.0,0
4e8a4985-474c-4831-b8b0-879ac7bfd079,000773,sub-ant4-m4-d6-y2023/sub-ant4-m4-d6-y2023_ses-m4-d6-y2023-ant4-0-48x-4-methyl-3-heptanone-40-t151-z155um_ophys.nwb,22,48,624,4.176470588235294,13,14.615916955017303,17,84086336,600.0,160.0,0
4e8d50b6-5297-4b55-9c9d-302de5b97e86,001184,sub-113/sub-113_ses-session-hheise-M113-2022-08-15-01_behavior+image+ophys.nwb,43,78,1130,3.2051282051282053,13,8.470742932281393,39,308979952,1740.0,140.0,0
4e98f772-254d-4003-a273-441405e91585,001847,sub-PB176/sub-PB176_ses-PB176-20240531-090634_behavior.nwb,30,114,2920,5.5,36,55.78846153846154,26,575632,25.0,25.0,1
4ea42592-ecd2-4d32-9cf6-d74679a07933,000547,sub-314/sub-314_ses-7threc-0_ophys.nwb,27,44,572,4.235294117647059,13,16.768166089965398,17,283288111,400.0,25.0,1
4eace4a6-4c4a-477c-9d7b-e57fd94442e0,001836,sub-molly/sub-molly_ses-molly-20220420_obj-20b87l.nwb,99,68,1558,2.6744186046511627,65,53.8474851270957,86,54555392,100.0,25.0,1
4ead56ee-8cd7-4a25-9e0b-3dad44bb9361,001361,sub-m3/sub-m3_ses-13_behavior+ophys.nwb,46,80,1970,3.119047619047619,13,8.200113378684808,42,612448292,1060.0,25.0,1
4eb16680-82e1-47ab-89ff-996445fdab7b,001550,sub-P055/sub-P055_ses-TaskSwitch4-160721a.nwb,35,112,2625,4.709677419354839,38,47.36732570239335,31,887092,25.0,25.0,1
4eb33516-2f45-4b87-827d-493882bfdc74,000711,sub-484631/sub-484631_ses-20191213T150323_obj-yhrz0n_image+ophys.nwb,78,229,9548,4.342465753424658,24,25.896415837868265,73,317144853,600.0,25.0,1
4ebe72d0-b23f-4f6d-ab6a-0c9e7b41574a,001169,sub-J029/sub-J029_ses-RWTautowait2-20220316-121505.nwb,32,117,3004,5.481481481481482,31,46.397805212620035,27,1129574,100.0,25.0,1
4ec0461b-4115-411b-a212-044947433966,000773,sub-ant4-m1-d18-y2023/sub-ant4-m1-d18-y2023_ses-m1-d18-y2023-ant4-0-48x-isopropanol-40-t148-z25um_ophys.nwb,22,48,624,4.176470588235294,13,14.615916955017303,17,84086336,600.0,160.0,0
4ec7899a-2522-40a6-8649-c7da92b4a517,000773,sub-ant1-m1-d17-y2023/sub-ant1-m1-d17-y2023_ses-m1-d17-y2023-ant1-0-03x-isopropanol-40-t141-z145um_ophys.nwb,22,48,624,4.176470588235294,13,14.615916955017303,17,84086336,620.0,160.0,0
4eca05ae-3589-423e-82bf-921a407ec0e0,000246,sub-AAV-V15-D5/sub-AAV-V15-D5_obj-x1tuqy_ophys.nwb,31,41,560,3.8421052631578947,13,14.027700831024932,19,8564888,60.0,25.0,1
4ecd6fa6-0f1a-4d3f-8c6a-5ce864e309b9,000623,sub-CS47/sub-CS47_ses-P47CSR1_behavior+ecephys.nwb,218,96,1165,2.2744186046511627,177,146.44097349918874,215,927817738,3880.0,440.0,0
4ed2a07d-26ac-4195-b1eb-c6401fc2dd57,000773,sub-ant6-m1-d10-y2023/sub-ant6-m1-d10-y2023_ses-m1-d10-y2023-ant6-0-48x-ethanol-40-t215-z5um_ophys.nwb,22,48,624,4.176470588235294,13,14.615916955017303,17,84086336,620.0,160.0,0
4ed2b76c-456c-4f4f-a69b-b0710136a8ef,000971,sub-124-280/sub-124-280_ses-Opto-DMS-Excitatory-ChR2Scrambled-2019-07-03T09-17-44_behavior+ogen.nwb,31,57,739,3.2962962962962963,14,13.393689986282581,27,250447,80.0,60.0,0
4ed34ff6-d4b7-419f-a4c6-1ba0823b5ac6,001038,sub-Raldh-1572/sub-Raldh-1572_ses-20201019-0003.nwb,54,118,2573,4.119047619047619,16,14.10487528344671,42,30039036,160.0,25.0,1
4ed75516-4298-468c-b386-ad6711fd0751,001455,sub-933577236/sub-933577236_ses-940649492_icephys.nwb,249,1025,235780,5.926829268292683,92,87.9296053936149,246,57402683,980.0,25.0,1
4edaea0c-ae2d-48ed-b90e-03b925e675d3,000246,sub-C2-04-01/sub-C2-04-01_ses-20240729_obj-pvmq5o_ophys.nwb,33,46,581,3.5217391304347827,13,12.162570888468805,23,12760176,60.0,25.0,1
4edd00f4-284a-4bbd-80e5-2f9963a0e5ec,000766,sub-PC12-cell/sub-PC12-cell_ses-20210221T153000_obj-lcp4zg.nwb,17,35,401,3.923076923076923,13,13.609467455621298,13,192088,120.0,60.0,0
4edd2182-3174-4adc-abc2-350bf23a0010,000336,sub-660986/sub-660986_ses-1252269071-acq-1252416857_ophys.nwb,76,410,48355,7.0285714285714285,30,52.82775510204082,70,242205304,1400.0,25.0,1
4ee3ab1e-97f6-4dd6-bf80-50dc1ee0acd5,001169,sub-M033/sub-M033_ses-RWTautowait2-20210721-124130.nwb,32,117,3004,5.481481481481482,31,46.397805212620035,27,1014930,80.0,25.0,1
4ee40557-4c0a-488a-b400-789131aef135,000971,sub-310-399/sub-310-399_ses-Opto-DLS-Excitatory-Unknown-2020-08-31T11-50-24_ogen.nwb,30,56,729,3.3461538461538463,14,13.84171597633136,26,249409,80.0,60.0,0
4eebd1fc-8dd0-457c-8f93-83649a3f03b8,001169,sub-G078/sub-G078_ses-RWTautowait2-20220701-135102.nwb,32,117,3004,5.481481481481482,31,46.397805212620035,27,993247,60.0,25.0,1
4eef9f32-bda0-4a3a-90d8-63e378ad00b5,000467,sub-ant3-m4-d21-y2022/sub-ant3-m4-d21-y2022_ses-m4-d21-y2022-ant3-0-48x-4-methyl-3-heptanone-40-t161-z110um_ophys.nwb,22,48,624,4.176470588235294,13,14.615916955017303,17,84086336,660.0,160.0,0
4ef45222-a2d0-4be3-af50-1624616cf034,000617,sub-690567/sub-690567_ses-1310108019-acq-1310222089_ophys.nwb,71,219,7554,4.484848484848484,17,19.795224977043166,66,839080530,1660.0,25.0,1
4ef9be62-dede-4c11-97dc-9126cc28134b,000467,sub-ant1-m4-d21-y2022/sub-ant1-m4-d21-y2022_ses-m4-d21-y2022-ant1-0-12x-6-methyl-5-hepten-2-one-40-t132-z110um_ophys.nwb,22,48,624,4.176470588235294,13,14.615916955017303,17,84086336,640.0,160.0,0
4efe776a-185f-481e-af44-9f7e6938f51f,000773,sub-ant2-m2-d24-y2023/sub-ant2-m2-d24-y2023_ses-m2-d24-y2023-ant2-1x-paraffin-oil-40-t145-z0um_ophys.nwb,22,48,624,4.176470588235294,13,14.615916955017303,17,84086336,600.0,160.0,0
4f039105-19a1-47dd-9157-017531ffaef2,001526,sub-CHO-20250501-c3/sub-CHO-20250501-c3_ses-session-2025-05-01_obj-gzxclm_image.nwb,17,38,431,4.153846153846154,13,13.668639053254442,13,33859287,120.0,25.0,1
4f03932b-b2ba-4de3-8936-40ececb5714e,001777,sub-9015/sub-9015_ses-20200814T201101_icephys.nwb,38,91,1496,4.264705882352941,13,7.42993079584775,34,29057952,120.0,25.0,1
4f0d457e-d4c3-4251-9d6b-6b9558923578,001634,sub-Frodo/sub-Frodo_ses-5_obj-ph6980_ecephys.nwb,251,65,23358,3.043859649122807,36,24.585795629424442,114,628000,25.0,25.0,1
4f14d5f5-85bc-4045-b6df-625eced6ad43,000711,sub-464207/sub-464207_ses-20190812T084553_image.nwb,50,156,5473,4.478260869565218,24,34.72778827977316,46,196077952,180.0,25.0,1
4f152c5b-6de0-44a3-8f40-826e45d4e2e5,001550,sub-H113/sub-H113_ses-TaskSwitch4-190217a.nwb,33,110,2570,4.896551724137931,38,49.74791914387635,29,1126682,60.0,25.0,1
4f184eab-bb47-40c4-9217-e38e3873ae35,000773,sub-ant1-m1-d17-y2023/sub-ant1-m1-d17-y2023_ses-m1-d17-y2023-ant1-1x-paraffin-oil-40-t122-z80um_ophys.nwb,22,48,624,4.176470588235294,13,14.615916955017303,17,84086336,620.0,160.0,0
4f1c5602-c083-42d1-b60c-d10b18b2355e,000971,sub-440-424/sub-440-424_ses-Opto-DLS-Excitatory-ChR2-2020-11-30T11-51-50_ogen.nwb,28,53,719,3.5217391304347827,14,15.11909262759924,23,231944,80.0,25.0,1
4f242d8a-4e61-40e2-8d97-43ea943676a9,000773,sub-ant1-m2-d24-y2023/sub-ant1-m2-d24-y2023_ses-m2-d24-y2023-ant1-1x-paraffin-oil-40-t122-z160um_ophys.nwb,22,48,624,4.176470588235294,13,14.615916955017303,17,84086336,600.0,160.0,0
4f2a6794-b859-400a-9b43-ce537397f2a0,001169,sub-G028/sub-G028_ses-RWTautowait2-20210602-121642.nwb,32,117,3004,5.481481481481482,31,46.397805212620035,27,1632250,80.0,25.0,1
4f30ef9e-f817-4916-9a94-940c1dd32765,001550,sub-P187/sub-P187_ses-TaskSwitch6-191211a.nwb,33,110,2570,4.896551724137931,38,49.74791914387635,29,1198976,25.0,25.0,1
4f30f313-bab9-4220-ba17-7752b5977618,000467,sub-ant3-m4-d21-y2022/sub-ant3-m4-d21-y2022_ses-m4-d21-y2022-ant3-0-48x-4-methyl-3-hexanol-40-t151-z130um_ophys.nwb,22,48,624,4.176470588235294,13,14.615916955017303,17,84086336,640.0,160.0,0
4f323753-5cab-474e-98c0-349d5ee04c84,000773,sub-ant4-m1-d18-y2023/sub-ant4-m1-d18-y2023_ses-m1-d18-y2023-ant4-0-48x-4-methyl-3-heptanone-40-t147-z125um_ophys.nwb,22,48,624,4.176470588235294,13,14.615916955017303,17,84086336,620.0,160.0,0
4f4010d5-4951-47e9-bd29-7eb743e52be1,001169,sub-M038/sub-M038_ses-RWTautowait2-20211101-134312.nwb,32,116,2974,5.444444444444445,31,46.46913580246915,27,1596047,60.0,25.0,1
4f44ca45-634a-4b1f-b520-7ca281556ea7,001550,sub-P013/sub-P013_ses-PBups-150709a.nwb,33,90,1470,4.206896551724138,18,17.405469678953622,29,746648,100.0,25.0,1
4f4816c5-15f5-435b-b483-e2ad42d9d006,001836,sub-klein/sub-klein_ses-klein-20231106_obj-9vtrxv_behavior.nwb,108,76,1751,2.6,65,49.06105263157894,95,6030328,100.0,25.0,1
4f4b67ad-06b7-4bfa-931a-fe3cc9f0dded,001169,sub-J026/sub-J026_ses-RWTautowait2-20220214-142256.nwb,32,117,3004,5.481481481481482,31,46.397805212620035,27,1223876,25.0,25.0,1
4f4cc359-19b5-4482-8764-5d4a61a4d7e8,000773,sub-ant4-m1-d18-y2023/sub-ant4-m1-d18-y2023_ses-m1-d18-y2023-ant4-1x-paraffin-oil-40-t138-z105um_ophys.nwb,22,48,624,4.176470588235294,13,14.615916955017303,17,84086336,600.0,160.0,0
4f516f41-5f33-427c-b445-a581630ab748,000713,sub-560356/sub-560356_ses-20210323T111413_image.nwb,48,114,2391,3.6818181818181817,23,23.762396694214885,44,188058320,280.0,25.0,1
4f53e263-d505-4488-8892-cbe715b69d55,001065,sub-Q20-26-003/sub-Q20-26-003_ses-20200313T035520_icephys.nwb,105,363,32546,5.3861386138613865,38,25.80139202039016,101,12367234,540.0,80.0,0
4f547be3-90c7-43c6-aaba-fbed3364b80c,001169,sub-E007/sub-E007_ses-RWTautowait2-20220923-131953.nwb,32,116,2974,5.444444444444445,31,46.46913580246915,27,913118,80.0,25.0,1
4f558b47-367e-487e-80e1-3966ad114779,001550,sub-P078/sub-P078_ses-TaskSwitch4-161025a.nwb,35,112,2625,4.709677419354839,38,47.36732570239335,31,1042911,80.0,25.0,1
4f5819ab-bef3-4bfb-9a9a-888f55687f9f,000467,sub-ant2-m4-d21-y2022/sub-ant2-m4-d21-y2022_ses-m4-d21-y2022-ant2-0-48x-6-methyl-5-hepten-2-one-40-t127-z65um_ophys.nwb,22,48,624,4.176470588235294,13,14.615916955017303,17,84086336,640.0,160.0,0
4f5cb757-d7a1-40f7-9d4a-c879b4884528,000773,sub-ant1-m2-d24-y2023/sub-ant1-m2-d24-y2023_ses-m2-d24-y2023-ant1-0-48x-4-methyl-3-heptanone-40-t141-z25um_ophys.nwb,22,48,624,4.176470588235294,13,14.615916955017303,17,84086336,600.0,160.0,0
4f5de257-1a3e-4a75-90af-560a79d68356,001169,sub-M036/sub-M036_ses-RWTautowait2-20210805-133724.nwb,32,116,2974,5.444444444444445,31,46.46913580246915,27,1207503,80.0,25.0,1
4f63afe1-1505-4d89-a914-b0aa94ea59e4,000773,sub-ant2-m1-d17-y2023/sub-ant2-m1-d17-y2023_ses-m1-d17-y2023-ant2-0-03x-ethylpyrazine-40-t150-z5um_ophys.nwb,22,48,624,4.176470588235294,13,14.615916955017303,17,84086336,620.0,160.0,0
4f6414eb-9245-42c2-b8de-e42f1200523f,001550,sub-P120/sub-P120_ses-TaskSwitch4-180219a.nwb,35,112,2625,4.709677419354839,38,47.36732570239335,31,1006639,80.0,25.0,1
4f67e3c0-47e7-404d-815f-7159715fb391,001607,sub-Bilbo/sub-Bilbo_ses-5_obj-1wd5up3_ecephys.nwb,256,79,23510,3.0756302521008405,36,24.08671703975707,119,1791456,80.0,25.0,1
4f691c57-0fa9-4db5-9e49-db168ad8ac92,001169,sub-L012/sub-L012_ses-RWTautowait2-20221109-103908.nwb,32,118,3087,5.518518518518518,32,48.32373113854595,27,1081776,100.0,25.0,1
4f726d68-c19b-44a6-a3c5-239abc33b446,000467,sub-ant4-m4-d20-y2022/sub-ant4-m4-d20-y2022_ses-m4-d20-y2022-ant4-0-03x-6-methyl-5-hepten-2-one-40-t197-z120um_ophys.nwb,22,48,624,4.176470588235294,13,14.615916955017303,17,84086336,660.0,180.0,0
4f7a6cfe-40aa-4cd7-b098-a74564761dd3,000467,sub-ant5-m10-d11-y2022/sub-ant5-m10-d11-y2022_ses-m10-d11-y2022-ant5-0-48x-ethanol-40-t205-z20um_ophys.nwb,22,48,624,4.176470588235294,13,14.615916955017303,17,84086336,660.0,180.0,0
4f803e94-a469-4629-9090-a2c620545869,000773,sub-ant6-m1-d10-y2023/sub-ant6-m1-d10-y2023_ses-m1-d10-y2023-ant6-0-48x-3-hexanone-40-t217-z95um_ophys.nwb,22,48,624,4.176470588235294,13,14.615916955017303,17,84086336,640.0,160.0,0
4f854dec-53d0-4536-843c-439f0b424c29,000711,sub-555970/sub-555970_ses-20210331T084810_image.nwb,50,156,5473,4.478260869565218,24,34.72778827977316,46,196062598,240.0,25.0,1
4f868dc0-d1a4-4873-b638-695715f3be73,001169,sub-G077/sub-G077_ses-RWTautowait2-20221010-134002.nwb,32,118,3087,5.518518518518518,32,48.32373113854595,27,1620687,60.0,25.0,1
4f976166-a64a-4e36-ba01-3e3dfc2f42f1,000467,sub-ant3-m4-d26-y2022/sub-ant3-m4-d26-y2022_ses-m4-d26-y2022-ant3-0-48x-4-methyl-3-heptanol-40-t219-z35um_ophys.nwb,22,48,624,4.176470588235294,13,14.615916955017303,17,84086336,540.0,140.0,0
4fb0e5d3-fafa-4dfa-914a-766a1c62b25f,001169,sub-J008/sub-J008_ses-RWTautowait2-20210217-164518.nwb,32,117,3004,5.481481481481482,31,46.397805212620035,27,1674855,60.0,25.0,1
4fb24670-daaa-4f99-b008-97f005dd891d,001832,sub-megcell123022-004/sub-megcell123022-004_ses-20221230T000000_icephys.nwb,49,163,7523,5.2,22,13.093333333333334,45,9093208,180.0,25.0,1
4fb802dc-318d-43ad-9191-48a6cb224b47,000713,sub-527294/sub-527294_ses-20200624T144154_image.nwb,48,118,2609,3.772727272727273,25,26.584710743801654,44,66507272,300.0,25.0,1
4fb8e204-64b3-4c5a-a6ff-a029d0b36631,000959,sub-T/sub-T_ses-20220721_obj-13twhp5_behavior.nwb,40,261,23864,8.333333333333334,15,33.00000000000001,36,17492776,280.0,60.0,0
4fbad3a8-bbd9-4346-a892-18c0fa5edbbf,000773,sub-ant4-m1-d11-y2023/sub-ant4-m1-d11-y2023_ses-m1-d11-y2023-ant4-0-03x-3-hexanone-40-t195-z60um_ophys.nwb,22,48,624,4.176470588235294,13,14.615916955017303,17,84086336,600.0,160.0,0
4fc0591e-b55d-4494-acd0-007537b7e604,001550,sub-P095/sub-P095_ses-TaskSwitch4-170927a.nwb,35,112,2625,4.709677419354839,38,47.36732570239335,31,1486561,60.0,25.0,1
4fd04a37-e265-4973-9f87-a6b4a59e01ee,000713,sub-568963/sub-568963_ses-20210422T141041_image.nwb,48,115,2402,3.7045454545454546,23,23.889979338842977,44,191413507,240.0,25.0,1
4fd7f93e-dbde-4764-b5e2-24465665f37c,000773,sub-ant4-m4-d6-y2023/sub-ant4-m4-d6-y2023_ses-m4-d6-y2023-ant4-0-48x-4-methyl-3-heptanone-40-t151-z15um_ophys.nwb,22,48,624,4.176470588235294,13,14.615916955017303,17,84086336,580.0,140.0,0
4fe0f0bb-8aa0-49a6-8ea1-1fd4f6db67a3,000467,sub-ant1-m4-d27-y2022/sub-ant1-m4-d27-y2022_ses-m4-d27-y2022-ant1-0-12x-4-methyl-3-heptanone-40-t152-z100um_ophys.nwb,22,48,624,4.176470588235294,13,14.615916955017303,17,84086336,480.0,120.0,0
4fe9b3c1-2898-4b41-8cce-dfa19d44ba91,001550,sub-P130/sub-P130_ses-TaskSwitch4-180529a.nwb,35,112,2625,4.709677419354839,38,47.36732570239335,31,996255,60.0,25.0,1
50028895-9901-4721-9293-7117ddd2f377,000711,sub-481295/sub-481295_ses-20191024T092446_obj-1y03sp_image+ophys.nwb,73,223,9181,4.5,24,27.25,68,369297639,420.0,25.0,1
5008f920-3e2c-44c8-9ca5-d6714fadae5b,000773,sub-ant2-m1-d20-y2023/sub-ant2-m1-d20-y2023_ses-m1-d20-y2023-ant2-0-48x-4-methyl-3-heptanol-40-t156-z20um_ophys.nwb,22,48,624,4.176470588235294,13,14.615916955017303,17,84086336,600.0,160.0,0
500b2aa8-c0ed-4d7a-9dcd-9f8ea73a5d9a,000020,sub-737379049/sub-737379049_ses-740134719_icephys.nwb,124,502,47600,5.8347107438016526,40,37.72474557748788,121,20386646,22000.0,380.0,0
5012d160-becd-4706-b43d-c30aaabd9b76,000773,sub-ant1-m2-d24-y2023/sub-ant1-m2-d24-y2023_ses-m2-d24-y2023-ant1-0-48x-isopropanol-40-t123-z105um_ophys.nwb,22,48,624,4.176470588235294,13,14.615916955017303,17,84086336,600.0,160.0,0
502a3b08-4c1f-468c-97be-14024812f349,001038,sub-Calb-2319/sub-Calb-2319_ses-20220515-0001.nwb,47,94,2026,4.176470588235294,16,15.204152249134953,34,15948144,120.0,25.0,1
502a54f3-9094-4bb8-8992-42230ff04df5,000467,sub-ant5-m10-d11-y2022/sub-ant5-m10-d11-y2022_ses-m10-d11-y2022-ant5-0-48x-3-hexanone-40-t197-z130um_ophys.nwb,22,48,624,4.176470588235294,13,14.615916955017303,17,84086336,700.0,180.0,0
502ce58a-e53f-4490-addb-62a72f25be0e,001038,sub-Anxa-A002/sub-Anxa-A002_ses-20220823-0004.nwb,49,102,2105,4.108108108108108,16,14.258582907231554,37,15797894,140.0,25.0,1
5033e472-f56a-4e67-ba9f-63e77307cb45,001550,sub-P123/sub-P123_ses-TaskSwitch4-171216a.nwb,35,112,2625,4.709677419354839,38,47.36732570239335,31,931845,60.0,25.0,1
5039ee09-d757-4a62-b05e-e0fae50c296f,001748,sub-1450683108/sub-1450683108_ses-1451282125_icephys.nwb,143,520,56159,5.4071428571428575,47,37.92709183673469,140,29956283,680.0,25.0,1
503a572d-5f4a-459e-ac38-d596f9c1aa4e,001084,sub-DL15/sub-DL15_ses-211005_ophys.nwb,52,86,2088,4.363636363636363,15,15.867768595041323,33,16789217856,7660.0,140.0,0
503c8b6f-ccdd-481d-ac32-7c398fd691c3,001374,sub-001/sub-001_ses-20250502_obj-23156iiic57bl6iiid38iii5iii17iii2024iiidorsaliiipasca_ecephys.nwb,22,49,722,4.176470588235294,13,15.321799307958479,17,5426591714,1880.0,25.0,1
503f52e1-49b5-433b-9258-d979d6d5dfc8,000037,sub-433414/sub-433414_ses-826187862_behavior+image+ophys.nwb,45,107,2320,3.902439024390244,33,27.649018441403925,41,2333624684,3640.0,80.0,0
504300be-fc26-4ad3-a3af-7b7aebe2984d,000336,sub-661749/sub-661749_ses-1256379173-acq-1256498546-denoised-movies_ophys.nwb,72,283,15946,5.5,30,39.43181818181818,66,39438393898,1680.0,25.0,1
5062ea85-5dbc-43f4-98aa-100704852faf,001038,sub-Dat-D095/sub-Dat-D095_ses-20200717-0001.nwb,49,101,2056,4.081081081081081,16,14.128560993425856,37,2432142,100.0,25.0,1
506cc160-d44b-47cb-b318-5b23a13301a9,001550,sub-P078/sub-P078_ses-TaskSwitch4-160930a.nwb,35,112,2625,4.709677419354839,38,47.36732570239335,31,913577,25.0,25.0,1
506fd442-b290-4e3c-a29e-bbcc8f9db253,001064,sub-TX-12355080459242074107/sub-TX-12355080459242074107_ses-20221101T171518.nwb,18,21,164,6.333333333333333,13,21.555555555555557,6,679928,25.0,25.0,1
50788101-0028-4afa-b575-56b648bb2f2b,001710,sub-Cre-4/sub-Cre-4_ses-ymaze-day0-scan0-novel-arm1_behavior+ophys.nwb,62,111,4797,3.087719298245614,14,9.097568482610034,57,747457312,500.0,25.0,1
507d1276-164f-4b46-b66c-a45ec73cc25c,000711,sub-451787/sub-451787_ses-20190604T124918_obj-1tdqcp2_image+ophys.nwb,78,229,9548,4.342465753424658,24,25.896415837868265,73,311495283,420.0,25.0,1
507da796-877d-4bc3-86a2-ee762c38d42d,000728,sub-492413952/sub-492413952_ses-504853580-StimA_ophys.nwb,23,48,605,4.055555555555555,13,13.163580246913579,18,40848648347,16000.0,25.0,1
50822b5b-ddc7-4e31-a427-e08cc6adf468,001169,sub-S038/sub-S038_ses-RWTautowait2-20220602-102001.nwb,32,117,3004,5.481481481481482,31,46.397805212620035,27,1220631,60.0,25.0,1
50869c35-7e4a-4ff0-829e-5504235d5f6d,001045,sub-r-24-07-31/sub-r-24-07-31_ses-r-24-07-31-Zstack-downstream2_image.nwb,22,35,442,5.090909090909091,13,21.900826446280995,11,615722341,720.0,140.0,0
508ac3c8-fc49-4fb3-82d9-2a11ee4a0748,000341,Rat_persistent_RAF/sub-20161217/sub-20161217_ses-1612173rm-3-9-4_icephys.nwb,6806,30572,310745084,6.493456844581679,3392,3373.8526626716057,6801,1110326776,17200.0,25.0,1
5091a34b-fea0-484e-99fa-3d985c280e56,001550,sub-P074/sub-P074_ses-TaskSwitch4-170917a.nwb,35,112,2625,4.709677419354839,38,47.36732570239335,31,1478556,100.0,25.0,1
509569df-9d2b-44d4-a2bc-f91c5aba7141,000711,sub-479839/sub-479839_ses-20191122T085803_obj-cultvy_image+ophys.nwb,73,223,9181,4.5,24,27.25,68,503475164,360.0,25.0,1
509df3c7-6f0c-4601-94e7-03a4a364b18b,000022,sub-763884096/sub-763884096_ses-786091066_probe-792623928_ecephys.nwb,26,52,791,3.590909090909091,14,14.878099173553721,22,2197921879,4180.0,100.0,0
50b4844a-fef4-47c4-b111-0cae8e0877eb,001065,sub-Q20-26-015/sub-Q20-26-015_ses-20200729T204040_icephys.nwb,287,1139,384987,5.950530035335689,129,111.4533831112887,283,45746390,1360.0,80.0,0
50b7eb41-09b9-48bc-b8c2-99afd17e1db6,001611,sub-25897/sub-25897_ses-20241107T074852_ecephys.nwb,25,52,649,4.105263157894737,13,13.988919667590027,19,12807204,120.0,25.0,1
50bb2634-ea7e-4cf5-ae42-b273244030b7,001847,sub-RD038/sub-RD038_ses-RD038-20240123-160859_behavior.nwb,32,119,3077,5.357142857142857,34,47.301020408163254,28,580696,25.0,25.0,1
50be09b0-eaa8-40e6-a5cb-138a1e9f261b,001550,sub-P135/sub-P135_ses-TaskSwitch4-190515a.nwb,35,112,2625,4.709677419354839,38,47.36732570239335,31,1410387,60.0,25.0,1
50bf8e38-8816-4140-9dbd-65959190337c,001169,sub-G002/sub-G002_ses-RWTautowait2-20200501-103254.nwb,32,116,2923,5.444444444444445,30,44.54320987654322,27,1055665,80.0,25.0,1
50c56fbb-cfee-4282-a9d9-7340dffab804,000467,sub-ant3-m4-d21-y2022/sub-ant3-m4-d21-y2022_ses-m4-d21-y2022-ant3-0-48x-4-methyl-3-heptanol-40-t162-z155um_ophys.nwb,22,48,624,4.176470588235294,13,14.615916955017303,17,84086336,660.0,180.0,0
50c8861f-dde3-4611-8ca1-db10fc842a55,001847,sub-PB201/sub-PB201_ses-PB201-20241202-153659_behavior.nwb,30,114,2920,5.5,36,55.78846153846154,26,634972,25.0,25.0,1
50cb5585-4af4-473e-95e9-754190c2155f,000165,sub-Caraway/sub-Caraway_ses-Caraway04-HomeCage_behavior+ecephys.nwb,34,59,1006,4.0,14,20.0,24,99806296,2580.0,180.0,0
50d9379d-babe-4388-bc25-891af01f2179,000617,sub-688425/sub-688425_ses-1308195602-acq-1308315695-raw-movies_ophys.nwb,52,148,3945,4.297872340425532,17,21.911272068809417,47,21076587392,7680.0,25.0,1
50e2e962-abd6-4ba4-8ead-4462d7653bd8,001461,sub-770962/sub-770962_ses-multiplane-ophys-770962-2025-03-05-14-31-14_ophys.nwb,148,331,30155,3.9375,18,10.44921875,128,1085643476,1960.0,25.0,1
50ee6b83-8b62-4082-adb9-db1e8c81474f,000711,sub-541329/sub-541329_ses-20201202T125304_image.nwb,50,156,5473,4.478260869565218,24,34.72778827977316,46,196051030,300.0,25.0,1
50efecbc-b363-455f-9f83-047f4313a2fb,001169,sub-S060/sub-S060_ses-RWTautowait2-20230605-144524.nwb,32,118,3087,5.518518518518518,32,48.32373113854595,27,966130,100.0,25.0,1
50f7473e-0a2e-4e24-88fe-7de79f3b0901,001836,sub-klein/sub-klein_ses-klein-20231101_obj-9qzknj.nwb,103,84,1949,2.7777777777777777,65,53.68395061728392,90,824592,25.0,25.0,1
51026bc3-1357-4fb2-9053-71703ffb9a45,000467,sub-ant2-m4-d21-y2022/sub-ant2-m4-d21-y2022_ses-m4-d21-y2022-ant2-0-48x-4-methyl-3-hexanol-40-t128-z65um_ophys.nwb,22,48,624,4.176470588235294,13,14.615916955017303,17,84086336,660.0,160.0,0
51103896-6c77-44bd-85bc-3b550df94381,000020,sub-819493419/sub-819493419_ses-823952817_icephys.nwb,125,501,45948,5.770491803278689,39,38.160440741736096,122,20894076,24040.0,340.0,0
5110eb20-dd2c-4b2f-b8ba-20aa5844d068,000165,sub-Sulu/sub-Sulu_ses-Sulu06-HomeCage_behavior+ecephys.nwb,34,59,1006,4.0,14,20.0,24,314901832,1760.0,60.0,0
51146a09-7c67-4403-9d61-1e36961a5494,001683,sub-BH648/sub-BH648_ses-20250213T165801_ecephys.nwb,28,52,725,4.2105263157894735,13,17.534626038781166,19,626197480,320.0,25.0,1
5114aae0-18ab-4c82-94b2-748cd60367df,000713,sub-576323/sub-576323_ses-20210722T215815.nwb,73,255,9592,5.419354838709677,32,43.53381893860562,62,2394560648,1380.0,25.0,1
5114f990-627e-43d5-b709-e4b6145f673d,001274,sub-5-20240824/sub-5-20240824_obj-kpqu3h_image.nwb,17,38,431,4.153846153846154,13,13.668639053254442,13,116675825,140.0,25.0,1
51186711-ee16-45e2-bab7-2f387edc91ae,000946,sub-BH530/sub-BH530_ses-20231202T183900_ecephys.nwb,28,50,690,4.333333333333333,14,17.0,18,1850488,140.0,80.0,0
511cd654-b809-4189-b58e-9d5af50755a8,001836,sub-molly/sub-molly_ses-molly-20220420_obj-ek0i2h_behavior.nwb,104,70,1570,2.6043956043956045,65,50.83250815118948,91,4308808,100.0,25.0,1
511e91df-b621-4334-99e1-2f793a18face,001169,sub-C035/sub-C035_ses-RWTautowait-20191105-134554.nwb,32,115,2844,5.407407407407407,29,42.7599451303155,27,1528087,1620.0,160.0,0
5123b885-88e8-467e-bd62-8063d146fd6c,000711,sub-453911/sub-453911_ses-20190627T090659_image.nwb,50,156,5473,4.478260869565218,24,34.72778827977316,46,196151302,360.0,25.0,1
51245cb8-b5e0-491c-a4bb-5ea1146367c2,001414,sub-alb592-IP3R2-KO/sub-alb592-IP3R2-KO_ses-20240530-592-KO-awake-ROI1_ophys.nwb,33,51,650,3.8260869565217392,13,13.448015122873347,23,638032971,300.0,25.0,1
512b8fe4-ef2c-47ad-bf22-99c026392aae,001538,sub-iSPN-optical-mouse-iSPN++OffState++none++WT++20230222/sub-iSPN-optical-mouse-iSPN++OffState++none++WT++20230222_ses-iSPN++OffState++none++WT++20230222_icephys+ogen.nwb,68,138,3334,3.7704918032786887,15,10.799785004031179,61,883929,25.0,25.0,1
512dcfa8-9b64-4a07-a85d-56838effd019,000773,sub-ant3-m1-d10-y2023/sub-ant3-m1-d10-y2023_ses-m1-d10-y2023-ant3-0-48x-ethanol-40-t127-z40um_ophys.nwb,22,48,624,4.176470588235294,13,14.615916955017303,17,84086336,640.0,180.0,0
51310e54-61e1-4e83-a7cf-a8eb9f405613,000628,sub-Na/sub-Na_ses-20220908T071324.nwb,26,39,494,4.266666666666667,13,17.662222222222226,15,10307389,280.0,120.0,0
5137a1c6-266b-4fe5-9416-df29fea8ba00,001702,sub-5xFAD+-9M-Fig1/sub-5xFAD+-9M-Fig1_ses-20240211T120000_obj-12uq3p7.nwb,16,37,446,4.7272727272727275,13,15.47107438016529,11,185480,25.0,25.0,1
513c407e-16df-47bd-ba01-bde8567b9f02,001097,sub-m931_ses-WT_7d_mating_d4_ecephys+behavior.nwb,30,56,657,3.625,13,10.817708333333334,24,2785024,60.0,25.0,1
51446aa0-3e14-4881-a3b0-a7a0d14685c2,001550,sub-P049/sub-P049_ses-TaskSwitch4-170920a.nwb,35,112,2625,4.709677419354839,38,47.36732570239335,31,1208828,60.0,25.0,1
514858c8-1c8a-46b9-bdce-8687c2114bcd,001169,sub-S028/sub-S028_ses-RWTautowait2-20210824-100646.nwb,32,116,2974,5.444444444444445,31,46.46913580246915,27,1084301,100.0,25.0,1
514b995a-86e2-4d0a-8d40-ebb5cba9cf29,000711,sub-482853/sub-482853_ses-20191115T142057_obj-1v7wek5_image+ophys.nwb,78,229,9548,4.342465753424658,24,25.896415837868265,73,254296625,640.0,25.0,1
515629d6-af18-45f5-9b6b-d8114dc838e2,001550,sub-P127/sub-P127_ses-TaskSwitch4-181214a.nwb,35,112,2625,4.709677419354839,38,47.36732570239335,31,1276083,80.0,25.0,1
515733bd-a098-4ba0-a7d2-c91a451df954,001169,sub-G065/sub-G065_ses-RWTautowait2-20220329-154656.nwb,32,117,3004,5.481481481481482,31,46.397805212620035,27,1597074,60.0,25.0,1
5157e04e-d924-44da-99cd-ea5c41ba5b35,001169,sub-G070/sub-G070_ses-RWTautowait2-20220926-145806.nwb,32,117,3004,5.481481481481482,31,46.397805212620035,27,1088487,60.0,25.0,1
51582184-8754-43c9-b55e-b59c8d896c7b,000773,sub-ant4-m1-d10-y2023/sub-ant4-m1-d10-y2023_ses-m1-d10-y2023-ant4-0-48x-propionic-acid-40-t166-z40um_ophys.nwb,22,48,624,4.176470588235294,13,14.615916955017303,17,84086336,640.0,160.0,0
5158bf58-b7b6-4459-8eb4-c661b8a8c28d,000728,sub-659422762/sub-659422762_ses-690045763-StimB_behavior+image+ophys.nwb,47,200,33285,6.317073170731708,118,319.43604997025585,41,744401722,900.0,25.0,1
515bd165-6cfc-45ec-a726-d5a128f5a5fa,001832,sub-test-animal01-slice03-roi01/sub-test-animal01-slice03-roi01_ses-MB++AChFP++pan++PD++none++WT++20250423183719_ophys.nwb,41,92,1470,4.088235294117647,13,11.609861591695504,34,8889245,80.0,25.0,1
515f15a1-f6dd-45df-8789-a08843e7e74e,001550,sub-P123/sub-P123_ses-TaskSwitch4-181014a.nwb,35,112,2625,4.709677419354839,38,47.36732570239335,31,1224533,100.0,25.0,1
51656b15-23da-4ed8-a087-a3611e101b48,000971,sub-233-469/sub-233-469_ses-Opto-DMS-Inhibitory-EYFP-2021-09-28T12-03-43_ogen.nwb,30,56,755,3.44,15,15.3664,25,241752,60.0,25.0,1
5165787c-0113-4f78-a7e0-2f1c35b0df63,001169,sub-J007/sub-J007_ses-RWTautowait2-20200922-131121.nwb,32,117,3004,5.481481481481482,31,46.397805212620035,27,1440551,80.0,25.0,1
51676348-df2e-4d93-be65-1a5fb2cdce80,001836,sub-molly/sub-molly_ses-molly-20220417_obj-kgazqm_behavior.nwb,104,70,1570,2.6043956043956045,65,50.83250815118948,91,66284008,60.0,25.0,1
51685630-7245-4020-951d-66bbdb0973fc,001676,sub-A0670/sub-A0670_ses-20221124T172540_behavior+ophys.nwb,35,66,895,3.433333333333333,13,10.245555555555557,30,67189384,200.0,25.0,1
51754b08-1d50-459e-a8f3-ff16aee609ce,000467,sub-ant1-m4-d21-y2022/sub-ant1-m4-d21-y2022_ses-m4-d21-y2022-ant1-0-12x-4-methyl-3-heptanol-40-t135-z65um_ophys.nwb,22,48,624,4.176470588235294,13,14.615916955017303,17,84086336,680.0,180.0,0
5178bb76-ccdc-4c9c-b059-26cd8c535e78,001455,sub-645665082/sub-645665082_ses-646854381_icephys.nwb,94,349,24818,5.5054945054945055,36,28.953266513706076,91,13957462,720.0,25.0,1
5179c7bf-65b5-482f-97e7-24427f804123,000773,sub-ant2-m1-d20-y2023/sub-ant2-m1-d20-y2023_ses-m1-d20-y2023-ant2-0-48x-ethanol-40-t160-z45um_ophys.nwb,22,48,624,4.176470588235294,13,14.615916955017303,17,84086336,600.0,160.0,0
517b6a51-eb12-4521-b3f7-a9cc6d0dd608,001676,sub-A0662/sub-A0662_ses-20221003T170831_behavior+ophys.nwb,35,66,895,3.433333333333333,13,10.245555555555557,30,94153656,200.0,25.0,1
517fa79b-fa5c-48c7-ae20-da8c09ab7478,000467,sub-ant2-m4-d21-y2022/sub-ant2-m4-d21-y2022_ses-m4-d21-y2022-ant2-0-48x-4-methyl-3-heptanol-40-t174-z40um_ophys.nwb,22,48,624,4.176470588235294,13,14.615916955017303,17,84086336,640.0,160.0,0
51900b5b-fa4f-4523-a503-8c8f0b7f680e,000467,sub-ant2-m4-d26-y2022/sub-ant2-m4-d26-y2022_ses-m4-d26-y2022-ant2-1x-isopropanol-40-t161-z135um_ophys.nwb,22,48,624,4.176470588235294,13,14.615916955017303,17,84086336,660.0,180.0,0
5191efc0-4e25-4352-b959-56fa98e1a311,000336,sub-621603/sub-621603_ses-1195664957-acq-1195802720_ophys.nwb,68,391,46939,7.349206349206349,30,55.052658100277164,63,90180336,1000.0,25.0,1
5197aac8-1053-4064-9743-f2a23adf370f,001169,sub-G077/sub-G077_ses-RWTautowait2-20221212-144350.nwb,32,118,3087,5.518518518518518,32,48.32373113854595,27,3129160,100.0,25.0,1
519fc5a8-6d43-4ea1-b31a-2d0c693777a0,000351,sub-HJ-FP-datHT-stGtACR-M7/sub-HJ-FP-datHT-stGtACR-M7_ses-Day11.nwb,25,49,554,3.3181818181818183,13,9.489669421487603,22,18860232,500.0,60.0,0
51a56696-d91a-4f7b-861b-af81a3309792,000773,sub-ant3-m1-d17-y2023/sub-ant3-m1-d17-y2023_ses-m1-d17-y2023-ant3-1x-paraffin-oil-40-t184-z10um_ophys.nwb,22,48,624,4.176470588235294,13,14.615916955017303,17,84086336,620.0,160.0,0
51a5e16b-f44b-4c9a-a318-fcc581eb6bf5,000971,sub-276-405/sub-276-405_ses-Opto-DLS-Excitatory-Unknown-2020-09-29T11-36-53_ogen.nwb,30,55,733,3.4,14,14.479999999999997,25,241504,60.0,25.0,1
51a9610f-15fc-40fd-9a0c-1fe1497bb1ed,001550,sub-P055/sub-P055_ses-TaskSwitch4-161211a.nwb,35,112,2625,4.709677419354839,38,47.36732570239335,31,769316,60.0,25.0,1
51b1f080-1470-4ee2-bcb5-0dfff01fe8c0,000467,sub-ant4-m4-d26-y2022/sub-ant4-m4-d26-y2022_ses-m4-d26-y2022-ant4-1x-paraffin-oil-40-t264-z130um_ophys.nwb,22,48,624,4.176470588235294,13,14.615916955017303,17,84086336,480.0,120.0,0
51b3de99-0a79-4cab-a4bb-5969476607ee,000959,sub-L/sub-L_ses-20190917_obj-jkbdtr_behavior.nwb,39,247,20938,8.142857142857142,14,32.63673469387756,35,17494232,300.0,60.0,0
51c32407-db51-4df9-8806-84e0d931e750,001169,sub-G008/sub-G008_ses-RWTautowait2-20200629-142455.nwb,32,116,2923,5.444444444444445,30,44.54320987654322,27,955764,60.0,25.0,1
51c8e587-40dd-4cdb-82be-93761ae0c8f1,000728,sub-649505939/sub-649505939_ses-658518486-StimA_behavior+image+ophys.nwb,47,84,1733,3.5121951219512195,13,7.61570493753718,41,276879326,340.0,25.0,1
51ca53a2-6617-494a-8462-72dd5f1f32fe,001455,sub-1034878374/sub-1034878374_ses-1034908700_icephys.nwb,207,872,185697,6.063725490196078,79,72.0008410226836,204,39591888,1200.0,25.0,1
51cf8d62-15be-4789-85c0-31556ce507a9,001550,sub-P055/sub-P055_ses-TaskSwitch4-171109c.nwb,35,112,2625,4.709677419354839,38,47.36732570239335,31,620865,25.0,25.0,1
51ebe49b-247f-430c-89fd-6ff7464e0878,000628,sub-Fr/sub-Fr_ses-20201210T144243.nwb,26,39,494,4.266666666666667,13,17.662222222222226,15,4080968,280.0,120.0,0
5212fbbb-a0cd-4859-9044-f96907723627,001169,sub-S033/sub-S033_ses-RWTautowait2-20210805-134018.nwb,32,117,3004,5.481481481481482,31,46.397805212620035,27,1069425,60.0,25.0,1
5215f547-2dc8-42f6-8664-84e96e4218c0,000728,sub-576746148/sub-576746148_ses-592657427-StimA_ophys.nwb,23,48,605,4.055555555555555,13,13.163580246913579,18,41095353705,15000.0,25.0,1
521d20bc-6b02-42b2-a302-f7ebb61baac5,000617,sub-677038/sub-677038_ses-1282117200-acq-1282195707-raw-movies_ophys.nwb,60,167,5466,4.277777777777778,17,22.12654320987654,54,21158148687,8480.0,25.0,1
521d5746-8621-4076-9538-c47cde5832b6,000409,sub-SWC-054/sub-SWC-054_ses-eebacd5a-7dcd-4ba6-9dff-ec2a4d2f19e0_desc-processed_behavior+ecephys.nwb,80,244,12573,4.671232876712328,32,25.727528617001315,73,1101466405,4840.0,140.0,0
52268969-4f63-4bb0-9526-7ca3fc428f27,000467,sub-ant4-m4-d20-y2022/sub-ant4-m4-d20-y2022_ses-m4-d20-y2022-ant4-0-12x-4-methyl-3-hexanol-40-t220-z140um_ophys.nwb,22,48,624,4.176470588235294,13,14.615916955017303,17,84086336,660.0,160.0,0
52269b5a-934a-41d0-a7e1-2ea3c5752056,000467,sub-ant4-m4-d26-y2022/sub-ant4-m4-d26-y2022_ses-m4-d26-y2022-ant4-0-48x-4-methyl-3-hexanol-40-t259-z55um_ophys.nwb,22,48,624,4.176470588235294,13,14.615916955017303,17,84086336,500.0,120.0,0
522cf3fc-2646-4772-b3d9-9f1f1f4a1257,001611,sub-26342/sub-26342_ses-20241121T014332_ecephys.nwb,25,52,649,4.105263157894737,13,13.988919667590027,19,13403356,60.0,25.0,1
523054a6-0fa5-4cba-8937-4c780ec1954d,001550,sub-P101/sub-P101_ses-TaskSwitch4-190111a.nwb,35,112,2625,4.709677419354839,38,47.36732570239335,31,1360040,60.0,25.0,1
523298e0-2c55-4a54-9231-a8e1d89d8da8,001169,sub-L030/sub-L030_ses-RWTautowait2-20230414-101541.nwb,32,118,3087,5.518518518518518,32,48.32373113854595,27,1086071,80.0,25.0,1
523a7bb2-d453-44d1-977e-a50a6c2391e3,001550,sub-P127/sub-P127_ses-TaskSwitch4-180427a.nwb,35,112,2625,4.709677419354839,38,47.36732570239335,31,1081826,60.0,25.0,1
523cc07d-6f5f-41f8-af8f-d384ad27496d,000617,sub-686385/sub-686385_ses-1308441820-acq-1308514879_ophys.nwb,71,219,7554,4.484848484848484,17,19.795224977043166,66,958013459,2080.0,25.0,1
523cd5d1-c36a-4923-b4f7-7ec838f76c42,000773,sub-ant1-m4-d6-y2023/sub-ant1-m4-d6-y2023_ses-m4-d6-y2023-ant1-0-48x-isopropanol-40-t140-z45um_ophys.nwb,22,48,624,4.176470588235294,13,14.615916955017303,17,84086336,600.0,160.0,0
524cb53e-96e0-45cf-8609-0767af515a7b,000773,sub-ant5-m1-d11-y2023/sub-ant5-m1-d11-y2023_ses-m1-d11-y2023-ant5-0-03x-isopropanol-40-t212-z30um_ophys.nwb,22,48,624,4.176470588235294,13,14.615916955017303,17,84086336,620.0,160.0,0
52506155-f5fd-4778-9d45-3e47bf96bccf,001746,sub-Mfa220428/sub-Mfa220428_ses-sess-220428d1AS_obj-drur1q_icephys.nwb,83,216,12992,4.851351351351352,30,21.450876552227903,74,12377464,580.0,80.0,0
52577e98-1bab-4cf0-b3dd-50cf3450ebbd,001169,sub-G072/sub-G072_ses-RWTautowait2-20230126-162909.nwb,32,118,3087,5.518518518518518,32,48.32373113854595,27,1365382,40.0,25.0,1
5257d01a-4a68-4530-9b7d-f652692b16a9,001550,sub-P072/sub-P072_ses-TaskSwitch4-180109a.nwb,35,112,2625,4.709677419354839,38,47.36732570239335,31,2436975,120.0,25.0,1
5258f6e9-e21e-4932-bd54-453e3089b74f,001748,sub-1425961260/sub-1425961260_ses-1427305403_icephys.nwb,257,1002,237438,5.688976377952756,93,75.0961776923554,254,44631419,1180.0,25.0,1
5259b30a-0ba6-4ecf-a11d-103acb2c9f8a,001169,sub-L026/sub-L026_ses-RWTautowait2-20230404-112242.nwb,32,118,3087,5.518518518518518,32,48.32373113854595,27,1231188,60.0,25.0,1
525ec7e5-5d3e-45bf-a506-a6afc743f081,000711,sub-484408/sub-484408_ses-20191104T092100_obj-e3ckms_image+ophys.nwb,73,223,9181,4.5,24,27.25,68,434764757,620.0,25.0,1
5265ca41-17f9-4a76-ba7d-918f1dd34d88,000773,sub-ant6-m1-d10-y2023/sub-ant6-m1-d10-y2023_ses-m1-d10-y2023-ant6-0-48x-4-methyl-3-heptanone-40-t198-z140um_ophys.nwb,22,48,624,4.176470588235294,13,14.615916955017303,17,84086336,640.0,160.0,0
527054ea-b53d-4705-9ea7-f7dc3905dbd5,001550,sub-P187/sub-P187_ses-TaskSwitch6-190523a.nwb,33,109,2496,4.862068965517241,37,47.49821640903686,29,1323839,25.0,25.0,1
52714790-af2d-441d-9c66-e045a8e30b8f,000336,sub-655042/sub-655042_ses-1241145430-acq-1241919410_ophys.nwb,67,256,14371,5.39344262295082,30,41.94356355818329,61,104357821,1140.0,25.0,1
52728608-1de8-430d-b56c-b5f52ae727f1,000467,sub-ant3-m4-d27-y2022/sub-ant3-m4-d27-y2022_ses-m4-d27-y2022-ant3-0-12x-4-methyl-3-heptanone-40-t143-z15um_ophys.nwb,22,48,624,4.176470588235294,13,14.615916955017303,17,84086336,480.0,120.0,0
527b3d3b-2ffc-432c-969a-45336dfa588f,000467,sub-ant3-m4-d26-y2022/sub-ant3-m4-d26-y2022_ses-m4-d26-y2022-ant3-0-48x-4-methyl-3-heptanone-40-t225-z65um_ophys.nwb,22,48,624,4.176470588235294,13,14.615916955017303,17,84086336,560.0,140.0,0
527c24d2-5f3d-4391-baf6-a5fec38b9364,000467,sub-ant1-m10-d11-y2022/sub-ant1-m10-d11-y2022_ses-m10-d11-y2022-ant1-0-48x-propionic-acid-40-t127-z160um_ophys.nwb,22,48,624,4.176470588235294,13,14.615916955017303,17,84086336,720.0,180.0,0
52838fe8-3006-4b37-95fa-30059c5b0566,001348,sub-1301204249/sub-1301204249_ses-1303018476_icephys.nwb,402,1635,710556,5.9523809523809526,169,149.28344671201813,399,68980621,1560.0,80.0,0
528cc828-77be-44e9-ab6c-07031b0829ea,001359,sub-1321704126/sub-1321704126_ses-1321895399_icephys.nwb,223,911,214064,5.963636363636364,89,72.14413223140494,220,45855606,500.0,25.0,1
52902cde-0fbc-4849-91a8-b0fe69090ec4,001550,sub-P123/sub-P123_ses-TaskSwitch4-180729a.nwb,35,112,2625,4.709677419354839,38,47.36732570239335,31,1079153,80.0,25.0,1
529d1e6c-0a21-4d95-9387-558c6649e534,001169,sub-L010/sub-L010_ses-RWTautowait2-20220819-103801.nwb,32,117,3004,5.481481481481482,31,46.397805212620035,27,1069277,80.0,25.0,1
52a4e62c-2960-4722-b8cb-39bff2d861b9,000773,sub-ant6-m1-d10-y2023/sub-ant6-m1-d10-y2023_ses-m1-d10-y2023-ant6-0-48x-isopropanol-40-t201-z160um_ophys.nwb,22,48,624,4.176470588235294,13,14.615916955017303,17,84086336,640.0,160.0,0
52a79e53-e3ce-4392-8ae6-404be567bd6f,001475,sub-HSB-W20-17/sub-HSB-W20-17_ses-20250325_cell-as2_obj-5jht84_icephys.nwb,54,138,4015,4.44,15,8.8864,50,5097176,720.0,80.0,0
52ab1a2a-370c-4ba0-a660-c694a3464305,000773,sub-ant2-m1-d11-y2023/sub-ant2-m1-d11-y2023_ses-m1-d11-y2023-ant2-0-03x-4-methyl-3-heptanone-40-t166-z155um_ophys.nwb,22,48,624,4.176470588235294,13,14.615916955017303,17,84086336,620.0,160.0,0
52aded69-0e53-4c3c-9d61-c488539c470c,001550,sub-P150/sub-P150_ses-TaskSwitch4-180411a.nwb,35,112,2625,4.709677419354839,38,47.36732570239335,31,1572573,60.0,25.0,1
52afafd1-a10b-4646-a91f-b8da32d5d0f4,000959,sub-T/sub-T_ses-20220121_obj-kn2rb0_behavior.nwb,42,289,30304,8.68421052631579,17,33.63711911357342,38,17561616,280.0,60.0,0
52afea77-96fb-47ea-8793-23a26a964f41,001564,sub-vgat-e1-8e-w/sub-vgat-e1-8e-w_ses-20250410T103007.nwb,20,41,432,3.75,13,13.3125,16,5011464,60.0,25.0,1
52b2239c-bcda-4edc-a13b-25fd44e4174e,000713,sub-531237/sub-531237_ses-20200812T144325_image.nwb,48,115,2402,3.7045454545454546,23,23.889979338842977,44,188096958,540.0,60.0,0
52b546b6-6cf1-4e40-88bf-9b80291d695c,000713,sub-510589/sub-510589_ses-20200810T121225_image.nwb,48,114,2391,3.6818181818181817,23,23.762396694214885,44,188158436,800.0,60.0,0
52b6c958-847d-405d-a712-d02c697b91b9,000971,sub-265-476/sub-265-476_ses-Opto-DMS-Inhibitory-EYFP-2021-10-06T12-19-47_ogen.nwb,29,56,745,3.44,15,15.0464,25,239016,60.0,25.0,1
52b6e471-0964-4006-9df9-904bda490d48,001847,sub-PB205/sub-PB205_ses-PB205-20250715-151308_behavior+ophys.nwb,46,140,3917,4.658536585365853,36,39.68828078524688,41,26296593500,3720.0,25.0,1
52b7a75e-dab8-4539-ac08-968c0406ded2,000035,sub-mouse-SCEAC/sub-mouse-SCEAC_ses-20200414-sample-10_slice-20200414-slice-2_cell-20200414-sample-10_icephys.nwb,181,537,87781,4.954802259887006,80,65.62507580835644,177,9369386,12320.0,240.0,0
52c45970-b0d5-46ea-8346-c8cc6e0e12fb,000773,sub-ant4-m1-d11-y2023/sub-ant4-m1-d11-y2023_ses-m1-d11-y2023-ant4-0-03x-ethanol-40-t198-z155um_ophys.nwb,22,48,624,4.176470588235294,13,14.615916955017303,17,84086336,620.0,160.0,0
52c4aad5-eefe-401b-8cf7-de53f07eed2d,001205,sub-3295820048507412165/sub-3295820048507412165_ses-20240502T181620_ophys.nwb,27,41,539,4.0588235294117645,13,14.878892733564015,17,284091040,140.0,25.0,1
52c9de5f-3230-43f4-9387-719525c2242b,001339,sub-240522-Fish48-GCaMP-vglut-TG-6dpf-FlowExperiment-warner-temp-stim-Z-1-0/sub-240522-Fish48-GCaMP-vglut-TG-6dpf-FlowExperiment-warner-temp-stim-Z-1-0_ses-20250204T153124_ophys.nwb,34,56,809,3.064516129032258,13,8.4474505723205,31,63341581,200.0,25.0,1
52cbacff-2303-43c1-89c1-14d333079983,000773,sub-ant1-m4-d6-y2023/sub-ant1-m4-d6-y2023_ses-m4-d6-y2023-ant1-0-48x-ethylpyrazine-40-t145-z45um_ophys.nwb,22,48,624,4.176470588235294,13,14.615916955017303,17,84086336,560.0,140.0,0
52ce9d0d-7dcd-4936-8670-1d4e27b38269,000773,sub-ant5-m1-d10-y2023/sub-ant5-m1-d10-y2023_ses-m1-d10-y2023-ant5-0-48x-4-methyl-3-heptanol-40-t188-z135um_ophys.nwb,22,48,624,4.176470588235294,13,14.615916955017303,17,84086336,640.0,160.0,0
52d17d6b-5be7-46e4-8eee-e644c523180e,001550,sub-P127/sub-P127_ses-TaskSwitch4-180713a.nwb,35,112,2625,4.709677419354839,38,47.36732570239335,31,1179729,25.0,25.0,1
52d1f166-a34c-4def-9589-e534a3bbc91b,001836,sub-klein/sub-klein_ses-klein-20231106_obj-158brtd.nwb,103,84,1949,2.7777777777777777,65,53.68395061728392,90,834748,80.0,25.0,1
52e10fcd-f3a5-4843-96c7-5c5a0075cfe7,000946,sub-BH511/sub-BH511_ses-20231019T115200_ecephys.nwb,28,50,690,4.333333333333333,14,17.0,18,4657256,120.0,60.0,0
52e2c069-3019-40e2-aaa8-2b4d2abf2c2d,000467,sub-ant2-m4-d26-y2022/sub-ant2-m4-d26-y2022_ses-m4-d26-y2022-ant2-0-48x-6-methyl-5-hepten-2-one-40-t191-z35um_ophys.nwb,22,48,624,4.176470588235294,13,14.615916955017303,17,84086336,640.0,160.0,0
52e87523-5942-4b7b-ba8c-d36d7b2bd11e,001550,sub-P135/sub-P135_ses-TaskSwitch4-190110a.nwb,35,112,2625,4.709677419354839,38,47.36732570239335,31,1644941,100.0,25.0,1
52ec7a11-54c3-437e-a508-55f765ef5792,000008,sub-mouse-CAASK/sub-mouse-CAASK_ses-20190110-sample-4_slice-20190110-slice-3_cell-20190110-sample-4_icephys.nwb,181,538,87573,4.96045197740113,80,65.58600657537744,177,8703763,15320.0,480.0,0
52f4830f-e288-4871-a524-41db32c95cbe,001455,sub-933577179/sub-933577179_ses-939538653_icephys.nwb,161,608,82256,5.550632911392405,54,43.60186668803075,158,25354999,400.0,25.0,1
52fa6d3e-5c7c-4fec-87d5-519e91d407a0,001550,sub-P124/sub-P124_ses-TaskSwitch4-171022a.nwb,35,112,2625,4.709677419354839,38,47.36732570239335,31,1438999,140.0,25.0,1
53007dc3-9400-4c60-a7da-27993f6e811a,000711,sub-533527/sub-533527_ses-20200922T113606_image.nwb,57,184,6412,4.60377358490566,24,31.107155571377707,53,220209500,320.0,25.0,1
5301d037-aea2-460a-bb55-b23034801ffb,001521,sub-CHO-20250502-c5/sub-CHO-20250502-c5_ses-session-2025-05-02_obj-zl8o88_image.nwb,17,38,431,4.153846153846154,13,13.668639053254442,13,29849207,80.0,25.0,1
5312e9ac-9f81-4d69-a5a9-3545db543d54,000293,sub-X2019-01-22-19122026/sub-X2019-01-22-19122026_icephys.nwb,55,185,7866,5.333333333333333,16,10.653594771241833,51,2595091,7520.0,520.0,0
5316cd75-93bc-468f-b665-a08f1f066ab4,001169,sub-G081/sub-G081_ses-RWTautowait2-20230419-124903.nwb,32,118,3087,5.518518518518518,32,48.32373113854595,27,1027958,80.0,25.0,1
5318e9cd-f191-426a-8050-c58192ac18ab,001607,sub-Bilbo/sub-Bilbo_ses-5_obj-toniy_ecephys.nwb,253,71,23388,3.060344827586207,36,24.436013674197376,116,2459064,80.0,25.0,1
53286a78-c332-4c4e-9b2a-985a9b52450c,000951,sub-PDB-control-fly8/sub-PDB-control-fly8_ses-(-PDB-control-fly8-170905-1127--).nwb,18,33,433,3.8461538461538463,13,13.822485207100591,13,187360,440.0,160.0,0
53316beb-f855-4e23-ad0f-a1248fd5c3d0,001169,sub-M016/sub-M016_ses-RWTautowait2-20200225-115739.nwb,32,116,2923,5.444444444444445,30,44.54320987654322,27,1644752,100.0,25.0,1
5334f260-f7f9-4c7c-8d5d-d5edec3b143b,000239,sub-MX181101/sub-MX181101_ses-20190114T132032.nwb,18,63,1228,6.153846153846154,29,58.13017751479289,13,404432,140.0,80.0,0
53351ce9-7ae9-4aaf-8c89-6068470243a6,000351,sub-DB-longITI-C1-F2/sub-DB-longITI-C1-F2_ses-Day6-30.nwb,22,44,527,3.611111111111111,13,10.904320987654321,18,334432,120.0,80.0,0
5339e2aa-58d4-4cd1-b722-af63bac306ae,001836,sub-julio/sub-julio_ses-julio-20230806_obj-x2dac.nwb,103,74,1739,2.6666666666666665,65,51.844444444444456,90,3475552,80.0,25.0,1
5347de4c-84dc-4691-9922-8922738347b6,000713,sub-563495/sub-563495_ses-20210524T112931_image.nwb,48,114,2391,3.6818181818181817,23,23.762396694214885,44,188130857,240.0,25.0,1
5360bb05-bafb-48f1-9b68-37ae0345375c,001271,sub-4-20240730/sub-4-20240730_obj-1d7le0j_image.nwb,17,38,431,4.153846153846154,13,13.668639053254442,13,724719,60.0,25.0,1
53621177-f59e-4abc-afd2-5b355cf79809,001169,sub-S047/sub-S047_ses-RWTautowait2-20230103-101311.nwb,32,117,3004,5.481481481481482,31,46.397805212620035,27,927283,100.0,25.0,1
5362b0ed-946c-4f1d-815e-ee168a95b07b,000713,sub-571520/sub-571520_ses-20210512T143758_image.nwb,48,115,2402,3.7045454545454546,23,23.889979338842977,44,191364828,240.0,25.0,1
536569dc-f1bf-481d-804d-fa7463a22992,000020,sub-703285825/sub-703285825_ses-705710423_icephys.nwb,181,738,120786,5.893258426966292,65,58.095347809620016,178,45494427,34320.0,400.0,0
53657d85-dca6-4b04-b13e-e698c9d7af8b,000467,sub-ant1-m4-d21-y2022/sub-ant1-m4-d21-y2022_ses-m4-d21-y2022-ant1-0-48x-6-methyl-5-hepten-2-one-40-t152-z135um_ophys.nwb,22,48,624,4.176470588235294,13,14.615916955017303,17,84086336,680.0,180.0,0
53677fb3-85a6-49f3-b524-2fbf3c785f21,001747,sub-chip19894/sub-chip19894_ses-recording116_ecephys.nwb,22,44,569,3.8823529411764706,13,12.927335640138407,17,10666205821,1580.0,25.0,1
536b05bf-1c42-4242-aa24-6bbbd157affa,000711,sub-467953/sub-467953_ses-20190904T141456_image.nwb,48,116,2469,3.727272727272727,23,24.743801652892568,44,188618726,280.0,25.0,1
53700d07-edf8-46e0-926f-d329d348b60c,001692,sub-AD3/sub-AD3_ses-240502_ophys.nwb,63,106,3045,4.365853658536586,18,14.963712076145148,41,23312084845,3400.0,25.0,1
53714556-912c-4809-8ecf-c13d7bf0f23b,000773,sub-ant2-m1-d11-y2023/sub-ant2-m1-d11-y2023_ses-m1-d11-y2023-ant2-0-03x-4-methyl-3-heptanol-40-t167-z125um_ophys.nwb,22,48,624,4.176470588235294,13,14.615916955017303,17,84086336,640.0,160.0,0
53806a89-ab66-43f0-8621-8dd49cf83286,001550,sub-P187/sub-P187_ses-TaskSwitch6-191010a.nwb,33,110,2570,4.896551724137931,38,49.74791914387635,29,925443,60.0,25.0,1
5381a41c-c2d0-45a6-85e0-fbadde53535e,001169,sub-L011/sub-L011_ses-RWTautowait2-20220527-153801.nwb,32,117,3004,5.481481481481482,31,46.397805212620035,27,1068575,60.0,25.0,1
5388a6cc-1922-402c-936f-30173e8b8183,001767,sub-WT63/sub-WT63_ses-20211116_behavior.nwb,73,123,4677,3.5454545454545454,20,13.447933884297518,55,5165128,140.0,25.0,1
538917f7-e52c-4865-97f6-335098e97f82,000713,sub-524925/sub-524925_ses-20200709T084407_image.nwb,48,115,2402,3.7045454545454546,23,23.889979338842977,44,191336864,440.0,25.0,1
53a01af3-72d6-4fa7-8e42-c2c721f41931,000773,sub-ant1-m4-d6-y2023/sub-ant1-m4-d6-y2023_ses-m4-d6-y2023-ant1-0-48x-isopropanol-40-t133-z25um_ophys.nwb,22,48,624,4.176470588235294,13,14.615916955017303,17,84086336,580.0,160.0,0
53a01b02-bc56-4b11-aff4-d8e3bb754df8,001836,sub-lewis/sub-lewis_ses-lewis-20240105_obj-ey3arp.nwb,103,76,1736,2.688888888888889,65,52.08098765432097,90,808208,60.0,25.0,1
53a1bde2-b97d-423a-a400-95f4492fcc1a,001550,sub-H113/sub-H113_ses-TaskSwitch4-170614a.nwb,33,110,2570,4.896551724137931,38,49.74791914387635,29,1622077,120.0,25.0,1
53a6c0b5-c5cc-4bff-9fec-139313caa062,000362,jGCaMP8m/jGCaMP8m_ANM472179_cell04.nwb,79,198,7581,4.23943661971831,13,9.449712358658994,71,7937029601,10500.0,160.0,0
53a8ac22-eeaa-492e-8b82-bbc10d7bd440,000773,sub-ant4-m1-d20-y2023/sub-ant4-m1-d20-y2023_ses-m1-d20-y2023-ant4-0-48x-propionic-acid-40-t200-z65um_ophys.nwb,22,48,624,4.176470588235294,13,14.615916955017303,17,84086336,600.0,160.0,0
53af524d-800d-41cf-8d8f-2c10aaa2ef81,000713,sub-510589/sub-510589_ses-None_probe-1044520062_ecephys.nwb,36,62,1087,3.3,14,12.343333333333334,30,4492416616,3920.0,320.0,0
53b0f8fc-306d-4444-8761-9c106788c541,001611,sub-26303/sub-26303_ses-20250319T171904_ecephys.nwb,25,52,649,4.105263157894737,13,13.988919667590027,19,14110864,100.0,25.0,1
53b605b6-788d-40d2-9efc-d668c14ba020,001636,sub-Venus/sub-Venus_ses-Venus++v5401++PostMPTP++Depth17200um++20000223_behavior+ecephys.nwb,60,186,6636,5.297872340425532,19,28.294250792213678,47,20709120,940.0,120.0,0
53c2d3c7-e48e-4e44-a346-f48357ed1929,001169,sub-S052/sub-S052_ses-RWTautowait2-20221207-113556.nwb,32,117,3004,5.481481481481482,31,46.397805212620035,27,965566,80.0,25.0,1
53c751ad-5895-46f0-812f-68a6da455dc5,000711,sub-479839/sub-479839_ses-20191202T085907_obj-f3iwif_image+ophys.nwb,78,229,9548,4.342465753424658,24,25.896415837868265,73,293636935,460.0,25.0,1
53c91869-ea73-44ad-916a-2eecb5a658e6,000766,sub-PC12-cell/sub-PC12-cell_ses-20210126T153000_obj-wwb4v5.nwb,17,35,401,3.923076923076923,13,13.609467455621298,13,183256,100.0,60.0,0
53cd51cb-5676-4169-a9e4-0007fc1effa1,001636,sub-Venus/sub-Venus_ses-Venus++v0601++PreMPTP++Depth19500um++19990407_behavior+ecephys.nwb,59,186,6641,5.391304347826087,19,28.716446124763703,46,12988514,900.0,120.0,0
53d0ea15-de3e-49cc-bf58-9ca516c96072,001038,sub-VGlut-2440/sub-VGlut-2440_ses-20220811-0001.nwb,53,117,2473,4.071428571428571,16,13.73299319727891,42,19640332,140.0,25.0,1
53d83a27-fd4f-4492-bc15-1f47d806c402,001169,sub-L019/sub-L019_ses-RWTautowait2-20230410-114821.nwb,32,118,3087,5.518518518518518,32,48.32373113854595,27,1288427,120.0,25.0,1
53d91955-ad42-47eb-8358-803fddd107a0,001169,sub-G068/sub-G068_ses-RWTautowait2-20220504-155316.nwb,32,117,3004,5.481481481481482,31,46.397805212620035,27,1405379,80.0,25.0,1
53dc8728-8666-42a6-901e-3709022ad485,001550,sub-P055/sub-P055_ses-TaskSwitch4-170730a.nwb,35,112,2625,4.709677419354839,38,47.36732570239335,31,1435902,80.0,25.0,1
53dde382-d8a1-4e0f-a6de-b0ac469bccc1,000711,sub-421136/sub-421136_ses-20181114T145505_image.nwb,48,119,2682,3.7954545454545454,26,27.571797520661153,44,66760752,260.0,25.0,1
53e24dca-5e07-4a21-8e4d-633648cfd491,000020,sub-660204570/sub-660204570_ses-661222753_icephys.nwb,215,853,160890,5.754716981132075,76,64.93983624065501,212,47850044,38780.0,420.0,0
53e40c92-b36e-4bdc-942e-e8c44dc4f0a7,001856,sub-1481135574/sub-1481135574_ses-1481236918_icephys.nwb,363,1485,558425,5.927777777777778,143,122.86145061728396,360,66216476,1220.0,25.0,1
53e86840-ecca-497d-948a-0a5cac9e91a5,001169,sub-G081/sub-G081_ses-RWTautowait2-20230426-112138.nwb,32,118,3087,5.518518518518518,32,48.32373113854595,27,1126358,80.0,25.0,1
53ed90ce-1a44-4056-96ea-b83dc25eca01,001169,sub-G012/sub-G012_ses-RWTautowait2-20210319-111331.nwb,32,117,3004,5.481481481481482,31,46.397805212620035,27,1615071,100.0,25.0,1
53ef580b-c38f-4fc8-b405-ca228a0e3b24,001611,sub-29641/sub-29641_ses-20250331T181817_ecephys.nwb,25,52,649,4.105263157894737,13,13.988919667590027,19,14077548,80.0,25.0,1
53f459ed-c6c8-497b-b864-b2610985bd82,000336,sub-655580/sub-655580_ses-1245510440-acq-1245934428-raw-movies_ophys.nwb,68,260,14699,5.403225806451613,30,41.30515088449531,62,19798523280,1080.0,25.0,1
5404bccf-87f4-4bcf-9a8b-c76b8339ddf7,000766,sub-PC12-cell/sub-PC12-cell_ses-20210221T153000_obj-tj1m40.nwb,17,35,401,3.923076923076923,13,13.609467455621298,13,192088,100.0,60.0,0
5406c7a1-a646-4edc-bca6-07ea622b9dad,001169,sub-S045/sub-S045_ses-RWTautowait2-20221206-132934.nwb,32,117,3004,5.481481481481482,31,46.397805212620035,27,1370973,80.0,25.0,1
540787c9-1ee5-4da9-a5d8-2a4dd7e10a95,001169,sub-L001/sub-L001_ses-RWTautowait2-20220811-101833.nwb,32,117,3004,5.481481481481482,31,46.397805212620035,27,1065655,80.0,25.0,1
5415643d-c4ab-4377-b071-963c83368518,000713,sub-548715/sub-548715_ses-20210104T093850_image.nwb,48,115,2402,3.7045454545454546,23,23.889979338842977,44,191383328,180.0,25.0,1
541b08ca-0a94-4f99-90aa-bee2472cc808,000711,sub-456917/sub-456917_ses-20190517T093228_image.nwb,48,119,2682,3.7954545454545454,26,27.571797520661153,44,66760918,180.0,25.0,1
541d09f6-fe12-4232-86d5-a425cbdff138,000711,sub-425496/sub-425496_ses-20190102T084152_image.nwb,48,116,2469,3.727272727272727,23,24.743801652892568,44,188666154,480.0,25.0,1
542866ec-1a3d-4ff0-9652-0d05b7c2eaf9,001611,sub-24846/sub-24846_ses-20241120T164039_ecephys.nwb,25,52,649,4.105263157894737,13,13.988919667590027,19,9881360,120.0,25.0,1
5434ab71-231c-4af5-bae8-1e68f2c23f5b,001751,sub-Mfa241105/sub-Mfa241105_ses-20241105HS13_obj-oqtxil_icephys.nwb,231,1293,793519,7.801801801801802,200,168.64540215891572,222,29335040,1460.0,80.0,0
5435992f-e74f-4a38-b623-d3bf7e255e5e,001169,sub-G088/sub-G088_ses-RWTautowait2-20221021-160731.nwb,32,118,3087,5.518518518518518,32,48.32373113854595,27,1474961,80.0,25.0,1
543f83fd-5a59-4403-9b78-ba1bcdaac717,001751,sub-Mfa241008/sub-Mfa241008_ses-20241008HS4_obj-uk5sr0_icephys.nwb,271,1533,1124479,7.8320610687022905,240,207.7885904084842,262,35140024,1560.0,80.0,0
5446dd22-6fb2-4e48-9492-bfb8afb3fd70,001550,sub-P100/sub-P100_ses-TaskSwitch6-190612a.nwb,33,110,2570,4.896551724137931,38,49.74791914387635,29,2042436,100.0,25.0,1
5455a546-aaad-49e1-b440-4a8c37ea98c1,000690,sub-717437/sub-717437_ses-1333971345_probe-1_ecephys.nwb,27,55,937,3.772727272727273,14,15.08471074380165,22,2065260863,640.0,60.0,0
545c5d92-98e6-4b84-98b7-cf6e6aa72d15,001169,sub-M037/sub-M037_ses-RWTautowait2-20210607-140124.nwb,32,116,2974,5.444444444444445,31,46.46913580246915,27,1086567,25.0,25.0,1
545ed7e5-ade5-44d5-81ce-45a48f3bffa8,000467,sub-ant5-m4-d26-y2022/sub-ant5-m4-d26-y2022_ses-m4-d26-y2022-ant5-0-03x-4-methyl-3-heptanol-40-t282-z5um_ophys.nwb,22,48,624,4.176470588235294,13,14.615916955017303,17,84086336,520.0,140.0,0
547186a9-3bf0-4795-b637-cf7c037d2ea2,001169,sub-G048/sub-G048_ses-RWTautowait2-20211124-150813.nwb,32,117,3004,5.481481481481482,31,46.397805212620035,27,1061976,80.0,25.0,1
5477b875-462a-41ad-a0bf-32803a8cf174,000289,sub-30/sub-30_ses-20210617T105428_behavior+ophys.nwb,36,50,626,3.3846153846153846,13,11.236686390532546,26,113748213,300.0,25.0,1
547bd532-f247-47ce-a616-0888a9767cb2,001550,sub-P101/sub-P101_ses-TaskSwitch4-180508a.nwb,35,112,2625,4.709677419354839,38,47.36732570239335,31,1388379,100.0,25.0,1
54839311-8587-471d-91ff-9ac2dbab97f5,001827,sub-240606/sub-240606_ses-6_ecephys.nwb,24,61,1192,4.473684210526316,17,22.986149584487535,19,17577031,25.0,25.0,1
54897251-4f1d-456a-af7c-17b493b21744,000773,sub-ant3-m2-d24-y2023/sub-ant3-m2-d24-y2023_ses-m2-d24-y2023-ant3-0-48x-ethylpyrazine-40-t189-z95um_ophys.nwb,22,48,624,4.176470588235294,13,14.615916955017303,17,84086336,600.0,160.0,0
548b8af8-2cbf-4bd1-bc0c-ed1b4b5a5cb4,001550,sub-P130/sub-P130_ses-TaskSwitch4-190716a.nwb,35,112,2625,4.709677419354839,38,47.36732570239335,31,1910840,100.0,25.0,1
548c239d-a6fe-403e-8d2e-9c9710ae86ce,000711,sub-457841/sub-457841_ses-20190528T130805_image.nwb,48,119,2682,3.7954545454545454,26,27.571797520661153,44,66741998,160.0,25.0,1
54a5c34b-b2ba-4d93-b594-8475b3bfb626,001526,sub-CHO-20250501-c10-bckg/sub-CHO-20250501-c10-bckg_ses-session-2025-05-01_image.nwb,17,38,431,4.153846153846154,13,13.668639053254442,13,33723260,80.0,25.0,1
54a777e3-0f1a-4ef0-b2ea-7b80a3ee59a4,001348,sub-1301204249/sub-1301204249_ses-1302523960_icephys.nwb,282,1125,316464,5.867383512544803,115,106.18671394252388,279,69561621,1480.0,80.0,0
54a7f937-087e-443c-b8b5-ecc77033cbe5,000010,sub-217951/sub-217951_ses-20131010_obj-1wjcj56_behavior+ophys.nwb,34,65,833,3.4827586206896552,12,10.111771700356723,29,78814964,1500.0,80.0,0
54a8b8b7-21d4-4cfe-9c54-6ff6fbf0466f,001550,sub-P049/sub-P049_ses-TaskSwitch4-170109a.nwb,35,112,2625,4.709677419354839,38,47.36732570239335,31,913140,25.0,25.0,1
54a8d4e3-098c-4644-a026-3008a0cd8e7d,000467,sub-ant1-m10-d6-y2022/sub-ant1-m10-d6-y2022_ses-m10-d6-y2022-ant1-0-48x-3-hexanone-40-t132-z65um_ophys.nwb,22,48,624,4.176470588235294,13,14.615916955017303,17,84086336,700.0,180.0,0
54b13ea8-e583-4f7e-a369-434c41857134,000773,sub-ant2-m1-d17-y2023/sub-ant2-m1-d17-y2023_ses-m1-d17-y2023-ant2-0-03x-4-methyl-3-heptanone-40-t165-z50um_ophys.nwb,22,48,624,4.176470588235294,13,14.615916955017303,17,84086336,620.0,160.0,0
54b27821-3dae-4a19-9863-e395ae3a6a8c,000467,sub-ant2-m4-d27-y2022/sub-ant2-m4-d27-y2022_ses-m4-d27-y2022-ant2-0-12x-4-methyl-3-heptanone-40-t193-z40um_ophys.nwb,22,48,624,4.176470588235294,13,14.615916955017303,17,84086336,480.0,120.0,0
54bcd0c0-040b-4896-81df-de1abdd4c884,001181,sub-m1618/sub-m1618_ses-20220728T154233Z_photometry.nwb,25,70,952,4.2727272727272725,21,23.289256198347097,22,787210,25.0,25.0,1
54c24bda-3588-43eb-a28b-b194099506aa,000728,sub-503292439/sub-503292439_ses-512164988-StimA_behavior+image+ophys.nwb,53,92,2027,3.3617021276595747,13,6.954277953825259,47,729678300,700.0,25.0,1
54cdaee8-590d-48cf-8e31-5556e3e7adf0,001710,sub-Ctrl-2/sub-Ctrl-2_ses-ymaze-day4-scan0-novel-arm1_behavior+ophys.nwb,62,111,4797,3.087719298245614,14,9.097568482610034,57,617886348,460.0,25.0,1
54cfd558-9290-4e64-8279-e285b2919674,001169,sub-G041/sub-G041_ses-RWTautowait2-20210727-154830.nwb,32,117,3004,5.481481481481482,31,46.397805212620035,27,1201616,25.0,25.0,1
54da5f2a-b499-4bdb-993b-e52ab98aafa3,000336,sub-660986/sub-660986_ses-1250644691-acq-1250852996-denoised-movies_ophys.nwb,81,436,49912,7.0,30,49.76,75,46528700085,1780.0,25.0,1
54de8503-13d9-48a3-b585-b319fb491e81,001611,sub-24846/sub-24846_ses-20241120T142234_ecephys.nwb,25,52,649,4.105263157894737,13,13.988919667590027,19,8880136,100.0,25.0,1
54dfa813-9b13-44e1-9fc0-a63306d392ac,001169,sub-G072/sub-G072_ses-RWTautowait2-20220719-154938.nwb,32,117,3004,5.481481481481482,31,46.397805212620035,27,1695903,100.0,25.0,1
54efbc91-c4eb-479e-9b05-6c7b6fe25456,001169,sub-G037/sub-G037_ses-RWTautowait2-20210720-152728.nwb,32,117,3004,5.481481481481482,31,46.397805212620035,27,876740,80.0,25.0,1
54f13dfd-b5e4-4a73-b32d-94ff80ba929c,001465,sub-1388178402/sub-1388178402_ses-1390605316_icephys.nwb,184,605,78634,5.066298342541437,64,51.85195812093647,181,37888909,1440.0,80.0,0
54fcc782-798f-428d-aa4f-a89da0a3ea7c,001611,sub-25876/sub-25876_ses-20241108T143149_ecephys.nwb,25,52,649,4.105263157894737,13,13.988919667590027,19,12791972,80.0,25.0,1
5501f1ad-28aa-4224-8d14-77a5a3fd9e10,000773,sub-ant2-m1-d20-y2023/sub-ant2-m1-d20-y2023_ses-m1-d20-y2023-ant2-0-48x-isopropanol-40-t158-z155um_ophys.nwb,22,48,624,4.176470588235294,13,14.615916955017303,17,84086336,580.0,160.0,0
5505b5a6-0675-4e71-8e99-38ac1bdfc8a2,000773,sub-ant1-m1-d17-y2023/sub-ant1-m1-d17-y2023_ses-m1-d17-y2023-ant1-0-03x-4-methyl-3-heptanol-40-t136-z45um_ophys.nwb,22,48,624,4.176470588235294,13,14.615916955017303,17,84086336,620.0,160.0,0
55081769-78c1-48e1-b8a3-b74a33950781,000773,sub-ant3-m1-d17-y2023/sub-ant3-m1-d17-y2023_ses-m1-d17-y2023-ant3-0-03x-ethylpyrazine-40-t195-z20um_ophys.nwb,22,48,624,4.176470588235294,13,14.615916955017303,17,84086336,600.0,160.0,0
550fccae-b988-4d34-93ef-9356e7655b79,001169,sub-G037/sub-G037_ses-RWTautowait2-20211011-160227.nwb,32,117,3004,5.481481481481482,31,46.397805212620035,27,1006202,60.0,25.0,1
55109d23-51ff-46d5-801c-c1e1c9fa5d49,001634,sub-Bilbo/sub-Bilbo_ses-5_obj-lqf778_behavior+ecephys.nwb,259,74,23259,2.9836065573770494,36,23.13087879602257,122,53449672,100.0,25.0,1
551112c4-a59b-47a6-a25d-8a39d64ee16c,000467,sub-ant2-m4-d21-y2022/sub-ant2-m4-d21-y2022_ses-m4-d21-y2022-ant2-1x-paraffin-oil-40-t157-z35um_ophys.nwb,22,48,624,4.176470588235294,13,14.615916955017303,17,84086336,660.0,160.0,0
551d3f05-07c7-4ccd-934b-049df9fc0d44,001455,sub-902290661/sub-902290661_ses-908628328_icephys.nwb,151,551,64517,5.405405405405405,49,41.26807888970052,148,21537340,560.0,25.0,1
551d451b-221e-419f-8dd5-da55064e704b,000467,sub-ant5-m10-d11-y2022/sub-ant5-m10-d11-y2022_ses-m10-d11-y2022-ant5-0-48x-isopropanol-40-t217-z70um_ophys.nwb,22,48,624,4.176470588235294,13,14.615916955017303,17,84086336,700.0,180.0,0
552d336c-5758-450e-96f5-1e26a07267c2,001634,sub-Bilbo/sub-Bilbo_ses-5_obj-1soddil_ecephys.nwb,252,72,23379,3.0869565217391304,36,24.670699432892246,115,779120,60.0,25.0,1
5534938a-7e7c-4ada-86a8-d8e043e7a9fa,001195,sub-in-vivo-9/sub-in-vivo-9_ses-20190208T141759_slice-slice-1_cell-P7_icephys.nwb,201,578,101611,4.822335025380711,87,68.04457728877327,197,223896417,1340.0,25.0,1
5534dddf-c9ca-44c5-87c7-88d679cf7cc1,001550,sub-P116/sub-P116_ses-TaskSwitch4-170712a.nwb,35,113,2701,4.741935483870968,39,49.54630593132153,31,1085623,80.0,25.0,1
553c6f57-d1d7-4d8b-9047-25d725085650,000467,sub-ant3-m4-d26-y2022/sub-ant3-m4-d26-y2022_ses-m4-d26-y2022-ant3-0-48x-4-methyl-3-heptanol-40-t224-z100um_ophys.nwb,22,48,624,4.176470588235294,13,14.615916955017303,17,84086336,560.0,140.0,0
55408afe-1fda-483d-84f6-dcab32425c10,001169,sub-E001/sub-E001_ses-RWTautowait2-20220329-120959.nwb,32,117,3004,5.481481481481482,31,46.397805212620035,27,1083261,60.0,25.0,1
5540e665-c67f-450c-acbd-7a5a446477f0,000467,sub-ant5-m4-d26-y2022/sub-ant5-m4-d26-y2022_ses-m4-d26-y2022-ant5-0-03x-4-methyl-3-heptanone-40-t279-z0um_ophys.nwb,22,48,624,4.176470588235294,13,14.615916955017303,17,84086336,540.0,140.0,0
55426c33-b87d-4da3-aacd-6941b0705fca,000711,sub-539518/sub-539518_ses-20201106T134226_image+ophys.nwb,78,229,9548,4.342465753424658,24,25.896415837868265,73,672093974,680.0,25.0,1
5543e666-020a-416e-a02d-9bb8a490ed59,000773,sub-ant1-m1-d20-y2023/sub-ant1-m1-d20-y2023_ses-m1-d20-y2023-ant1-0-48x-4-methyl-3-heptanone-40-t133-z40um_ophys.nwb,22,48,624,4.176470588235294,13,14.615916955017303,17,84086336,600.0,160.0,0
55446ffd-18b9-4cb8-a0cc-fa900f16bde2,001169,sub-J041/sub-J041_ses-RWTautowait2-20220727-114159.nwb,32,117,3004,5.481481481481482,31,46.397805212620035,27,1263871,60.0,25.0,1
555e045d-dd82-41c2-925a-5b7865646c66,001455,sub-794242456/sub-794242456_ses-796802039_icephys.nwb,224,924,195051,5.9457013574660635,83,75.44501545832394,221,60659660,1160.0,25.0,1
55600cf3-e439-4b89-9b35-b03e9571863c,001607,sub-Bilbo/sub-Bilbo_ses-5_obj-bqkcrg_ecephys.nwb,256,79,23510,3.0756302521008405,36,24.08671703975707,119,1791456,80.0,25.0,1
55618d16-9b9c-4f8c-a5fa-b01c23a6505c,000713,sub-585326/sub-585326_ses-20210908T101723_image.nwb,48,114,2391,3.6818181818181817,23,23.762396694214885,44,188092571,260.0,25.0,1
55619bbc-3d45-4402-ab0f-b26f148dad5a,000339,sub-BH280/sub-BH280_ses-20210925T195658_ecephys.nwb,29,43,630,3.789473684210526,13,14.69252077562327,19,1410012928,760.0,25.0,1
55656d32-1873-4eb7-b2c7-d17063e4a1fa,001611,sub-25897/sub-25897_ses-20241108T131411_ecephys.nwb,25,52,649,4.105263157894737,13,13.988919667590027,19,21342896,100.0,25.0,1
556a6670-885e-47d5-9764-2ddd21dbe257,000336,sub-655042/sub-655042_ses-1242603364-acq-1242704962-denoised-movies_ophys.nwb,64,264,14677,5.661016949152542,30,41.07153116920425,59,39275134167,1360.0,25.0,1
556d4c0e-2ecd-4770-a315-e561a05c4fab,001603,sub-MO5/sub-MO5_ses-20250924T011912_ecephys.nwb,22,46,608,4.0,13,13.411764705882353,17,4767937148,1800.0,60.0,0
556de254-0620-48fa-b2d8-298c8c9f8a5a,000959,sub-T/sub-T_ses-20211217_obj-13sxpng_behavior.nwb,41,275,26986,8.513513513513514,16,33.330898466033595,37,17570368,260.0,60.0,0
556f529d-9ada-48cb-b130-51ec4361244d,001031,sub-c3-5-0V/sub-c3-5-0V_ses-100kHz-stimulation-5-0V_image.nwb,17,37,427,4.076923076923077,13,13.917159763313608,13,432394,120.0,60.0,0
5587c3c9-9f44-4b3e-b62b-3d930ae113ef,001836,sub-eliot/sub-eliot_ses-eliot-20221022_obj-8zv9l1.nwb,67,69,1602,3.0925925925925926,33,29.158093278463646,54,2898680,40.0,25.0,1
558b8615-a53e-429a-8bbb-96eb80fbb0e2,000628,sub-Fr/sub-Fr_ses-20211028T144528_behavior.nwb,2449,7309,52882481,4.000410004100041,2424,2402.2513323452226,2439,74360711,1100.0,120.0,0
5595117f-fc07-46ab-b4b7-9e40920eedd0,001169,sub-J003/sub-J003_ses-RWTautowait2-20201002-140347.nwb,32,117,3004,5.481481481481482,31,46.397805212620035,27,1129545,60.0,25.0,1
559b1652-844f-4567-8936-66f3621eafb9,001363,sub-BH678/sub-BH678_ses-20250911T235430.nwb,24,37,469,5.0,14,20.0,12,3025968,80.0,25.0,1
55a117e5-2dfb-4099-8b10-aa91b952840a,000773,sub-ant4-m1-d10-y2023/sub-ant4-m1-d10-y2023_ses-m1-d10-y2023-ant4-0-48x-ethanol-40-t148-z140um_ophys.nwb,22,48,624,4.176470588235294,13,14.615916955017303,17,84086336,640.0,160.0,0
55a1ac80-5bfe-48b8-a583-46cfc63be448,001701,sub-BaggySweatpants/sub-BaggySweatpants_ses-BaggySweatpants-DY07-g1_behavior+ecephys.nwb,30,61,788,3.64,13,12.150399999999998,25,27219892,540.0,80.0,0
55abcdb2-73e7-43c5-8fa8-706c9465e9a3,001181,sub-m1615/sub-m1615_ses-20220913T141047Z_photometry.nwb,18,54,762,5.461538461538462,19,29.940828402366858,13,215816,25.0,25.0,1
55bde233-8163-41de-8228-5d2570cb453b,000620,sub-Elgar/sub-Elgar_ses-2022-08-20_behavior+task.nwb,26,73,1194,4.454545454545454,23,26.247933884297524,22,408905062,1280.0,120.0,0
55bf36aa-cdfd-44ae-b6b2-fc845bb2afb3,000713,sub-578003/sub-578003_ses-20210722T105748_image.nwb,48,115,2402,3.7045454545454546,23,23.889979338842977,44,191371248,300.0,25.0,1
55c94d10-7f1e-461a-9243-235041e7451d,001169,sub-J038/sub-J038_ses-RWTautowait2-20220325-103149.nwb,32,117,3004,5.481481481481482,31,46.397805212620035,27,1063648,60.0,25.0,1
55d3e2e2-ec80-480c-874a-1a2c4f816c09,001169,sub-J077/sub-J077_ses-RWTautowait2-20230525-145252.nwb,32,118,3087,5.518518518518518,32,48.32373113854595,27,2048174,120.0,25.0,1
55d9f7bd-fca8-4f75-8369-2869c5f1e534,000773,sub-ant5-m1-d11-y2023/sub-ant5-m1-d11-y2023_ses-m1-d11-y2023-ant5-0-03x-isopropanol-40-t212-z105um_ophys.nwb,22,48,624,4.176470588235294,13,14.615916955017303,17,84086336,620.0,160.0,0
55dc310a-25a0-4802-af97-9a57a0ed431f,001625,sub-1439593019/sub-1439593019_ses-1442076173_icephys.nwb,240,940,211084,5.738396624472574,90,74.73325143762575,237,59363126,1040.0,25.0,1
55e86151-04e6-4120-b189-bf67c5313138,000020,sub-782818501/sub-782818501_ses-786024769_icephys.nwb,269,1108,293850,6.003759398496241,110,99.79321894962969,266,45512431,53540.0,360.0,0
55e98e3a-491e-4175-923c-d3e8b8e084b7,001363,sub-BH589/sub-BH589_ses-20241118T201615_ecephys.nwb,28,46,630,3.8947368421052633,13,14.304709141274236,19,3982155192,1440.0,25.0,1
55f3d85f-293f-4525-aa46-60df8e93fb14,000239,sub-MX190103/sub-MX190103_ses-20190507T114742.nwb,18,63,1228,6.153846153846154,29,58.13017751479289,13,403864,120.0,60.0,0
55f5e58b-92a8-47c9-93ac-6bf63112e97b,000363,sub-484672/sub-484672_ses-20210321T131204_behavior+ecephys+ogen.nwb,54,157,3844,4.822222222222222,43,48.901728395061724,45,167601053,104560.0,320.0,0
55f6ed7c-ba26-4453-bbc6-30b4d1a4cc8d,000773,sub-ant2-m1-d11-y2023/sub-ant2-m1-d11-y2023_ses-m1-d11-y2023-ant2-0-03x-ethylpyrazine-40-t169-z5um_ophys.nwb,22,48,624,4.176470588235294,13,14.615916955017303,17,84086336,640.0,160.0,0
55fd0c01-1c35-4f89-baa7-e8119eceaf06,001445,sub-G3-11/sub-G3-11_obj-164k60j_ecephys.nwb,22,45,579,3.9411764705882355,13,12.643598615916957,17,203556,25.0,25.0,1
55fd4148-deca-4f32-86c7-bababe248f58,000773,sub-ant1-m1-d11-y2023/sub-ant1-m1-d11-y2023_ses-m1-d11-y2023-ant1-0-03x-ethanol-40-t130-z25um_ophys.nwb,22,48,624,4.176470588235294,13,14.615916955017303,17,84086336,620.0,160.0,0
55fdc99e-8976-4ee5-a974-670898e35852,001847,sub-PB195/sub-PB195_ses-PB195-20241205-141713_behavior+image+ophys.nwb,116,278,38147,3.5945945945945947,65,50.853664475286095,111,23838956513,3800.0,25.0,1
5607437e-7549-4b1b-a5c7-129cb4b94028,001603,sub-MO10/sub-MO10_ses-20250924T002156.nwb,19,43,443,4.066666666666666,13,14.062222222222221,15,28090112,120.0,25.0,1
560a44b2-c769-46dc-960c-b611439efb5f,001676,sub-A0670/sub-A0670_ses-20230220T101012_behavior+ophys.nwb,35,66,895,3.433333333333333,13,10.245555555555557,30,102694624,220.0,25.0,1
561a9fa7-945d-4b22-bca4-2bd6ac323c79,001281,sub-131113/sub-131113_ses-1311133ls-2-1-1_icephys.nwb,64,233,13046,5.745762711864407,21,14.020109164033324,59,12786872,6020.0,160.0,0
561c1618-520d-4d3b-a2df-94ac8a1dbc2c,000226,sub-KSt107/sub-KSt107_ses-20150515T120000_obj-1yadv1x_behavior.nwb,6161,12284,152962727,2.995614747441936,266,259.48820555435765,6157,140086280,9020.0,60.0,0
561cee07-29b3-409d-bc3d-cb02678624aa,001169,sub-L009/sub-L009_ses-RWTautowait2-20221109-104740.nwb,32,118,3087,5.518518518518518,32,48.32373113854595,27,951489,100.0,25.0,1
561db005-f428-4ad0-873a-4bd3e541091a,001169,sub-J077/sub-J077_ses-RWTautowait2-20230713-100544.nwb,32,118,3087,5.518518518518518,32,48.32373113854595,27,1613637,60.0,25.0,1
562a636a-409a-4eb0-bd5f-7f86ba2dca08,000628,sub-Pa/sub-Pa_ses-20210807T121137.nwb,26,39,494,4.266666666666667,13,17.662222222222226,15,7859948,240.0,120.0,0
562afd80-933f-42c3-b60a-5c4571cb1a5d,000020,sub-743050366/sub-743050366_ses-746108432_icephys.nwb,186,769,131483,5.994535519125683,71,66.98904117770013,183,33726165,38000.0,360.0,0
5630134b-87b9-40ba-afee-56d6f631de81,001169,sub-J062/sub-J062_ses-RWTautowait2-20221219-161115.nwb,32,118,3087,5.518518518518518,32,48.32373113854595,27,1190439,80.0,25.0,1
563074e6-48bd-4eb7-93b7-542d81f87818,000773,sub-ant4-m1-d11-y2023/sub-ant4-m1-d11-y2023_ses-m1-d11-y2023-ant4-0-03x-isopropanol-40-t186-z15um_ophys.nwb,22,48,624,4.176470588235294,13,14.615916955017303,17,84086336,600.0,160.0,0
56332fa4-cb8a-424d-b9c0-d71a516eefce,001550,sub-P120/sub-P120_ses-TaskSwitch4-170814a.nwb,35,111,2551,4.67741935483871,37,45.25078043704474,31,1285626,100.0,25.0,1
56337e03-c734-4c20-9975-de7872cc9dd9,000711,sub-457841/sub-457841_ses-20190926T092221_obj-1mhroz8_image+ophys.nwb,78,229,9548,4.342465753424658,24,25.896415837868265,73,241636172,500.0,25.0,1
56338e4f-1cdb-49ba-b2f1-b62dc598afd5,000773,sub-ant2-m1-d11-y2023/sub-ant2-m1-d11-y2023_ses-m1-d11-y2023-ant2-0-03x-4-methyl-3-heptanone-40-t150-z15um_ophys.nwb,22,48,624,4.176470588235294,13,14.615916955017303,17,84086336,620.0,160.0,0
5633f45f-ad92-4c91-9855-f1a955885e97,000467,sub-ant2-m4-d27-y2022/sub-ant2-m4-d27-y2022_ses-m4-d27-y2022-ant2-0-12x-4-methyl-3-heptanol-40-t191-z35um_ophys.nwb,22,48,624,4.176470588235294,13,14.615916955017303,17,84086336,480.0,120.0,0
563af142-686d-43fc-9f7c-fc5114b53b1e,001550,sub-P167/sub-P167_ses-TaskSwitch4-180926a.nwb,35,112,2625,4.709677419354839,38,47.36732570239335,31,1554754,80.0,25.0,1
5646d309-987c-4b3b-83ca-c90a07c384ad,001611,sub-25897/sub-25897_ses-20241113T182155_ecephys.nwb,25,52,649,4.105263157894737,13,13.988919667590027,19,16778356,100.0,25.0,1
5649d72f-ca9a-491c-9c6b-4e1ae95a146e,001538,sub-M1R#5844/sub-M1R#5844_ses-pan++ON++none++WT++20231002.nwb,24,62,797,4.25,13,16.8875,20,267816,25.0,25.0,1
564c8607-7c53-4823-a357-895c6c1a58c8,000467,sub-ant3-m4-d21-y2022/sub-ant3-m4-d21-y2022_ses-m4-d21-y2022-ant3-0-12x-4-methyl-3-heptanone-40-t143-z25um_ophys.nwb,22,48,624,4.176470588235294,13,14.615916955017303,17,84086336,640.0,160.0,0
56529c40-98bc-45e0-a8db-120a65cbf98e,000246,sub-C2-04-03/sub-C2-04-03_obj-l4rgaj_ophys.nwb,33,46,581,3.5217391304347827,13,12.162570888468805,23,12760176,80.0,25.0,1
5652b355-b6ed-4275-b509-bc00eec96f1b,001169,sub-G096/sub-G096_ses-RWTautowait2-20230417-152530.nwb,32,118,3087,5.518518518518518,32,48.32373113854595,27,1320407,80.0,25.0,1
5655e585-97b3-48da-9855-fda479e3c011,001634,sub-Frodo/sub-Frodo_ses-2_obj-mgqt3q_ecephys.nwb,254,68,23794,3.0695652173913044,38,25.629943289224943,115,729616,25.0,25.0,1
565823f1-6537-4804-8879-7d4d62039447,001550,sub-P159/sub-P159_ses-TaskSwitch4-190925a.nwb,35,112,2625,4.709677419354839,38,47.36732570239335,31,1430535,160.0,25.0,1
565bcfcf-10cc-423b-b973-7dd621281b99,001273,sub-6-20240119/sub-6-20240119_obj-14glwtt_image.nwb,17,38,431,4.153846153846154,13,13.668639053254442,13,59032547,120.0,25.0,1
56604168-49a5-4b29-814f-b4ae30354034,000020,sub-938461987/sub-938461987_ses-942840694_icephys.nwb,112,409,30117,5.385321100917431,39,31.998316640013467,109,18486794,21060.0,320.0,0
566e0aee-0c5b-474e-80ed-d3de56dcd6eb,001348,sub-1368329315/sub-1368329315_ses-1369520940_icephys.nwb,222,889,192280,5.840182648401827,84,68.38998352828342,219,41888773,1340.0,80.0,0
566f221d-e87b-47a5-bf95-639ccb9ec514,001169,sub-L005/sub-L005_ses-RWTautowait2-20211122-100833.nwb,32,117,3004,5.481481481481482,31,46.397805212620035,27,1073785,80.0,25.0,1
567342fa-5aac-4413-8596-57a18b5bcebb,000246,sub-PHP-CaMPARI1-M5/sub-PHP-CaMPARI1-M5_obj-zhvasx_ophys.nwb,31,41,560,3.8421052631578947,13,14.027700831024932,19,8566968,25.0,25.0,1
5687cba3-834f-41ac-98f5-f34022760d3b,001776,sub-M27G/sub-M27G_ses-20250624T120927_obj-c6fvs8_icephys.nwb,140,493,68352,5.67175572519084,55,40.892255696055,131,41020961,440.0,25.0,1
568c2b62-f45a-4121-b529-b02c6eb9ff53,001169,sub-J079/sub-J079_ses-RWTautowait2-20230524-113356.nwb,32,118,3087,5.518518518518518,32,48.32373113854595,27,908960,25.0,25.0,1
568cfebf-a388-43a1-8a4b-b5ab0a89fbb8,001550,sub-P130/sub-P130_ses-TaskSwitch4-190626a.nwb,35,112,2625,4.709677419354839,38,47.36732570239335,31,2032928,60.0,25.0,1
569bb085-aaad-47f6-9f1a-80687b327ed0,000713,sub-554013/sub-554013_ses-20210201T144954_image.nwb,48,115,2402,3.7045454545454546,23,23.889979338842977,44,188034232,220.0,25.0,1
569cca37-987d-469e-b08a-a8c3121037b5,000773,sub-ant4-m4-d6-y2023/sub-ant4-m4-d6-y2023_ses-m4-d6-y2023-ant4-0-48x-3-hexanone-40-t170-z95um_ophys.nwb,22,48,624,4.176470588235294,13,14.615916955017303,17,84086336,580.0,140.0,0
56a280f6-e2a7-4139-bc75-b39eebce2c67,001417,sub-753316/sub-753316_ses-ecephys-753316-2025-01-28-13-57-06_ecephys.nwb,70,300,13016,6.3,57,61.976666666666674,60,17956789173,21880.0,280.0,0
56a5870b-1fab-41e8-b30e-6a714e249ace,000628,sub-Oc/sub-Oc_ses-20210826T152602_behavior.nwb,1453,4321,18353153,4.000693000693,1428,1406.4248089445591,1443,44817903,1220.0,100.0,0
56b4449d-5ef8-4b75-a6ca-17f4a657418c,001169,sub-G072/sub-G072_ses-RWTautowait2-20220919-133117.nwb,32,117,3004,5.481481481481482,31,46.397805212620035,27,1393323,60.0,25.0,1
56c0d6c2-f58f-4120-bbca-e01b435adcf8,001445,sub-G3-13/sub-G3-13_obj-1p7m4wm_ecephys.nwb,22,45,579,3.9411764705882355,13,12.643598615916957,17,203556,25.0,25.0,1
56c16839-8868-4df5-9d3b-6c01f4ce9cc4,001169,sub-L029/sub-L029_ses-RWTautowait2-20230628-094017.nwb,32,118,3087,5.518518518518518,32,48.32373113854595,27,1294797,25.0,25.0,1
56c1c155-c820-4335-9ce3-b146275fd5fd,001550,sub-P167/sub-P167_ses-TaskSwitch4-191105a.nwb,35,112,2625,4.709677419354839,38,47.36732570239335,31,1489946,60.0,25.0,1
56c2dbe8-3ca3-4ef1-bc38-bb164d6daede,000467,sub-ant3-m4-d26-y2022/sub-ant3-m4-d26-y2022_ses-m4-d26-y2022-ant3-0-03x-6-methyl-5-hepten-2-one-40-t206-z50um_ophys.nwb,22,48,624,4.176470588235294,13,14.615916955017303,17,84086336,560.0,140.0,0
56c7ca35-31ed-4e34-9abc-390fa7a802b9,001063,sub-12355080459242074108/sub-12355080459242074108_ses-20221101T164825.nwb,18,21,164,6.333333333333333,13,21.555555555555557,6,693856,100.0,60.0,0
56d14e33-b6a0-42fd-9b0f-afc65b9b2506,001169,sub-J052/sub-J052_ses-RWTautowait2-20230104-132457.nwb,32,118,3087,5.518518518518518,32,48.32373113854595,27,1271109,60.0,25.0,1
56d5cbb2-69ed-420d-8f89-24bbb613e339,000713,sub-553960/sub-553960_ses-20210208T093233_image.nwb,48,115,2402,3.7045454545454546,23,23.889979338842977,44,191385797,280.0,25.0,1
56d769ef-7155-426f-9318-481716ecce8d,001169,sub-S035/sub-S035_ses-RWTautowait2-20220210-154234.nwb,32,117,3004,5.481481481481482,31,46.397805212620035,27,920499,100.0,25.0,1
56d91c5e-bab5-4990-a16d-1260117eaf28,001435,sub-Offenbach/sub-Offenbach_ses-20230209_ecephys.nwb,26,49,692,3.5714285714285716,13,11.959183673469388,21,37329368,420.0,100.0,0
56dcee99-4f92-4731-bfba-c3d6ce978bdd,001634,sub-Bilbo/sub-Bilbo_ses-5_obj-1juac1g_ecephys.nwb,256,79,23510,3.0756302521008405,36,24.08671703975707,119,1747560,60.0,25.0,1
56df68a9-32cc-4682-9735-7cc81526a015,000246,sub-phpV15-03-L3/sub-phpV15-03-L3_obj-iq3chk_ophys.nwb,33,46,581,3.5217391304347827,13,12.162570888468805,23,12760256,25.0,25.0,1
56e1a6e7-67cb-4074-b964-0267f4322571,000020,sub-682365560/sub-682365560_ses-685669963_icephys.nwb,177,654,84144,5.385057471264368,53,44.983914651869455,174,16661532,25820.0,420.0,0
56e3f9d3-7d99-4df8-b3cd-387e8d801c10,000946,sub-BH500/sub-BH500_ses-20230810T135500_ecephys.nwb,28,47,646,4.166666666666667,14,16.027777777777775,18,1787728,80.0,25.0,1
56e61a0c-065f-43ac-b2a9-d2056baf6ca3,001455,sub-790588085/sub-790588085_ses-792687510_icephys.nwb,172,674,95424,5.6923076923076925,58,54.8284023668639,169,54814397,1160.0,25.0,1
56ed30f6-2c20-4d85-a7c0-8084cd0d6bc3,000773,sub-ant3-m1-d17-y2023/sub-ant3-m1-d17-y2023_ses-m1-d17-y2023-ant3-0-03x-ethylpyrazine-40-t202-z155um_ophys.nwb,22,48,624,4.176470588235294,13,14.615916955017303,17,84086336,600.0,160.0,0
56ff05eb-a5c9-4244-aadb-9856e5f95596,000768,sub-1285385365/sub-1285385365_ses-1286123944_icephys.nwb,212,828,157490,5.69377990430622,75,60.88230580801721,209,62349523,19120.0,220.0,0
57048114-c762-4e52-ab66-be61bd268146,001363,sub-BH694/sub-BH694_ses-20250912T232038.nwb,24,37,469,5.0,14,20.0,12,3965592,100.0,25.0,1
570ebaed-82c6-44ae-b5a6-edd74c41a09f,001550,sub-P072/sub-P072_ses-TaskSwitch4-160709c.nwb,35,113,2701,4.741935483870968,39,49.54630593132153,31,1601164,80.0,25.0,1
5725df6a-06fd-4a78-9ef5-bb8c07a6394c,001550,sub-P049/sub-P049_ses-TaskSwitch4-161109a.nwb,35,112,2625,4.709677419354839,38,47.36732570239335,31,881092,60.0,25.0,1
5731ff53-908b-4b6e-aa52-acc7973a58fa,000773,sub-ant3-m1-d10-y2023/sub-ant3-m1-d10-y2023_ses-m1-d10-y2023-ant3-0-48x-4-methyl-3-heptanol-40-t135-z40um_ophys.nwb,22,48,624,4.176470588235294,13,14.615916955017303,17,84086336,660.0,160.0,0
57406805-935d-46b4-8a26-6879c4beeecb,001517,sub-CHO-20250122-c4/sub-CHO-20250122-c4_obj-lwram1_image.nwb,17,38,431,4.153846153846154,13,13.668639053254442,13,36598626,80.0,25.0,1
574290bb-ca7f-4ed8-9794-d320848dd1d9,001465,sub-1388178402/sub-1388178402_ses-1391886142_icephys.nwb,297,1146,311926,5.642857142857143,108,89.04591836734693,294,69014815,1560.0,80.0,0
57470351-de93-427f-9c72-4f3dc582cbb8,001029,sub-mouse-1/sub-mouse-1_ses-20230114T151241_image.nwb,33,48,620,4.2105263157894735,13,13.534626038781164,19,194905088,200.0,25.0,1
574dcf1c-aaaa-46a6-873c-135e9f46630a,000773,sub-ant2-m1-d11-y2023/sub-ant2-m1-d11-y2023_ses-m1-d11-y2023-ant2-0-03x-3-hexanone-40-t155-z30um_ophys.nwb,22,48,624,4.176470588235294,13,14.615916955017303,17,84086336,620.0,160.0,0
575390db-887b-4c4b-b7a2-46eb6c824278,000579,sub-5/sub-5_ses-mouse-5-session-date-2017-07-14-area-PM-L5-multi-plane-imaging_behavior+ophys.nwb,85,193,12100,4.164383561643835,17,15.53462188027773,73,1059090468,7780.0,160.0,0
575922dd-2960-46fe-8628-626ff3de2273,001169,sub-S026/sub-S026_ses-RWTautowait2-20210713-160153.nwb,32,117,3004,5.481481481481482,31,46.397805212620035,27,1078361,80.0,25.0,1
5763c36b-7e31-450b-981c-205e24e2d45e,001634,sub-Frodo/sub-Frodo_ses-3_obj-y37apj_ecephys.nwb,254,72,23975,3.1043478260869564,38,25.849981096408317,115,730912,100.0,25.0,1
5765eaa1-f855-4454-9b93-aafcee6b4f22,001347,sub-mouse/sub-mouse_ses-289_behavior.nwb,17,36,413,4.0,13,13.692307692307692,13,5375088,60.0,25.0,1
57674259-b2ad-4375-bd8b-5691aa5ba8c0,000773,sub-ant5-m1-d11-y2023/sub-ant5-m1-d11-y2023_ses-m1-d11-y2023-ant5-0-03x-4-methyl-3-heptanol-40-t218-z110um_ophys.nwb,22,48,624,4.176470588235294,13,14.615916955017303,17,84086336,620.0,160.0,0
576ac4ae-3da8-46fc-a47f-bb1229cfb9bd,000773,sub-ant1-m1-d20-y2023/sub-ant1-m1-d20-y2023_ses-m1-d20-y2023-ant1-0-48x-ethylpyrazine-40-t126-z110um_ophys.nwb,22,48,624,4.176470588235294,13,14.615916955017303,17,84086336,600.0,160.0,0
576cdf69-2e46-4bf2-9549-63ccafaa4d3a,000773,sub-ant1-m4-d6-y2023/sub-ant1-m4-d6-y2023_ses-m4-d6-y2023-ant1-0-48x-ethanol-40-t144-z110um_ophys.nwb,22,48,624,4.176470588235294,13,14.615916955017303,17,84086336,580.0,140.0,0
5774e7a6-f27a-4a28-aecd-ed1b3bc0656a,000713,sub-554013/sub-554013_ses-None_probe-1086751593_ecephys.nwb,36,62,1087,3.3,14,12.343333333333334,30,4618988664,3640.0,260.0,0
5777465f-99f3-4fb0-93f0-c312a44f5ec5,000628,sub-Fr/sub-Fr_ses-20210307T171926_behavior.nwb,2708,8086,64786898,4.000370644922165,2683,2661.2272051999084,2698,86383607,1360.0,100.0,0
5777fe66-499e-4aa3-ac8a-8b5875e7c427,001169,sub-G021/sub-G021_ses-RWTautowait2-20201015-103337.nwb,32,117,3004,5.481481481481482,31,46.397805212620035,27,977965,60.0,25.0,1
57784184-36ee-44ae-ac81-7ae6fd9bff48,001169,sub-S055/sub-S055_ses-RWTautowait2-20230525-125042.nwb,32,118,3087,5.518518518518518,32,48.32373113854595,27,1164544,80.0,25.0,1
577b447d-0bff-49b6-9a11-df5677d7aa74,000713,sub-555304/sub-555304_ses-None_probe-1090923207_ecephys.nwb,36,62,1087,3.3,14,12.343333333333334,30,4649922952,3320.0,240.0,0
57869d3e-9f47-4609-b039-3b8fb09a1c9f,000246,sub-PHP-V14-H11/sub-PHP-V14-H11_obj-1muk63i_ophys.nwb,31,41,560,3.8421052631578947,13,14.027700831024932,19,8564888,25.0,25.0,1
57882081-2d86-4100-bbb1-e5702086b4bd,000773,sub-ant2-m1-d11-y2023/sub-ant2-m1-d11-y2023_ses-m1-d11-y2023-ant2-0-03x-propionic-acid-40-t165-z120um_ophys.nwb,22,48,624,4.176470588235294,13,14.615916955017303,17,84086336,620.0,160.0,0
5798375f-5eb9-4ff4-a896-c6c51f04e4da,000467,sub-ant2-m2-d10-y2023/sub-ant2-m2-d10-y2023_ses-m2-d10-y2023-ant2-1x-paraffin-oil-40-t126-z135um_ophys.nwb,22,48,624,4.176470588235294,13,14.615916955017303,17,84086336,660.0,160.0,0
57a607d5-e7e5-434b-8ed1-172b6c8b9153,000020,sub-825548771/sub-825548771_ses-831201718_icephys.nwb,271,1182,317163,6.257462686567164,112,124.5717726665182,268,53975047,56780.0,340.0,0
57a9ff67-3153-4302-9a1b-6b5c7c4b0c6b,001836,sub-julio/sub-julio_ses-julio-20230804_obj-i5yrb4_behavior.nwb,108,76,1751,2.6,65,49.06105263157894,95,90853240,120.0,25.0,1
57b103fd-cd00-4e8c-8830-a74efc11795a,001550,sub-P049/sub-P049_ses-TaskSwitch4-170821a.nwb,35,112,2625,4.709677419354839,38,47.36732570239335,31,1278176,40.0,25.0,1
57b724ef-8358-4250-83d2-89b40f47e502,000773,sub-ant4-m1-d11-y2023/sub-ant4-m1-d11-y2023_ses-m1-d11-y2023-ant4-0-03x-propionic-acid-40-t194-z135um_ophys.nwb,22,48,624,4.176470588235294,13,14.615916955017303,17,84086336,600.0,160.0,0
57d19fbc-eea9-4272-bd3a-dd7ea406fd9e,000711,sub-547486/sub-547486_ses-20210107T095556_image.nwb,50,156,5473,4.478260869565218,24,34.72778827977316,46,196214194,260.0,25.0,1
57d93dda-ebb8-4f66-b675-eee839ef5a87,001169,sub-M011/sub-M011_ses-RWTautowait-20191014-151956.nwb,32,115,2844,5.407407407407407,29,42.7599451303155,27,1525296,1520.0,160.0,0
57daedaa-48f0-4f51-83ec-c33272e70403,000467,sub-ant1-m4-d21-y2022/sub-ant1-m4-d21-y2022_ses-m4-d21-y2022-ant1-0-48x-4-methyl-3-hexanol-40-t151-z145um_ophys.nwb,22,48,624,4.176470588235294,13,14.615916955017303,17,84086336,640.0,160.0,0
57dc3f29-d6d6-4dbd-bb31-bca7865d335d,000773,sub-ant6-m1-d10-y2023/sub-ant6-m1-d10-y2023_ses-m1-d10-y2023-ant6-0-48x-ethylpyrazine-40-t214-z105um_ophys.nwb,22,48,624,4.176470588235294,13,14.615916955017303,17,84086336,620.0,160.0,0
57dc9d65-4300-45be-925b-beefb88dd645,000020,sub-881374661/sub-881374661_ses-886993110_icephys.nwb,246,1041,248122,6.0699588477366255,94,82.65765719995257,243,63454556,46920.0,340.0,0
57ddc300-efe1-4a15-b98c-c6714593a43a,001710,sub-Ctrl-6/sub-Ctrl-6_ses-ymaze-day5-scan0-novel-arm1_behavior+ophys.nwb,62,111,4797,3.087719298245614,14,9.097568482610034,57,564529840,600.0,25.0,1
57e3247f-d64c-420d-8695-75c6ae818340,001475,sub-HSB-w18-11/sub-HSB-w18-11_ses-20250407_cell-au12_obj-1ajk74c_icephys.nwb,54,138,4015,4.44,15,8.8864,50,5097176,600.0,80.0,0
57e359ff-c010-4fcd-ba10-9e870139ccec,001169,sub-M038/sub-M038_ses-RWTautowait2-20210817-134131.nwb,32,116,2974,5.444444444444445,31,46.46913580246915,27,1203755,60.0,25.0,1
57e546ee-1110-4b72-8007-b35354987676,001169,sub-G033/sub-G033_ses-RWTautowait2-20210610-101413.nwb,32,117,3004,5.481481481481482,31,46.397805212620035,27,818297,100.0,25.0,1
57ea392b-31e6-4b4e-bfdf-1a285f81e833,000773,sub-ant4-m4-d6-y2023/sub-ant4-m4-d6-y2023_ses-m4-d6-y2023-ant4-1x-paraffin-oil-40-t149-z100um_ophys.nwb,22,48,624,4.176470588235294,13,14.615916955017303,17,84086336,580.0,140.0,0
57eb8883-b37b-4b24-9b36-3658304c6d64,001169,sub-M020/sub-M020_ses-RWTautowait2-20201015-155643.nwb,32,117,3004,5.481481481481482,31,46.397805212620035,27,1259552,60.0,25.0,1
57f9b989-7673-44a9-854d-63123e7bbc20,000711,sub-523922/sub-523922_ses-20200909T105338_obj-1yt5wy4_image+ophys.nwb,75,225,9298,4.428571428571429,24,26.73061224489796,70,247986049,740.0,25.0,1
57fd4efc-20bf-460d-acbc-ffc423b81095,000773,sub-ant1-m1-d17-y2023/sub-ant1-m1-d17-y2023_ses-m1-d17-y2023-ant1-0-03x-ethanol-40-t132-z110um_ophys.nwb,22,48,624,4.176470588235294,13,14.615916955017303,17,84086336,600.0,160.0,0
57fdf4f4-d3c5-4d07-af2e-e1e27dea2586,001414,sub-Ca3/sub-Ca3_ses-20250107-3-bPAC-KX-LED1s_ophys.nwb,27,45,590,4.294117647058823,13,16.913494809688583,17,668984510,280.0,25.0,1
57fe732c-a4b3-4ad4-a484-bc52144adb1d,001550,sub-P124/sub-P124_ses-TaskSwitch4-171208a.nwb,35,112,2625,4.709677419354839,38,47.36732570239335,31,1095801,80.0,25.0,1
58008d83-8e27-4971-ab6e-e6f65fe2278b,001632,sub-FC-135sD-M7/sub-FC-135sD-M7_ses-day02.nwb,32,76,1058,3.689655172413793,13,9.800237812128419,29,1085118,25.0,25.0,1
580c1c75-5637-48e6-a6d4-b489d82d58e2,000713,sub-541234/sub-541234_ses-20201021T131234_image.nwb,48,115,2402,3.7045454545454546,23,23.889979338842977,44,188063907,280.0,25.0,1
580fbb6d-8bd5-4fc8-b292-e95fc1870644,001474,sub-MPK174/sub-MPK174_ses-20240810T120000.nwb,21,45,466,3.823529411764706,13,11.321799307958477,17,11203360,80.0,25.0,1
580ff693-fe5a-4967-a0e5-d07e5491357b,000363,sub-484672/sub-484672_ses-20210324T143423_behavior+ecephys+ogen.nwb,52,152,3600,4.75,38,41.59659090909091,44,262549914,102380.0,300.0,0
581bc318-0af3-4da9-b4a7-d1b861c31034,001611,sub-26303/sub-26303_ses-20250327T113428_ecephys.nwb,25,52,649,4.105263157894737,13,13.988919667590027,19,14221784,60.0,25.0,1
5829a62b-5eb5-4fd3-8e6a-277606b2713b,000728,sub-568773335/sub-568773335_ses-590047029-StimA_behavior+image+ophys.nwb,47,84,1733,3.5121951219512195,13,7.61570493753718,41,268698521,340.0,25.0,1
582a9cea-4551-41e4-9ee0-d2fff6d882cf,000483,sub-SKKS089/sub-SKKS089_ses-20210216T121508_behavior+ophys.nwb,33,58,718,3.357142857142857,13,9.443877551020407,28,7009923604,4380.0,25.0,1
582b2078-af4a-41ab-9409-0133f39008f8,000467,sub-ant5-m10-d11-y2022/sub-ant5-m10-d11-y2022_ses-m10-d11-y2022-ant5-0-48x-ethylpyrazine-40-t208-z5um_ophys.nwb,22,48,624,4.176470588235294,13,14.615916955017303,17,84086336,680.0,160.0,0
582d55b0-c068-4f21-9b8f-d90873944bd8,000628,sub-Pa/sub-Pa_ses-20210209T183455.nwb,26,39,494,4.266666666666667,13,17.662222222222226,15,4753057,240.0,100.0,0
58310416-4ac3-42fb-a78a-87f0b6ce14b7,000399,sub-37/sub-37_ses-20211007_obj-o174ue_ecephys.nwb,27,47,681,4.352941176470588,13,17.75778546712803,17,898568,100.0,25.0,1
5832422d-2488-45f6-8d5a-7b17f8392518,000688,sub-C/sub-C_ses-CO-20150714_behavior+ecephys.nwb,31,69,793,3.8461538461538463,13,14.053254437869821,26,78581724,3440.0,800.0,0
58434e48-9e66-456b-a3a2-09d6cd5b1fbd,000773,sub-ant4-m1-d18-y2023/sub-ant4-m1-d18-y2023_ses-m1-d18-y2023-ant4-0-48x-4-methyl-3-heptanone-40-t147-z45um_ophys.nwb,22,48,624,4.176470588235294,13,14.615916955017303,17,84086336,600.0,160.0,0
5846ab87-f1dc-4471-8686-320c41f1249f,000728,sub-602213820/sub-602213820_ses-613974486-StimC2_ophys.nwb,23,48,605,4.055555555555555,13,13.163580246913579,18,38952928755,13680.0,25.0,1
584aa7ca-269c-47f9-bd48-94bdd061f0f8,001455,sub-603513301/sub-603513301_ses-603902826_icephys.nwb,191,680,96326,5.23936170212766,57,50.15015278406519,188,20349657,660.0,25.0,1
584ceab1-0c0d-4c6f-bd17-bb7bef71e2da,001359,sub-1306905154/sub-1306905154_ses-1309218144_icephys.nwb,187,724,117616,5.668478260869565,66,55.27596290170131,184,43070454,640.0,25.0,1
5854cdbb-4160-4ec8-9ac8-661aa4bce12b,001847,sub-RD032/sub-RD032_ses-RD032-20231118-154238_behavior.nwb,32,119,3077,5.357142857142857,34,47.301020408163254,28,554272,25.0,25.0,1
58586982-a398-4318-8916-946c40c1bc87,001836,sub-julio/sub-julio_ses-julio-20230803_obj-joabs3_behavior.nwb,108,76,1751,2.6,65,49.06105263157894,95,36329152,100.0,25.0,1
5858b2f1-a18c-441b-9a52-e4edac785aab,001357,sub-Z11111/sub-Z11111_ses-20210528SL_ecephys.nwb,24,62,687,4.777777777777778,13,18.839506172839506,18,1774648,1100.0,180.0,0
5858ed0d-4dcf-48cc-9d07-2d30a18c7523,001337,sub-241016-Fish88-GCaMP-HB-6dpf-FlowExperiment-warner-temp-stim-Z-15-0/sub-241016-Fish88-GCaMP-HB-6dpf-FlowExperiment-warner-temp-stim-Z-15-0_ses-20241206T123645_ophys.nwb,34,56,809,3.064516129032258,13,8.4474505723205,31,109390299,220.0,25.0,1
585dc9d4-be9c-4244-8fa7-e64309019afc,000363,sub-455219/sub-455219_ses-20190807T134913_behavior+ecephys+ogen.nwb,53,159,3891,4.822222222222222,43,48.72395061728395,45,304820059,71460.0,400.0,0
585f1267-6ff0-4b15-b14c-c6e219ee9839,000239,sub-MX200101/sub-MX200101_ses-20200928T133528.nwb,18,63,1228,6.153846153846154,29,58.13017751479289,13,428272,100.0,60.0,0
586359fe-e1dc-4e0e-b7c9-3b7c4f064597,001550,sub-P101/sub-P101_ses-TaskSwitch4-170831a.nwb,35,112,2625,4.709677419354839,38,47.36732570239335,31,1244617,60.0,25.0,1
586b87f9-3943-4224-8b9c-440faffeefce,001550,sub-P007/sub-P007_ses-TaskSwitch2-150829a.nwb,33,109,2496,4.862068965517241,37,47.49821640903686,29,1740408,100.0,25.0,1
586bc938-de1c-4630-96a9-ccb95d90ac6e,000773,sub-ant1-m1-d20-y2023/sub-ant1-m1-d20-y2023_ses-m1-d20-y2023-ant1-0-48x-3-hexanone-40-t138-z5um_ophys.nwb,22,48,624,4.176470588235294,13,14.615916955017303,17,84086336,600.0,140.0,0
5875177b-46aa-4161-a0c5-1eea3a8eb963,000467,sub-ant2-m4-d20-y2022/sub-ant2-m4-d20-y2022_ses-m4-d20-y2022-ant2-0-12x-6-methyl-5-hepten-2-one-40-t145-z50um_ophys.nwb,22,48,624,4.176470588235294,13,14.615916955017303,17,84086336,660.0,160.0,0
58776073-4a3d-4f93-b629-f7ad5410e2b9,000773,sub-ant2-m1-d17-y2023/sub-ant2-m1-d17-y2023_ses-m1-d17-y2023-ant2-0-03x-ethylpyrazine-40-t160-z20um_ophys.nwb,22,48,624,4.176470588235294,13,14.615916955017303,17,84086336,620.0,160.0,0
587ad15b-4fcb-4a58-8ff0-299646390cc7,001607,sub-Frodo/sub-Frodo_ses-5_obj-11cc170_behavior+ecephys.nwb,259,74,23259,2.9836065573770494,36,23.13087879602257,122,3017040,80.0,25.0,1
587ccf86-9a82-4b81-a2b2-544cf0bb520e,001201,sub-Monkey-N/sub-Monkey-N_ses-20210305_ecephys.nwb,31,71,972,4.16,13,14.454399999999998,25,45594866,580.0,220.0,0
588a3e1d-b1ec-478e-b2a4-9851ff932ccf,000341,Human_persistent_RAF/sub-160909/sub-160909_ses-1609093rm-7-1-4_icephys.nwb,5730,25730,220001162,6.4922270742358075,2854,2835.8719483152486,5725,1779239832,363540.0,180.0,0
588d72d0-394a-4203-a5a5-f9de149dae2e,001702,sub-5XFAD--Veh-H-Fig5/sub-5XFAD--Veh-H-Fig5_obj-ayalpa.nwb,16,37,446,4.7272727272727275,13,15.47107438016529,11,185480,25.0,25.0,1
588f57da-b20c-43bf-8258-1624c2f6c8eb,001361,sub-m14/sub-m14_ses-14_behavior+ophys.nwb,46,80,1970,3.119047619047619,13,8.200113378684808,42,370050636,1000.0,60.0,0
5890eeb3-2aa7-4ccd-87e6-aad72fc85812,000959,sub-L/sub-L_ses-20190809_obj-1y166q9_behavior.nwb,43,303,33818,8.846153846153847,18,33.925049309664686,39,17568368,300.0,60.0,0
58932483-2937-4ac6-96b4-33f151a0dbf0,001169,sub-G098/sub-G098_ses-RWTautowait2-20230531-145155.nwb,32,118,3087,5.518518518518518,32,48.32373113854595,27,1042073,80.0,25.0,1
58961709-fa4b-4167-ac47-e8427bde92a6,001550,sub-P095/sub-P095_ses-TaskSwitch4-171005a.nwb,35,112,2625,4.709677419354839,38,47.36732570239335,31,1859367,140.0,25.0,1
589728fd-2709-4a3d-8ffd-f2d7f145e63b,000020,sub-836125567/sub-836125567_ses-839580904_icephys.nwb,235,994,218554,6.056034482758621,88,79.98392910225922,232,61749179,45160.0,340.0,0
58991602-a5b3-4ad1-af90-723623870ceb,001169,sub-G027/sub-G027_ses-RWTautowait2-20210107-100131.nwb,32,117,3004,5.481481481481482,31,46.397805212620035,27,1092517,100.0,25.0,1
58996706-db5c-49ce-a1ff-be7b6eb32ddc,000773,sub-ant4-m1-d20-y2023/sub-ant4-m1-d20-y2023_ses-m1-d20-y2023-ant4-0-48x-ethylpyrazine-40-t189-z40um_ophys.nwb,22,48,624,4.176470588235294,13,14.615916955017303,17,84086336,580.0,140.0,0
589c720e-ce3c-4d59-8a09-63ef267b8540,001169,sub-M056/sub-M056_ses-RWTautowait2-20230714-130814.nwb,32,117,3057,5.481481481481482,32,48.397805212620035,27,987476,25.0,25.0,1
58a2a60d-5c1c-42ca-9392-d1b800dc4725,001169,sub-G094/sub-G094_ses-RWTautowait2-20230530-143855.nwb,32,118,3087,5.518518518518518,32,48.32373113854595,27,1087903,60.0,25.0,1
58a981bf-5bba-4df8-9e39-bc624af63b2b,000773,sub-ant5-m4-d6-y2023/sub-ant5-m4-d6-y2023_ses-m4-d6-y2023-ant5-0-48x-ethanol-40-t179-z95um_ophys.nwb,22,48,624,4.176470588235294,13,14.615916955017303,17,84086336,580.0,140.0,0
58b17c37-5598-4581-b249-08ea78825b28,000766,sub-PC12-cell/sub-PC12-cell_ses-20210302T153000_obj-ebvyag.nwb,17,35,401,3.923076923076923,13,13.609467455621298,13,183224,80.0,25.0,1
58b1b7f3-6d25-40f8-847d-53ca20371b72,000773,sub-ant4-m1-d20-y2023/sub-ant4-m1-d20-y2023_ses-m1-d20-y2023-ant4-0-48x-4-methyl-3-heptanone-40-t193-z20um_ophys.nwb,22,48,624,4.176470588235294,13,14.615916955017303,17,84086336,600.0,160.0,0
58b290a3-17c1-4a86-9d2e-7b1ecf7b37f6,000711,sub-570949/sub-570949_ses-20210622T090603_obj-pqnjn1_image+ophys.nwb,78,229,9548,4.342465753424658,24,25.896415837868265,73,253532481,540.0,40.0,0
58b7dd7a-8a56-4d27-9818-b59c6fb37b5d,000773,sub-ant1-m4-d6-y2023/sub-ant1-m4-d6-y2023_ses-m4-d6-y2023-ant1-0-48x-3-hexanone-40-t127-z10um_ophys.nwb,22,48,624,4.176470588235294,13,14.615916955017303,17,84086336,600.0,140.0,0
58bf146c-faba-40b2-8094-1c7411fc863d,000713,sub-541234/sub-541234_ses-20201102T123303_image.nwb,48,114,2391,3.6818181818181817,23,23.762396694214885,44,188114478,300.0,25.0,1
58c5cd1f-5a83-4d4f-8e6d-84a3463977b1,000711,sub-523922/sub-523922_ses-20200615T091330_image.nwb,48,119,2682,3.7954545454545454,26,27.571797520661153,44,66771840,140.0,25.0,1
58c60fb0-8747-4657-9e5f-4885b2b02c9e,001169,sub-G100/sub-G100_ses-RWTautowait2-20230317-150616.nwb,32,118,3087,5.518518518518518,32,48.32373113854595,27,1613823,80.0,25.0,1
58ce5fba-7caf-45e8-8c6d-540cff32900c,001169,sub-J072/sub-J072_ses-RWTautowait2-20230314-150019.nwb,32,118,3087,5.518518518518518,32,48.32373113854595,27,1212717,25.0,25.0,1
58d85f13-4e32-4774-943a-061f95537b49,000773,sub-ant4-m1-d10-y2023/sub-ant4-m1-d10-y2023_ses-m1-d10-y2023-ant4-0-48x-4-methyl-3-heptanol-40-t154-z35um_ophys.nwb,22,48,624,4.176470588235294,13,14.615916955017303,17,84086336,640.0,160.0,0
58da58b3-3a6b-42c4-abca-d9d44b9d0a48,001281,sub-160304/sub-160304_ses-1603041oa-5-2-1_icephys.nwb,84,323,27356,5.936708860759493,31,21.27447524435186,79,28826640,8280.0,160.0,0
58dbb8bf-53ee-4313-b41e-89c5a1833877,001205,sub-3241565784227414232/sub-3241565784227414232_ses-20240424T174930_ophys.nwb,27,41,539,4.0588235294117645,13,14.878892733564015,17,293045715,140.0,25.0,1
58e1b642-eaaa-41a2-b0a7-63f0012214aa,000773,sub-ant4-m1-d10-y2023/sub-ant4-m1-d10-y2023_ses-m1-d10-y2023-ant4-0-48x-ethylpyrazine-40-t160-z20um_ophys.nwb,22,48,624,4.176470588235294,13,14.615916955017303,17,84086336,640.0,160.0,0
58e804eb-a6bd-4744-bb53-bc2e5372dd01,001550,sub-P130/sub-P130_ses-TaskSwitch4-180803a.nwb,35,112,2625,4.709677419354839,38,47.36732570239335,31,1278199,40.0,25.0,1
58eceee6-d746-47f0-a98d-a56a328ff9de,000766,sub-Calcacre/sub-Calcacre_ses-20210511T153000_obj-ctf7x5.nwb,17,35,401,3.923076923076923,13,13.609467455621298,13,194824,80.0,25.0,1
58f13683-6266-4da8-b241-8b9a8cc1ef4a,001636,sub-Venus/sub-Venus_ses-Venus++v3504++PreMPTP++Depth23420um++19990719_behavior+ecephys.nwb,60,186,6636,5.297872340425532,19,28.294250792213678,47,12942661,920.0,120.0,0
58f17fbb-3bc6-4ce1-95d5-b3db30fba2b1,001836,sub-julio/sub-julio_ses-julio-20230806_obj-1h4gep_behavior.nwb,108,76,1751,2.6,65,49.06105263157894,95,47219224,60.0,25.0,1
58f262f3-ee8d-4c9d-b1e2-1a87e08d13e6,000467,sub-ant2-m4-d20-y2022/sub-ant2-m4-d20-y2022_ses-m4-d20-y2022-ant2-1x-paraffin-oil-40-t127-z40um_ophys.nwb,22,48,624,4.176470588235294,13,14.615916955017303,17,84086336,660.0,160.0,0
58f5b00e-3f8f-4981-8085-8e89f5f6c1aa,000728,sub-666839638/sub-666839638_ses-688678798-StimC2_ophys.nwb,23,48,605,4.055555555555555,13,13.163580246913579,18,46188827629,17320.0,25.0,1
58f5cc94-4d75-4c9f-9f7a-be643376e978,000939,sub-A9701/sub-A9701_ses-210805_behavior+ecephys+ogen.nwb,41,92,1299,3.7777777777777777,13,13.172839506172838,36,23072413263,3440.0,25.0,1
58f7c033-464f-438f-9368-cbcdfab9f6e8,001550,sub-P049/sub-P049_ses-TaskSwitch4-170925a.nwb,35,112,2625,4.709677419354839,38,47.36732570239335,31,1329748,80.0,25.0,1
58fcf54c-730e-42ab-8a7c-d35bf46460e7,001169,sub-S059/sub-S059_ses-RWTautowait2-20230320-150813.nwb,32,118,3087,5.518518518518518,32,48.32373113854595,27,1162714,60.0,25.0,1
58fd71e0-2e7c-4b44-87c5-c182a321d435,001169,sub-G006/sub-G006_ses-RWTautowait2-20200211-121215.nwb,32,115,2844,5.407407407407407,29,42.7599451303155,27,1127068,1400.0,160.0,0
58fe2884-cc80-4246-98fb-f675da220656,000467,sub-ant3-m10-d11-y2022/sub-ant3-m10-d11-y2022_ses-m10-d11-y2022-ant3-0-48x-ethanol-40-t175-z10um_ophys.nwb,22,48,624,4.176470588235294,13,14.615916955017303,17,84086336,660.0,160.0,0
59017f9d-4606-49c3-a144-77d51fbaa906,001634,sub-Frodo/sub-Frodo_ses-5_obj-140k7gh_ecephys.nwb,253,67,23200,3.0258620689655173,36,24.266572532699158,116,38876034,80.0,25.0,1
59055471-b26e-4166-9ec4-a8729d2acbd5,000711,sub-484408/sub-484408_ses-20191106T090204_obj-132yyj4_image+ophys.nwb,78,229,9548,4.342465753424658,24,25.896415837868265,73,397656017,520.0,25.0,1
59057530-165c-485b-ae14-1609c09d4041,000617,sub-683238/sub-683238_ses-1292201855-acq-1292348944-raw-movies_ophys.nwb,60,167,5466,4.277777777777778,17,22.12654320987654,54,21151382021,8160.0,25.0,1
59072cde-40e8-4f72-961c-4404989194b7,001612,sub-480483/sub-480483_ses-3_ophys.nwb,49,99,3510,4.05,13,9.8475,40,1248731328,580.0,25.0,1
59348d27-9a2a-435a-9525-ed9c7caaf0b0,001767,sub-WT61/sub-WT61_ses-20211008_behavior.nwb,71,123,4617,3.5090909090909093,20,13.049917355371903,55,5166608,140.0,25.0,1
593513b2-0e6a-46b3-b1a8-36f02946a718,001455,sub-650040503/sub-650040503_ses-651055407_icephys.nwb,80,276,13438,5.142857142857143,36,25.680890538033392,77,13085711,520.0,25.0,1
59372cdf-489d-4eb1-b1f0-9ebc621c6648,000336,sub-698808/sub-698808_ses-1315607900-acq-1315851725-raw-movies_image+ophys.nwb,89,449,49996,6.488095238095238,30,46.368905895691604,84,23802888123,1840.0,25.0,1
59394eeb-29a8-4beb-9464-ff243b355f2f,000773,sub-ant4-m1-d11-y2023/sub-ant4-m1-d11-y2023_ses-m1-d11-y2023-ant4-0-03x-ethanol-40-t198-z115um_ophys.nwb,22,48,624,4.176470588235294,13,14.615916955017303,17,84086336,600.0,160.0,0
594089dd-6b4b-4114-87bb-51ca082abfb1,000467,sub-ant2-m4-d21-y2022/sub-ant2-m4-d21-y2022_ses-m4-d21-y2022-ant2-0-12x-4-methyl-3-hexanol-40-t167-z75um_ophys.nwb,22,48,624,4.176470588235294,13,14.615916955017303,17,84086336,660.0,160.0,0
5942be4f-e408-4dab-adf6-2a34f92fa539,001169,sub-G067/sub-G067_ses-RWTautowait2-20220720-151730.nwb,32,117,3004,5.481481481481482,31,46.397805212620035,27,1243978,80.0,25.0,1
5942d857-e338-4cfb-84c4-67422d6587cb,000711,sub-550603/sub-550603_ses-20210315T111146_obj-l73f9v_image+ophys.nwb,78,229,9548,4.342465753424658,24,25.896415837868265,73,240866079,560.0,25.0,1
594389a4-3cf7-436e-b15d-fe60feb88c3a,001169,sub-L025/sub-L025_ses-RWTautowait2-20230615-112339.nwb,32,118,3087,5.518518518518518,32,48.32373113854595,27,1289129,80.0,25.0,1
5944d693-907d-44c8-8f49-e9b9daad55fa,000114,sub-V116/sub-V116_ses-03102018_ecephys.nwb,27,53,621,3.4782608695652173,13,10.945179584120982,23,11460129646,10460.0,80.0,0
59544b85-7ba0-443f-b774-493dbf4e8b43,001836,sub-julio/sub-julio_ses-julio-20230804_obj-1qyvwfc_behavior.nwb,108,76,1751,2.6,65,49.06105263157894,95,3965040,80.0,25.0,1
5956e973-1c2a-4d4c-bdd6-ac25deee6639,001169,sub-J067/sub-J067_ses-RWTautowait2-20230713-131731.nwb,32,118,3087,5.518518518518518,32,48.32373113854595,27,1173374,40.0,25.0,1
59582656-f620-4c79-a3d9-7bc39ca352b0,000728,sub-501800347/sub-501800347_ses-508605827-StimB_behavior+image+ophys.nwb,45,198,32988,6.435897435897436,118,335.68178829717294,39,288663212,1000.0,25.0,1
59589ddc-3f18-4285-8e1d-86eaede3afee,000932,sub-Rat3/sub-Rat3_ses-20220609T145554_ecephys.nwb,31,52,761,3.4615384615384617,13,13.556213017751478,26,603368675,460.0,25.0,1
595af254-690e-4615-b738-8c7e0ad8f367,000773,sub-ant1-m1-d20-y2023/sub-ant1-m1-d20-y2023_ses-m1-d20-y2023-ant1-0-48x-ethanol-40-t137-z25um_ophys.nwb,22,48,624,4.176470588235294,13,14.615916955017303,17,84086336,600.0,160.0,0
595b320d-dbed-43f7-83a5-81c660be9733,001169,sub-G024/sub-G024_ses-RWTautowait2-20201124-163837.nwb,32,117,3004,5.481481481481482,31,46.397805212620035,27,1301399,60.0,25.0,1
595ef0c7-36ec-45bc-b236-6df0cbc46b2d,000467,sub-ant2-m4-d21-y2022/sub-ant2-m4-d21-y2022_ses-m4-d21-y2022-ant2-0-48x-4-methyl-3-heptanone-40-t126-z120um_ophys.nwb,22,48,624,4.176470588235294,13,14.615916955017303,17,84086336,640.0,160.0,0
595fb712-9a2b-4113-ac11-f16fd496f44a,001552,sub-JF-VR-FP-F2/sub-JF-VR-FP-F2_ses-Day1.nwb,20,42,448,3.8125,13,11.40234375,16,839868,700.0,160.0,0
5962f354-2d8c-460f-90c5-cc1db8add74e,000020,sub-640279025/sub-640279025_ses-642442471_icephys.nwb,98,362,22100,5.368421052631579,36,27.60110803324099,95,13988597,19920.0,440.0,0
596c6ee8-3ce1-4611-bc65-57591a5356b6,000711,sub-523927/sub-523927_ses-20200901T123932_image.nwb,50,156,5473,4.478260869565218,24,34.72778827977316,46,196156590,340.0,25.0,1
596f1162-31a8-44a7-a9a9-690c9bdd8463,000773,sub-ant4-m1-d10-y2023/sub-ant4-m1-d10-y2023_ses-m1-d10-y2023-ant4-0-48x-3-hexanone-40-t163-z75um_ophys.nwb,22,48,624,4.176470588235294,13,14.615916955017303,17,84086336,640.0,160.0,0
5970e011-6c6d-405e-adf8-a01531497802,001169,sub-L019/sub-L019_ses-RWTautowait2-20230426-112620.nwb,32,118,3087,5.518518518518518,32,48.32373113854595,27,761969,60.0,25.0,1
5975bdde-80d6-405c-a31a-a4b9170c458d,000467,sub-ant1-m4-d21-y2022/sub-ant1-m4-d21-y2022_ses-m4-d21-y2022-ant1-0-48x-4-methyl-3-heptanone-40-t153-z80um_ophys.nwb,22,48,624,4.176470588235294,13,14.615916955017303,17,84086336,660.0,160.0,0
598062b9-4120-4c35-b303-80d7c0a4bddd,000020,sub-918438574/sub-918438574_ses-922596935_icephys.nwb,169,697,98317,5.9156626506024095,58,51.257947452460456,166,27727542,29320.0,340.0,0
5980f27d-bbe7-49a0-9f8a-2a1d81aff38c,001033,sub-10-2/sub-10-2_ses-20kHz-sine-stimulation-11V_obj-1vc34o7_image.nwb,17,38,431,4.153846153846154,13,13.668639053254442,13,700607,60.0,25.0,1
598507b3-ffde-47cd-b5f9-7e042ec9435e,000711,sub-486737/sub-486737_ses-20191204T111144_image.nwb,48,116,2469,3.727272727272727,23,24.743801652892568,44,188644997,360.0,25.0,1
59868597-13a1-4162-9d94-18a0abd813b5,001550,sub-P135/sub-P135_ses-TaskSwitch4-190402a.nwb,35,112,2625,4.709677419354839,38,47.36732570239335,31,1396350,80.0,25.0,1
5989e8d7-dafb-4e4a-86a5-4143c82c721b,000467,sub-ant2-m10-d11-y2022/sub-ant2-m10-d11-y2022_ses-m10-d11-y2022-ant2-0-48x-ethylpyrazine-40-t149-z160um_ophys.nwb,22,48,624,4.176470588235294,13,14.615916955017303,17,84086336,660.0,160.0,0
598e3c64-c452-48a2-a64e-2d8796d5e702,000408,sub-RuOx/sub-RuOx_obj-1f6arkf_ecephys.nwb,22,45,579,3.9411764705882355,13,12.643598615916957,17,195212,540.0,200.0,0
5990b098-acc2-407e-a107-331506c62bc4,001552,sub-JF-VR-FP-M6/sub-JF-VR-FP-M6_ses-Day6.nwb,20,42,448,3.8125,13,11.40234375,16,800734,60.0,25.0,1
59934d72-ce8f-4d78-b6ce-a1d6225bd79d,001515,sub-CHO-20230926-c10/sub-CHO-20230926-c10_obj-1hixpkj_image.nwb,17,38,431,4.153846153846154,13,13.668639053254442,13,25594279,80.0,25.0,1
5994e04b-b80c-4e42-bb09-bb83e111af65,000341,Persistent_RAF_ZD7288/sub-20201210/sub-20201210_ses-2012103tm-2-1-1_icephys.nwb,2938,13166,57435566,6.484827821343335,1458,1439.9879218677295,2933,964812912,7700.0,25.0,1
599854b3-71ea-4108-bebd-3560fe94ab1c,000467,sub-ant3-m4-d27-y2022/sub-ant3-m4-d27-y2022_ses-m4-d27-y2022-ant3-0-0075x-4-methyl-3-hexanol-40-t132-z70um_ophys.nwb,22,48,624,4.176470588235294,13,14.615916955017303,17,84086336,460.0,120.0,0
599c3cc1-a3a2-4533-976a-5f03a42185bf,000467,sub-ant5-m10-d11-y2022/sub-ant5-m10-d11-y2022_ses-m10-d11-y2022-ant5-0-48x-propionic-acid-40-t209-z105um_ophys.nwb,22,48,624,4.176470588235294,13,14.615916955017303,17,84086336,660.0,160.0,0
599f9357-a5af-42a4-b8c6-dd56020acc90,001169,sub-G051/sub-G051_ses-RWTautowait2-20220413-152420.nwb,32,117,3004,5.481481481481482,31,46.397805212620035,27,1237519,80.0,25.0,1
59a25e99-947e-4e44-9841-2321ad1a5755,000773,sub-ant4-m4-d6-y2023/sub-ant4-m4-d6-y2023_ses-m4-d6-y2023-ant4-0-48x-4-methyl-3-heptanone-40-t167-z160um_ophys.nwb,22,48,624,4.176470588235294,13,14.615916955017303,17,84086336,580.0,140.0,0
59a39e92-ed71-487a-962f-bc25421328df,000971,sub-440-424/sub-440-424_ses-Opto-DLS-Excitatory-ChR2-2020-11-16T13-45-20_ogen.nwb,30,56,729,3.3461538461538463,14,13.84171597633136,26,248768,60.0,25.0,1
59a50231-f725-4176-9376-942c85c81fb2,001538,sub-Subject20160609LIDONeGFP/sub-Subject20160609LIDONeGFP_ses-iSPN++OnState++none++WT++20160609_icephys+ophys.nwb,96,283,16320,4.433333333333334,48,34.645555555555546,90,8106970,200.0,25.0,1
59a65eb4-e348-45c3-b963-c15507e8c51b,000773,sub-ant2-m1-d20-y2023/sub-ant2-m1-d20-y2023_ses-m1-d20-y2023-ant2-0-48x-propionic-acid-40-t155-z155um_ophys.nwb,22,48,624,4.176470588235294,13,14.615916955017303,17,84086336,600.0,140.0,0
59acdcd2-04c6-43e2-b5d3-5e5ad320d871,001550,sub-P059/sub-P059_ses-TaskSwitch4-160818a.nwb,35,112,2625,4.709677419354839,38,47.36732570239335,31,1191287,25.0,25.0,1
59adc048-a4d2-4aad-9977-b176fdf37c0b,001550,sub-P120/sub-P120_ses-TaskSwitch4-181028a.nwb,35,112,2625,4.709677419354839,38,47.36732570239335,31,1561131,60.0,25.0,1
59aebd83-b949-4cc5-8a19-e6a17c193b14,000773,sub-ant5-m4-d6-y2023/sub-ant5-m4-d6-y2023_ses-m4-d6-y2023-ant5-0-48x-isopropanol-40-t189-z115um_ophys.nwb,22,48,624,4.176470588235294,13,14.615916955017303,17,84086336,580.0,140.0,0
59b0cddb-7793-49ad-a767-4cf7637201a2,000773,sub-ant5-m1-d11-y2023/sub-ant5-m1-d11-y2023_ses-m1-d11-y2023-ant5-0-03x-ethanol-40-t217-z25um_ophys.nwb,22,48,624,4.176470588235294,13,14.615916955017303,17,84086336,600.0,160.0,0
59b21ed2-50db-4b7f-a12b-7762d332a975,000773,sub-ant1-m4-d6-y2023/sub-ant1-m4-d6-y2023_ses-m4-d6-y2023-ant1-0-48x-4-methyl-3-heptanol-40-t125-z140um_ophys.nwb,22,48,624,4.176470588235294,13,14.615916955017303,17,84086336,580.0,140.0,0
59bfa615-f7a4-4fd5-912c-3c53da710df2,000773,sub-ant4-m1-d18-y2023/sub-ant4-m1-d18-y2023_ses-m1-d18-y2023-ant4-0-48x-4-methyl-3-heptanone-40-t161-z155um_ophys.nwb,22,48,624,4.176470588235294,13,14.615916955017303,17,84086336,600.0,160.0,0
59c134b5-2349-4e0d-9a70-846368b48a1e,000467,sub-ant1-m4-d21-y2022/sub-ant1-m4-d21-y2022_ses-m4-d21-y2022-ant1-0-12x-4-methyl-3-heptanol-40-t140-z160um_ophys.nwb,22,48,624,4.176470588235294,13,14.615916955017303,17,84086336,660.0,160.0,0
59c54833-1393-46b7-a62c-e947b9d304ab,001777,sub-7082/sub-7082_ses-20221129T172655_icephys.nwb,105,294,34380,4.84,85,66.89440000000002,100,41261840,640.0,25.0,1
59c5edc8-4515-41ac-bdc1-993f32209b29,000232,sub-EF0148/sub-EF0148_ses-20190304T141057_behavior+ecephys.nwb,1925,4064,14704912,3.119270833333333,210,202.1060869683159,1920,354573026,24040.0,80.0,0
59c9428f-58fb-4781-b978-3b21f3edbe21,001169,sub-S035/sub-S035_ses-RWTautowait2-20220916-155427.nwb,32,117,3004,5.481481481481482,31,46.397805212620035,27,1161356,80.0,25.0,1
59ce977a-2297-48cb-b012-92e13f3449c1,001455,sub-985736064/sub-985736064_ses-992395825_icephys.nwb,315,1574,693099,6.913461538461538,134,128.0854598126233,312,60227180,860.0,25.0,1
59cf93f8-f3e1-4a28-8755-0fef133c1caf,000483,sub-SKKS097/sub-SKKS097_ses-20210217T114948_behavior+ophys.nwb,33,58,718,3.357142857142857,13,9.443877551020407,28,6560166897,2400.0,25.0,1
59d5d9d6-4769-4af9-8b19-04528bc15a6b,001281,sub-220512/sub-220512_ses-2205121si-6-1-2_icephys.nwb,110,440,54032,6.076190476190476,44,32.2227664399093,105,35728248,11220.0,140.0,0
59d9a4fa-b14e-4f89-b7f7-14002f7bf11d,000971,sub-229-431/sub-229-431_ses-Opto-DMS-Inhibitory-EYFP-2021-01-05T12-39-12_ogen.nwb,30,56,755,3.44,15,15.3664,25,241776,60.0,25.0,1
59dc55b8-193d-4ad3-9cff-1d9133bad8db,000711,sub-563234/sub-563234_ses-20210604T090522_obj-6felo2_image+ophys.nwb,78,229,9548,4.342465753424658,24,25.896415837868265,73,264180077,580.0,25.0,1
59e44657-9316-4817-97cd-3eff6c8b0f3a,000336,sub-647715/sub-647715_ses-1242287850-acq-1242432610-denoised-movies_ophys.nwb,64,264,14677,5.661016949152542,30,41.07153116920425,59,39400971554,1720.0,25.0,1
59e78f9e-e415-4009-86fe-86509e32b47b,001455,sub-1037942222/sub-1037942222_ses-1039862871_icephys.nwb,167,694,107597,5.969512195121951,59,50.944192444973254,164,22122807,860.0,25.0,1
59f3b9c7-3edb-4ac8-943b-c156f11d1205,001169,sub-G072/sub-G072_ses-RWTautowait2-20220630-154111.nwb,32,117,3004,5.481481481481482,31,46.397805212620035,27,1049212,80.0,25.0,1
5a006528-5908-490c-9642-581a4ba3a596,000020,sub-658360552/sub-658360552_ses-659550598_icephys.nwb,113,412,29365,5.318181818181818,36,29.762396694214882,110,13733671,20120.0,420.0,0
5a00d37c-8ddf-4fcc-be05-07ad1ff93d5d,001169,sub-S034/sub-S034_ses-RWTautowait2-20220105-133734.nwb,32,117,3004,5.481481481481482,31,46.397805212620035,27,974660,60.0,25.0,1
5a0b50f4-6565-4238-9796-7ce492fa76c7,000773,sub-ant4-m1-d18-y2023/sub-ant4-m1-d18-y2023_ses-m1-d18-y2023-ant4-0-48x-isopropanol-40-t155-z100um_ophys.nwb,22,48,624,4.176470588235294,13,14.615916955017303,17,84086336,580.0,140.0,0
5a115f03-fecb-46ff-8e1d-f28a89c4f45f,000971,sub-260-478/sub-260-478_ses-Opto-DMS-Inhibitory-NpHRScrambled-2021-10-11T14-09-38_behavior+ogen.nwb,31,57,739,3.2962962962962963,14,13.393689986282581,27,250752,60.0,25.0,1
5a1a1536-f55e-42bf-9a40-8908eddeae5f,000467,sub-ant3-m4-d21-y2022/sub-ant3-m4-d21-y2022_ses-m4-d21-y2022-ant3-0-12x-6-methyl-5-hepten-2-one-40-t147-z75um_ophys.nwb,22,48,624,4.176470588235294,13,14.615916955017303,17,84086336,640.0,160.0,0
5a208e28-4455-443e-86f2-6d4e4c7dd23e,001634,sub-Frodo/sub-Frodo_ses-1_obj-7l7kf3_ecephys.nwb,253,64,23788,3.0526315789473686,38,25.681440443213305,114,617864,740.0,140.0,0
5a248633-caec-4718-acac-2a60ad22eb5f,000711,sub-435431/sub-435431_ses-20190509T125316_image.nwb,50,156,5473,4.478260869565218,24,34.72778827977316,46,196039714,540.0,25.0,1
5a28eb8d-dc4a-4fd9-93a1-38faf3f6d919,000467,sub-ant2-m4-d20-y2022/sub-ant2-m4-d20-y2022_ses-m4-d20-y2022-ant2-0-12x-4-methyl-3-heptanone-40-t160-z160um_ophys.nwb,22,48,624,4.176470588235294,13,14.615916955017303,17,84086336,640.0,160.0,0
5a2bf634-a985-421d-afe0-7033c4925225,001169,sub-M042/sub-M042_ses-RWTautowait2-20221018-135144.nwb,32,117,3057,5.481481481481482,32,48.397805212620035,27,1460274,60.0,25.0,1
5a3096fa-8527-43d4-a308-761b134b1786,000711,sub-489066/sub-489066_ses-20191106T134215_image.nwb,48,119,2682,3.7954545454545454,26,27.571797520661153,44,66797959,160.0,25.0,1
5a38a479-a749-4e2e-bfb3-0814e2b53c3b,001169,sub-G045/sub-G045_ses-RWTautowait2-20220104-162959.nwb,32,117,3004,5.481481481481482,31,46.397805212620035,27,987983,80.0,25.0,1
5a3baae3-3a31-4d72-bb38-824c1f9ea66c,000773,sub-ant5-m4-d6-y2023/sub-ant5-m4-d6-y2023_ses-m4-d6-y2023-ant5-0-48x-4-methyl-3-heptanol-40-t180-z105um_ophys.nwb,22,48,624,4.176470588235294,13,14.615916955017303,17,84086336,560.0,140.0,0
5a41b7f8-50f6-49db-9da1-19232073b9f3,000467,sub-ant3-m4-d27-y2022/sub-ant3-m4-d27-y2022_ses-m4-d27-y2022-ant3-0-12x-4-methyl-3-heptanol-40-t151-z140um_ophys.nwb,22,48,624,4.176470588235294,13,14.615916955017303,17,84086336,460.0,120.0,0
5a465a52-3b2b-4c8f-954f-57ae7f0fa7c7,000467,sub-ant4-m4-d20-y2022/sub-ant4-m4-d20-y2022_ses-m4-d20-y2022-ant4-0-03x-4-methyl-3-heptanol-40-t209-z130um_ophys.nwb,22,48,624,4.176470588235294,13,14.615916955017303,17,84086336,660.0,160.0,0
5a49341c-049b-4dbd-842f-0c2a6c60b875,001065,sub-QN23-26-012/sub-QN23-26-012_ses-20230523T223011_icephys.nwb,449,2245,1528946,6.9932584269662925,209,197.08984219164233,445,45780673,900.0,60.0,0
5a4e2795-d641-4f28-90cd-4915043c8be0,000773,sub-ant4-m4-d6-y2023/sub-ant4-m4-d6-y2023_ses-m4-d6-y2023-ant4-0-48x-ethylpyrazine-40-t171-z35um_ophys.nwb,22,48,624,4.176470588235294,13,14.615916955017303,17,84086336,580.0,140.0,0
5a50d343-d93e-46fc-acf2-ab309397d59e,000488,sub-440299/sub-440299_ses-833016683_behavior+image+ophys.nwb,110,2188,5879857,22.066037735849058,901,12293.174884300466,106,1600722220,87200.0,180.0,0
5a51820e-8329-4f8f-873a-063fdfb928e0,001051,sub-614608/sub-614608_ses-None_probe-595_ecephys.nwb,36,62,1087,3.3,14,12.343333333333334,30,2873136848,1120.0,25.0,1
5a5195e2-f86e-4eea-b747-4d4e1f6e142b,000773,sub-ant2-m1-d17-y2023/sub-ant2-m1-d17-y2023_ses-m1-d17-y2023-ant2-0-03x-3-hexanone-40-t159-z95um_ophys.nwb,22,48,624,4.176470588235294,13,14.615916955017303,17,84086336,600.0,160.0,0
5a59fe8f-0a9d-4f33-9d9f-eeb331182ea6,001169,sub-G081/sub-G081_ses-RWTautowait2-20220916-135703.nwb,32,117,3004,5.481481481481482,31,46.397805212620035,27,887825,100.0,25.0,1
5a5ae765-6b06-4434-ab9f-54a6bdf731c9,001200,sub-BH585/sub-BH585_ses-20240914T002000_ecephys+ogen.nwb,29,53,741,4.15,14,15.827499999999997,20,348824,80.0,25.0,1
5a5ba4d3-bc2e-4a0f-a9e9-341b80c0af4e,000467,sub-ant1-m4-d27-y2022/sub-ant1-m4-d27-y2022_ses-m4-d27-y2022-ant1-1x-paraffin-oil-40-t122-z0um_ophys.nwb,22,48,624,4.176470588235294,13,14.615916955017303,17,84086336,460.0,120.0,0
5a601031-7e49-43a1-801d-976e31490f5d,001169,sub-G039/sub-G039_ses-RWTautowait2-20210819-115449.nwb,32,117,3004,5.481481481481482,31,46.397805212620035,27,814573,80.0,25.0,1
5a67713e-fb5e-4c20-a243-b452acff328f,000971,sub-115-273/sub-115-273_ses-FP-PS-2019-06-27T12-04-52_behavior.nwb,26,52,651,3.5,13,13.886363636363637,22,236016,60.0,25.0,1
5a6f1998-0739-4b00-95f7-9ffa38b8c630,001837,sub-G4-5/sub-G4-5_obj-1nmp7m1_ecephys.nwb,22,45,579,3.9411764705882355,13,12.643598615916957,17,198444,25.0,25.0,1
5a786b25-916d-4886-b4fe-834ceb41cb0f,001169,sub-M039/sub-M039_ses-RWTautowait2-20210602-155715.nwb,32,116,2974,5.444444444444445,31,46.46913580246915,27,1235960,80.0,25.0,1
5a7bd117-6375-480c-96e4-1682db08819c,000467,sub-ant2-m4-d21-y2022/sub-ant2-m4-d21-y2022_ses-m4-d21-y2022-ant2-1x-isopropanol-40-t158-z160um_ophys.nwb,22,48,624,4.176470588235294,13,14.615916955017303,17,84086336,640.0,160.0,0
5a7dac74-de49-4e52-967d-b5d0f9b7d8a3,000246,sub-PHP-V14-H11/sub-PHP-V14-H11_obj-1or8xi9_ophys.nwb,31,41,560,3.8421052631578947,13,14.027700831024932,19,8564888,25.0,25.0,1
5a818637-af27-4277-bde4-cbb976d19d0c,001510,sub-LG445/sub-LG445_ses-LG445-20250328_obj-stmaem_ophys.nwb,33,90,1895,4.482758620689655,20,17.42211652794293,29,126529973,200.0,25.0,1
5a90700b-860e-4623-a384-4aceaa19b0a8,001266,sub-231405PP071-cre-30x-P17-Cell1-D4+soma/sub-231405PP071-cre-30x-P17-Cell1-D4+soma_ses-20220623T231405_image.nwb,28,42,516,4.3125,13,16.33984375,16,1714455523,7580.0,25.0,1
5a920fc6-589f-409a-822c-b0be82d94050,000971,sub-78-214/sub-78-214_ses-FP-PS-2018-10-15T14-48-42_behavior.nwb,27,53,661,3.4347826086956523,13,13.637051039697546,23,237712,60.0,25.0,1
5a94861f-dddb-4589-9d32-3536ff97e4d4,001550,sub-P124/sub-P124_ses-TaskSwitch4-171203a.nwb,35,112,2625,4.709677419354839,38,47.36732570239335,31,1104878,100.0,25.0,1
5a9af71d-6e19-43d1-87cf-7014ea0432df,001517,sub-CHO-20250122-c2/sub-CHO-20250122-c2_obj-bhbbcy_image.nwb,17,38,431,4.153846153846154,13,13.668639053254442,13,36685597,80.0,25.0,1
5a9c98ab-c7bd-4e0a-bb53-545adf0951bc,000773,sub-ant2-m1-d20-y2023/sub-ant2-m1-d20-y2023_ses-m1-d20-y2023-ant2-0-48x-4-methyl-3-heptanone-40-t157-z80um_ophys.nwb,22,48,624,4.176470588235294,13,14.615916955017303,17,84086336,580.0,140.0,0
5aa5bf6d-717c-42af-a71d-eec1b5185133,000773,sub-ant4-m1-d20-y2023/sub-ant4-m1-d20-y2023_ses-m1-d20-y2023-ant4-0-48x-isopropanol-40-t187-z60um_ophys.nwb,22,48,624,4.176470588235294,13,14.615916955017303,17,84086336,600.0,160.0,0
5ac107f7-2e97-40b3-a0a1-4d125982e5b5,000773,sub-ant4-m1-d11-y2023/sub-ant4-m1-d11-y2023_ses-m1-d11-y2023-ant4-0-03x-4-methyl-3-heptanol-40-t199-z155um_ophys.nwb,22,48,624,4.176470588235294,13,14.615916955017303,17,84086336,600.0,160.0,0
5ac75414-b1ed-415b-954e-d08a1c551aae,001634,sub-Bilbo/sub-Bilbo_ses-5_obj-s1shrl_behavior+ecephys.nwb,257,72,23393,3.0,36,23.583333333333332,120,3336000,80.0,25.0,1
5aceeef6-1207-418f-97da-efae0c2e608b,000239,sub-MX210203/sub-MX210203_ses-20210226T173552_behavior.nwb,1177,2355,5749168,3.010230179028133,192,184.05445629825368,1173,8786927,640.0,60.0,0
5ad5cc9c-02b7-46d3-bc45-284d97c1459d,000773,sub-ant1-m2-d24-y2023/sub-ant1-m2-d24-y2023_ses-m2-d24-y2023-ant1-0-48x-ethanol-40-t125-z95um_ophys.nwb,22,48,624,4.176470588235294,13,14.615916955017303,17,84086336,580.0,140.0,0
5adf9af6-e10e-4cd1-96d6-65fefdded251,001169,sub-S024/sub-S024_ses-RWTautowait2-20210513-154222.nwb,32,117,3004,5.481481481481482,31,46.397805212620035,27,1505174,100.0,25.0,1
5ae053dc-3d34-41c4-ad3d-9b81af2e9940,000952,sub-163/sub-163_ses-20201006.nwb,18,33,385,3.5714285714285716,13,12.959183673469388,14,507696932,260.0,25.0,1
5ae64103-522c-44e6-bedd-a15b752f42fd,000773,sub-ant2-m1-d17-y2023/sub-ant2-m1-d17-y2023_ses-m1-d17-y2023-ant2-0-03x-4-methyl-3-heptanol-40-t175-z50um_ophys.nwb,22,48,624,4.176470588235294,13,14.615916955017303,17,84086336,600.0,160.0,0
5ae6f47f-9afd-4992-b101-c223c2eaffb3,000341,"In_vitro_oscillation_Rat/sub-1807302tm/sub-1807302tm_ses-1807302tm-3-1,2,4-1_icephys.nwb",3347,13758,63775878,6.11310592459605,2077,1747.1332273969194,3342,2865379940,24920.0,25.0,1
5ae8bf77-21d9-41dc-9a64-a4132097a2cc,001550,sub-P127/sub-P127_ses-TaskSwitch4-171118a.nwb,35,112,2625,4.709677419354839,38,47.36732570239335,31,697246,25.0,25.0,1
5ae8e084-ab50-46c1-bbe8-dde837121584,000951,sub-LC31-fly12/sub-LC31-fly12_ses-(-LC31-fly12-210701-1503--).nwb,18,33,433,3.8461538461538463,13,13.822485207100591,13,187360,420.0,160.0,0
5af727a3-4de8-49b2-ae20-8f2919e0a3c6,001872,sub-sample-well003/sub-sample-well003_ses-20260622T175109_ecephys.nwb,26,46,634,3.65,13,11.327500000000002,20,794031296,120.0,25.0,1
5afc8bb0-bb15-4980-bfee-8484d71a5b12,000054,sub-R3/sub-R3_ses-testing-day12_behavior+ophys.nwb,50,85,2236,3.111111111111111,13,8.94320987654321,45,777030128,600.0,25.0,1
5b012a10-de8a-4f56-b477-e98cf8c8201a,000467,sub-ant1-m4-d27-y2022/sub-ant1-m4-d27-y2022_ses-m4-d27-y2022-ant1-0-12x-4-methyl-3-heptanone-40-t152-z25um_ophys.nwb,22,48,624,4.176470588235294,13,14.615916955017303,17,84086336,460.0,120.0,0
5b0520ff-54e5-47dd-80cd-f52a1da58b21,001676,sub-A0667/sub-A0667_ses-20230223T093235_behavior+ophys.nwb,35,66,895,3.433333333333333,13,10.245555555555557,30,89248312,220.0,25.0,1
5b15d3b9-6035-4a7b-837c-af02e1cdbe0c,001836,sub-eliot/sub-eliot_ses-eliot-20221020_obj-ktdmr8.nwb,71,84,1949,3.206896551724138,33,30.370986920332943,58,670024,25.0,25.0,1
5b15d9aa-4ac1-4acb-9140-a038cd34b099,000871,sub-644972/sub-644972_ses-1238698227-acq-1238864971_image+ophys.nwb,78,420,48024,6.77027027027027,30,49.66344046749452,74,4008767279,4160.0,25.0,1
5b193abb-78d4-4635-8729-17f9c647d9d7,000467,sub-ant1-m4-d27-y2022/sub-ant1-m4-d27-y2022_ses-m4-d27-y2022-ant1-0-12x-4-methyl-3-heptanone-40-t146-z55um_ophys.nwb,22,48,624,4.176470588235294,13,14.615916955017303,17,84086336,480.0,120.0,0
5b1affb1-a6d4-4168-9e57-fb5801fbe726,000959,sub-L/sub-L_ses-20190722_obj-1td1aqm_behavior.nwb,41,275,26986,8.513513513513514,16,33.330898466033595,37,17573480,340.0,60.0,0
5b1b6b73-2d2c-40fc-a9f4-815ece92e46c,000713,sub-546503/sub-546503_ses-20201207T124156_image.nwb,48,115,2402,3.7045454545454546,23,23.889979338842977,44,191404709,240.0,25.0,1
5b1b8b24-57d3-40b5-9336-dac1bd760195,001607,sub-Frodo/sub-Frodo_ses-5_obj-1w12mnv_ecephys.nwb,256,79,23510,3.0756302521008405,36,24.08671703975707,119,4176432,80.0,25.0,1
5b21f71e-c8df-4977-a16a-9f09748202eb,001169,sub-J038/sub-J038_ses-RWTautowait2-20220822-110934.nwb,32,117,3004,5.481481481481482,31,46.397805212620035,27,910122,60.0,25.0,1
5b23b0c9-8820-4d80-ba86-bda05f587da9,000620,sub-Perle/sub-Perle_ses-2022-06-11_behavior+task.nwb,26,73,1194,4.454545454545454,23,26.247933884297524,22,151975114,580.0,80.0,0
5b32a8fa-78c2-4846-aacf-a0d0de9ba83e,000711,sub-563231/sub-563231_ses-20210526T122049_obj-13kwhxk_image+ophys.nwb,73,223,9181,4.5,24,27.25,68,242724341,620.0,25.0,1
5b38e046-3c5c-4c82-b15a-3eb716765d7e,000467,sub-ant1-m10-d6-y2022/sub-ant1-m10-d6-y2022_ses-m10-d6-y2022-ant1-0-48x-ethylpyrazine-40-t146-z45um_ophys.nwb,22,48,624,4.176470588235294,13,14.615916955017303,17,84086336,680.0,180.0,0
5b3f8ebd-24c9-4589-b2d6-4b87384cc6e2,000773,sub-ant3-m1-d10-y2023/sub-ant3-m1-d10-y2023_ses-m1-d10-y2023-ant3-0-48x-4-methyl-3-heptanone-40-t130-z10um_ophys.nwb,22,48,624,4.176470588235294,13,14.615916955017303,17,84086336,620.0,160.0,0
5b430c78-6958-4189-addd-291a88ff92cb,001626,sub-1431907338/sub-1431907338_ses-1432238305_icephys.nwb,305,1237,388672,5.894039735099338,119,97.83645454146748,302,66313136,1860.0,80.0,0
5b4975c0-28c5-4ece-9d69-cb9a76331374,001550,sub-P049/sub-P049_ses-TaskSwitch4-160717a.nwb,35,112,2625,4.709677419354839,38,47.36732570239335,31,834804,80.0,25.0,1
5b49a79d-5953-46a7-ae37-b9e979a2813a,000341,"Human_persistent_RAF/sub-160909/sub-160909_ses-1609091rm-6-2,43-3_icephys.nwb",2180,9755,31464212,6.479540229885058,1079,1061.070730823094,2175,265240668,112860.0,180.0,0
5b4bedaa-284e-4825-b02f-dc471459b252,001181,sub-m1636/sub-m1636_ses-20221010T155525Z_photometry.nwb,18,54,762,5.461538461538462,19,29.940828402366858,13,205632,25.0,25.0,1
5b67c32a-dbbc-4807-ab24-bf6442cad066,001550,sub-P101/sub-P101_ses-TaskSwitch4-170501a.nwb,35,111,2551,4.67741935483871,37,45.25078043704474,31,1127702,80.0,25.0,1
5b6bf89f-1c19-445e-b203-2ad5f9624b57,001634,sub-Bilbo/sub-Bilbo_ses-5_obj-1wuvlbj_ecephys.nwb,252,77,23272,3.130434782608696,36,25.296030245746696,115,906992,40.0,25.0,1
5b6c1547-5d34-4af3-aa01-aaaadcde9de5,000617,sub-688425/sub-688425_ses-1308195602-acq-1308315685_ophys.nwb,56,170,5053,4.346153846153846,17,21.034023668639048,52,556355464,1020.0,25.0,1
5b718728-9a18-40dd-aa6b-289bc113f97c,000467,sub-ant2-m4-d20-y2022/sub-ant2-m4-d20-y2022_ses-m4-d20-y2022-ant2-1x-isopropanol-40-t128-z55um_ophys.nwb,22,48,624,4.176470588235294,13,14.615916955017303,17,84086336,660.0,160.0,0
5b7d44b6-2d2b-44d2-af14-380b52dd3271,001169,sub-M050/sub-M050_ses-RWTautowait2-20230526-111955.nwb,32,117,3057,5.481481481481482,32,48.397805212620035,27,1321634,80.0,25.0,1
5b875685-5036-4b3c-a0d9-018f6a192d38,001550,sub-P189/sub-P189_ses-TaskSwitch6-210303a.nwb,33,111,2646,4.931034482758621,39,52.064209274673004,29,960483,25.0,25.0,1
5b8b1d1f-e764-4f7f-8bcc-4a01ff232436,000467,sub-ant3-m10-d11-y2022/sub-ant3-m10-d11-y2022_ses-m10-d11-y2022-ant3-0-48x-isopropanol-40-t177-z60um_ophys.nwb,22,48,624,4.176470588235294,13,14.615916955017303,17,84086336,660.0,160.0,0
5b8ba361-f2a7-4757-9f3e-4de09b6cb0e2,000467,sub-ant2-m4-d26-y2022/sub-ant2-m4-d26-y2022_ses-m4-d26-y2022-ant2-0-48x-4-methyl-3-hexanol-40-t178-z115um_ophys.nwb,22,48,624,4.176470588235294,13,14.615916955017303,17,84086336,640.0,160.0,0
5b973f11-017c-445e-88f1-f4c96e4344dc,000467,sub-ant5-m4-d26-y2022/sub-ant5-m4-d26-y2022_ses-m4-d26-y2022-ant5-0-48x-4-methyl-3-heptanol-40-t293-z105um_ophys.nwb,22,48,624,4.176470588235294,13,14.615916955017303,17,84086336,500.0,120.0,0
5b9ce762-3aa9-4782-9680-e32d79bc3f11,001678,sub-2023-08-01/sub-2023-08-01_ses-20230801T123418_ecephys.nwb,25,47,524,3.6,13,9.340000000000002,20,4140057427,760.0,25.0,1
5ba42c8a-620a-420d-8517-761441a59fa6,000959,sub-L/sub-L_ses-20190807_obj-1jdqft5_behavior.nwb,41,275,26986,8.513513513513514,16,33.330898466033595,37,17597616,320.0,60.0,0
5ba906fd-408e-424f-93f3-ccc176bb272e,000932,sub-Rat3/sub-Rat3_ses-20220609T150254_ecephys.nwb,31,52,761,3.4615384615384617,13,13.556213017751478,26,604721319,460.0,25.0,1
5bb5307d-613c-4644-89ea-7e0f926a262d,001847,sub-PB185/sub-PB185_ses-PB185-20240815-100731_behavior+image.nwb,30,114,2920,5.5,36,55.78846153846154,26,6419800,25.0,25.0,1
5bb5ed9f-8b9b-4fb0-bfb9-b769d0892d02,001550,sub-P055/sub-P055_ses-TaskSwitch4-180405a.nwb,35,112,2625,4.709677419354839,38,47.36732570239335,31,1381207,25.0,25.0,1
5bc0ad5e-ba50-49f9-b2ce-2c50e178ba44,001550,sub-P059/sub-P059_ses-TaskSwitch4-170203a.nwb,35,112,2625,4.709677419354839,38,47.36732570239335,31,771385,60.0,25.0,1
5bc42aed-432b-4f10-ba9f-1c7376d344de,001336,sub-BO14/sub-BO14_ses-BO14-W5D1-062524-30uA_ecephys.nwb,32,53,580,3.1785714285714284,13,8.932397959183673,28,3689063320,3440.0,160.0,0
5bc4bdf5-7055-4ec1-a92d-18d008d2c6d6,000713,sub-548721/sub-548721_ses-20210122T084517_image.nwb,48,115,2402,3.7045454545454546,23,23.889979338842977,44,191389001,220.0,25.0,1
5bc64e21-92cc-46a1-a58d-5c6b78d6bbd0,000711,sub-453991/sub-453991_ses-20190916T123021_obj-51t2o7_image+ophys.nwb,75,225,9298,4.428571428571429,24,26.73061224489796,70,280770256,460.0,25.0,1
5bc92db3-b4e4-4cc7-b172-661849473c95,000728,sub-650072699/sub-650072699_ses-659491419-StimA_ophys.nwb,23,48,605,4.055555555555555,13,13.163580246913579,18,38153939028,15140.0,25.0,1
